Rank,Tier,Operator,Skill,Module,Score,Phys DPS,Arts DPS,True DPS,Ele DPS,Wave TTC,Boss TTC,HPS,EHP Phys,Support Value
1,OP,Pramanix the Prerita,群山俯首,No Module,1125.67,0.00,1411200.00,0.00,0.00,75.39,66.02,0.00,4116.00,10.00
2,OP,Pramanix the Prerita,群山俯首,PLX-Y: 千分之一的心,1125.67,0.00,1411200.00,0.00,0.00,75.39,66.02,0.00,4116.00,10.00
3,OP,Exusiai the New Covenant,使命必达！,GEE-X: 新朋友圣城生活套组,909.76,783012.77,0.00,0.00,0.00,91.23,94.35,0.00,4554.80,975.00
4,OP,Makoto Yuki,开辟明日的剑刃,PUM-Y: 彼此的声音,840.85,1562850.98,0.00,0.00,0.00,54.33,24.49,0.00,3109.00,446.67
5,OP,Nearl the Radiant Knight,逐夜烁光,DRE-Y: 'A Knightly House',813.83,2186533.61,0.00,0.00,0.00,121.62,37.23,0.00,8520.00,48.99
6,OP,Exusiai the New Covenant,开火成瘾症,GEE-X: 新朋友圣城生活套组,792.87,1134321.56,0.00,0.00,0.00,167.62,51.45,0.00,4554.80,975.00
7,OP,Makoto Yuki,俄耳甫斯的竖琴,PUM-Y: 彼此的声音,778.22,2145367.20,0.00,0.00,0.00,99.43,27.35,0.00,3109.00,66.67
8,OP,Exusiai the New Covenant,使命必达！,No Module,645.65,565769.90,0.00,0.00,0.00,110.59,181.71,0.00,2279.00,975.00
9,OP,Makoto Yuki,开辟明日的剑刃,No Module,618.55,1215614.35,0.00,0.00,0.00,57.43,27.52,0.00,2805.00,433.33
10,OP,Ifrit,灼地,BLA-D: “热成形记忆”,600.35,0.00,84988.97,0.00,0.00,671.29,843.93,0.00,1917.60,2160.00
11,OP,Lappland the Decadenza,终幕·浩劫,FUN-X: 狼时,593.75,0.00,708437.33,0.00,0.00,242.53,68.58,0.00,1663.00,28.74
12,OP,Lappland the Decadenza,终幕·浩劫,No Module,593.22,0.00,708437.33,0.00,0.00,242.53,68.58,0.00,1503.00,28.74
13,OP,Wiš'adel,爆裂黎明,BOM-X: 'Ancestor Launcher',564.30,830861.56,0.00,0.00,0.00,113.88,145.57,0.00,1888.00,1.84
14,OP,Makoto Yuki,俄耳甫斯的竖琴,No Module,546.78,1671252.00,0.00,0.00,0.00,115.30,31.19,0.00,2805.00,53.33
15,OP,Exusiai the New Covenant,开火成瘾症,No Module,539.71,768182.12,0.00,0.00,0.00,240.04,74.86,0.00,2279.00,975.00
16,OP,Necrass,冠死以冕,SOC-X: 未处理的遗产,515.26,0.00,803113.89,0.00,0.00,135.31,149.14,0.00,7646.40,643.00
17,OP,Wiš'adel,爆裂黎明,No Module,496.98,764506.06,0.00,0.00,0.00,118.90,164.84,0.00,1888.00,1.84
18,OP,Pozëmka,锐笔速写,ARC-X: 仪式感,492.94,644276.64,0.00,0.00,0.00,429.06,96.21,0.00,1802.00,975.00
19,OP,Ray,“得见光芒”,HUN-Y: 证明什么？,483.44,1285606.44,0.00,0.00,0.00,188.92,53.27,0.00,2133.00,0.00
20,OP,Eyjafjalla the Hvít Aska,火山回响,WDM-Y: 想要留下的生命,480.39,0.00,0.00,0.00,0.00,1800.00,1800.00,417458.69,2014.60,600.00
21,OP,Blaze the Igniting Spark,众恶的焚场,PRI-Y: 沟通小助手,463.94,0.00,0.00,0.00,1239000.00,62.00,32.98,0.00,3576.96,49.35
22,OP,Wang,天下劫,TRP-X: 兽形棋盒,459.70,67678.63,1095426.85,0.00,0.00,78.36,56.69,0.00,1630.00,0.00
23,OP,Angelina the Mellow Wish,酸橙的心事,No Module,452.35,572125.89,42283.52,0.00,0.00,141.38,123.59,0.00,12265.71,559.00
24,OP,Ifrit,狂热,BLA-D: “热成形记忆”,448.72,0.00,100897.31,0.00,0.00,545.71,725.01,0.00,1880.00,1760.00
25,OP,Eyjafjalla the Hvít Aska,火山回响,WDM-X: 想要留住的声音,448.43,0.00,0.00,0.00,0.00,1800.00,1800.00,388372.44,2368.50,600.00
26,OP,Ifrit,RAW,BLA-D: “热成形记忆”,448.04,0.00,72762.48,0.00,0.00,810.88,1018.54,0.00,1880.00,1760.00
27,OP,Pramanix the Prerita,霜涛覆岭,PLX-Y: 千分之一的心,437.04,0.00,953379.72,0.00,0.00,90.70,93.80,0.00,4116.00,35.00
28,OP,Ch'en the Dawnstreak,赤霄·绝影-驰,AFT-X: 记忆残页,428.76,0.00,1428371.86,0.00,0.00,169.41,56.22,0.00,3330.00,69.23
29,OP,Ifrit,炎爆,BLA-D: “热成形记忆”,427.63,0.00,27523.20,0.00,0.00,517.50,691.07,0.00,1880.00,1760.00
30,OP,Blaze the Igniting Spark,众恶的焚场,PRI-X: 热切的期盼,426.74,0.00,0.00,0.00,1158000.00,64.24,34.56,0.00,2887.16,49.35
31,OP,Blaze the Igniting Spark,众恶的焚场,No Module,425.14,0.00,0.00,0.00,1158000.00,64.24,34.56,0.00,2496.42,49.35
32,OP,Ulpianus,必须开辟的通路,CRU-X: 乌尔比安的衣橱,420.91,409400.64,0.00,0.00,0.00,108.69,87.77,0.00,24000.00,73.49
33,OP,Nearl the Radiant Knight,逐夜烁光,DRE-X: Blade of Blazing Sun,416.27,1392164.55,0.00,0.00,0.00,127.27,35.39,0.00,3880.00,36.75
34,OP,Eyjafjalla the Hvít Aska,火山回响,No Module,413.78,0.00,0.00,0.00,0.00,1800.00,1800.00,359380.16,2014.60,600.00
35,OP,Pramanix the Prerita,霜涛覆岭,No Module,390.59,0.00,874890.72,0.00,0.00,94.93,107.17,0.00,4116.00,35.00
36,OP,Blaze the Igniting Spark,沸血燎原,PRI-Y: 沟通小助手,383.68,0.00,120296.30,0.00,1002462.96,120.46,58.75,0.00,3732.48,61.24
37,OP,Ch'en the Dawnstreak,赤霄·绝影-驰,No Module,375.14,0.00,1302624.53,0.00,0.00,186.39,60.20,0.00,2910.00,69.23
38,OP,Ulpianus,必须开辟的通路,No Module,368.67,378949.44,0.00,0.00,0.00,113.88,94.66,0.00,24000.00,73.49
39,OP,Mon3tr,策略：熔毁,XAH-X: 记忆存档,365.19,0.00,0.00,461433.07,0.00,347.45,262.54,348747.10,6735.00,126.00
40,OP,Blaze the Igniting Spark,沸血燎原,PRI-X: 热切的期盼,361.56,0.00,101688.89,0.00,926288.89,131.73,61.45,0.00,2995.70,61.24
41,OP,Blaze the Igniting Spark,沸血燎原,No Module,359.93,0.00,101688.89,0.00,926288.89,131.73,61.45,0.00,2604.96,61.24
42,OP,Necrass,噩愿,SOC-X: 未处理的遗产,355.58,0.00,598859.28,0.00,0.00,217.76,219.47,0.00,5522.40,675.00
43,OP,Necrass,冠死以冕,No Module,342.98,0.00,530003.30,0.00,0.00,192.41,249.47,0.00,6926.40,643.00
44,OP,Exusiai the New Covenant,天空大扫除,GEE-X: 新朋友圣城生活套组,340.27,525168.58,0.00,0.00,0.00,520.23,234.48,0.00,4554.80,975.00
45,OP,Titi,旧日绽放,INC-X: 远方的礼物,336.33,0.00,501705.79,0.00,0.00,260.60,197.05,250852.89,2332.50,217.74
46,OP,Gnosis,失温症,UMD-Y: 一号项目模型,335.92,0.00,561816.69,0.00,0.00,111.50,169.88,0.00,2155.00,100.66
47,OP,Surtr,黄昏,AFT-Y: 旅游必需品,333.57,0.00,817603.30,0.00,0.00,96.40,76.71,0.00,9499.20,0.00
48,OP,Pozëmka,抑扬格,ARC-X: 仪式感,333.44,480656.40,0.00,0.00,0.00,609.40,120.61,0.00,1802.00,975.00
49,OP,Gavial the Invincible,丛林之魂,CEN-Y: 好锯多磨,327.34,380034.75,0.00,0.00,0.00,103.22,315.15,0.00,15530.00,0.00
50,OP,Wang,天下劫,No Module,327.17,38986.67,691585.89,0.00,0.00,82.00,60.94,0.00,1480.00,0.00
51,OP,Gavial the Invincible,丛林之魂,CEN-X: The Binding of Gavial,327.08,443165.45,0.00,0.00,0.00,94.99,221.36,0.00,9318.00,0.00
52,OP,Chongyue,冲盈,FGT-Y: “朔”,318.28,408114.45,0.00,0.00,0.00,703.15,673.52,0.00,3952.50,1050.00
53,OP,Penance,坚心苦修,UNY-X: The Thorny Road That Continues,313.75,242534.43,117787.20,0.00,0.00,349.79,429.62,0.00,19053.12,480.00
54,OP,Ulpianus,必须维系的界限,CRU-X: 乌尔比安的衣橱,312.10,388321.88,0.00,0.00,0.00,317.82,116.23,0.00,24000.00,0.00
55,OP,Wiš'adel,饱和复仇,BOM-X: 'Ancestor Launcher',309.64,646554.71,0.00,0.00,0.00,96.86,128.18,0.00,1888.00,1.84
56,OP,Horn,终极防线,FOR-Y: 旧日新装,309.28,566040.55,0.00,0.00,0.00,104.45,113.97,0.00,4904.00,0.00
57,OP,Yu,厚礼上宾,PRP-X: 人间百味,308.84,280721.25,0.00,0.00,131025.00,180.90,193.93,0.00,17800.00,240.00
58,OP,Chongyue,我无,FGT-Y: “朔”,303.17,268427.79,0.00,0.00,0.00,249.54,1623.95,0.00,3952.50,1050.00
59,OP,Haruka,幽隙栖萤,BLS-Y: 迟来的纪念,302.70,0.00,0.00,0.00,0.00,1800.00,1800.00,405194.12,2995.71,120.00
60,OP,Titi,旧日绽放,No Module,298.74,0.00,457462.18,0.00,0.00,288.81,220.43,228731.09,2107.50,217.74
61,OP,Sakiko Togawa,满月的舞会 (Piano),LOR-Y: 无言的约定,296.62,1097153.77,0.00,0.00,0.00,80.27,43.70,0.00,2356.00,0.00
62,OP,Virtuosa,“自由的探戈”,RIT-Y: 音乐家的旅程,294.64,0.00,23000.00,0.00,670450.00,205.06,68.74,0.00,1873.30,1.33
63,OP,Virtuosa,“自由的探戈”,RIT-X: 强弱法,294.51,0.00,23000.00,0.00,670450.00,205.06,68.74,0.00,1834.30,1.33
64,OP,Penance,披荆斩棘,UNY-X: The Thorny Road That Continues,291.35,483027.38,86377.28,0.00,0.00,772.60,116.04,0.00,11020.00,0.00
65,OP,Ela,“博萨克风暴”,TRP-D: Social Expectation Backpack,289.70,729492.91,0.00,0.00,0.00,272.74,70.62,0.00,1468.00,143.48
66,OP,Chongyue,RAW,FGT-Y: “朔”,287.46,265435.11,0.00,0.00,0.00,1167.44,1800.00,0.00,3952.50,1050.00
67,OP,Hoederer,死境硝烟,CRU-X: 新的生活,287.37,276732.31,0.00,0.00,0.00,317.10,128.35,0.00,15395.22,229.24
68,OP,Nearl the Radiant Knight,逐夜烁光,No Module,282.96,1051345.87,0.00,0.00,0.00,154.43,47.57,0.00,3550.00,36.75
69,OP,Hoederer,死境硝烟,CRU-Y: 笔迹,282.75,293668.86,0.00,0.00,0.00,297.60,120.27,0.00,13342.03,229.24
70,OP,Ela,震荡坚守,TRP-D: Social Expectation Backpack,280.45,632273.38,0.00,0.00,0.00,101.90,124.18,0.00,1468.00,61.24
71,OP,Bellone,清算,FGT-Y: 实用的工具,279.51,631299.87,0.00,0.00,0.00,418.26,116.17,0.00,4282.50,225.00
72,OP,Virtuosa,“自由的探戈”,No Module,278.76,0.00,16000.00,0.00,466400.00,205.06,68.74,0.00,1561.30,1.33
73,OP,Mon3tr,策略：熔毁,No Module,277.99,0.00,0.00,385176.00,0.00,429.14,322.64,268156.81,6735.00,126.00
74,OP,Ifrit,灼地,BLA-X: 'Syntexis',277.85,0.00,86659.38,0.00,0.00,655.42,952.27,0.00,1713.60,1280.00
75,OP,Ray,“得见光芒”,HUN-X: 《跳舞的月光》,276.98,888820.03,0.00,0.00,0.00,281.74,73.43,0.00,2133.00,0.00
76,OP,Nightingale,圣域,RIN-X: 'Closed Hope',275.63,0.00,0.00,0.00,0.00,1800.00,1800.00,204506.53,1705.00,591.67
77,OP,Ifrit,灼地,No Module,274.11,0.00,72621.12,0.00,0.00,812.77,1142.80,0.00,1713.60,1280.00
78,S,Exusiai the New Covenant,天空大扫除,No Module,273.29,373976.54,0.00,0.00,0.00,784.58,415.52,0.00,2279.00,975.00
79,S,Makoto Yuki,塔纳托斯的囚锁,PUM-Y: 彼此的声音,270.67,692294.90,0.00,0.00,0.00,68.06,36.94,0.00,3109.00,70.10
80,S,Ulpianus,必须维系的界限,No Module,270.08,358771.48,0.00,0.00,0.00,353.69,126.56,0.00,24000.00,0.00
81,S,Pramanix,自然震慑,UMD-X: 'Knitting of a Future',265.90,0.00,73160.88,0.00,0.00,1319.00,1442.46,0.00,2499.00,1100.00
82,S,Chongyue,拂尘,FGT-Y: “朔”,264.30,184650.51,0.00,0.00,0.00,949.40,1800.00,0.00,3952.50,1050.00
83,S,Ch'en the Dawnstreak,赤霄·奔夜,AFT-X: 记忆残页,264.08,0.00,893413.87,0.00,0.00,279.99,80.90,0.00,3330.00,0.00
84,S,Necrass,折朽,SOC-X: 未处理的遗产,263.52,0.00,528304.02,0.00,0.00,439.05,251.68,0.00,5522.40,675.00
85,S,Chongyue,冲盈,FGT-X: 'When to Wake Up',263.20,242162.09,0.00,0.00,0.00,854.48,1229.58,0.00,2895.00,1050.00
86,S,Gnosis,失温症,UMD-X: 'Vow',262.58,0.00,391805.18,0.00,0.00,145.79,264.57,0.00,2180.00,105.66
87,S,Mantra,意识联协,PRI-X: 中枢神经探测模块,259.29,0.00,0.00,0.00,736000.00,232.40,49.78,0.00,1573.00,0.00
88,S,Mantra,意识联协,No Module,258.85,0.00,0.00,0.00,736000.00,232.40,49.78,0.00,1428.00,0.00
89,S,Yu,厚礼上宾,No Module,257.58,243523.12,0.00,0.00,131025.00,194.92,231.89,0.00,14855.66,240.00
90,S,Chongyue,RAW,FGT-X: 'When to Wake Up',256.13,155571.79,0.00,0.00,0.00,1412.55,1800.00,0.00,2895.00,1050.00
91,S,Yu,灶里乾坤,PRP-X: 人间百味,255.96,159590.62,0.00,0.00,217406.25,1060.11,242.15,0.00,1714.29,537.00
92,S,Nymph,心防溃决,PRI-Y: 烦恼问诊匣,255.93,0.00,0.00,0.00,686933.33,188.55,68.57,0.00,1820.00,0.00
93,S,Chongyue,冲盈,No Module,255.88,217587.31,0.00,0.00,0.00,968.24,1800.00,0.00,2635.00,1050.00
94,S,Exusiai the New Covenant,RAW,GEE-X: 新朋友圣城生活套组,253.44,256662.13,0.00,0.00,0.00,1212.33,1800.00,0.00,4554.80,975.00
95,S,Chongyue,RAW,No Module,251.38,137133.33,0.00,0.00,0.00,1800.00,1800.00,0.00,2635.00,1050.00
96,S,Tragodia,群体性谵妄,RIT-X: 酒神之心,250.31,0.00,21133.33,0.00,820666.67,72.53,43.78,0.00,1400.00,240.00
97,S,Wiš'adel,饱和复仇,No Module,250.16,558377.57,0.00,0.00,0.00,105.29,168.56,0.00,1888.00,1.84
98,S,Ray,“得见光芒”,No Module,249.68,828787.83,0.00,0.00,0.00,305.45,83.84,0.00,1933.00,0.00
99,S,Blaze,链锯延伸模块,CEN-Y: “稍后回来”,249.19,252635.83,0.00,0.00,0.00,157.30,500.28,0.00,16819.37,0.00
100,S,Penance,坚心苦修,UNY-Y: “无罪”,248.52,129941.49,132018.34,0.00,0.00,719.11,1712.43,0.00,15713.12,480.00
101,S,Texas the Omertosa,剑雨滂沱,EXE-Y: Blueberry & Dark Chocolate,247.84,0.00,553911.09,0.00,0.00,107.01,132.41,0.00,7620.00,24.50
102,S,Saria,钙质化,GUA-X: Unused Boxing Gloves,247.70,38680.25,0.00,0.00,0.00,1800.00,1800.00,140044.82,5250.00,829.00
103,S,Ela,震荡坚守,No Module,247.53,570723.01,0.00,0.00,0.00,107.94,148.28,0.00,1468.00,61.24
104,S,Chongyue,我无,FGT-X: 'When to Wake Up',247.21,127430.93,0.00,0.00,0.00,302.54,1800.00,0.00,2895.00,1050.00
105,S,Nymph,心防溃决,PRI-X: 心声,246.81,0.00,0.00,0.00,601005.33,222.94,69.77,0.00,1800.00,0.00
106,S,Skadi the Corrupting Heart,同归殊途之吟,BAR-Y: 新生代,245.00,0.00,0.00,0.00,0.00,1800.00,1800.00,331657.38,8656.20,0.00
107,S,Surtr,黄昏,AFT-X: 萨米的不灭心脏碎片,242.83,0.00,617490.60,0.00,0.00,113.55,73.83,0.00,9499.20,0.00
108,S,Chongyue,我无,No Module,242.26,113774.80,0.00,0.00,0.00,341.33,1800.00,0.00,2635.00,1050.00
109,S,Gnosis,失温症,No Module,240.80,0.00,348752.40,0.00,0.00,161.62,302.33,0.00,2035.00,100.66
110,S,Necrass,噩愿,No Module,240.61,0.00,383294.16,0.00,0.00,359.04,366.24,0.00,5002.40,675.00
111,S,Pramanix,自然震慑,No Module,238.37,0.00,67741.56,0.00,0.00,1435.90,1560.44,0.00,2247.00,1095.00
112,S,Sakiko Togawa,满月的舞会 (Piano),No Module,237.91,933869.83,0.00,0.00,0.00,86.79,49.47,0.00,2056.00,0.00
113,S,Penance,坚心苦修,No Module,236.64,102948.00,111427.20,0.00,0.00,941.02,1800.00,0.00,15713.12,480.00
114,S,Tragodia,群体性谵妄,No Module,235.72,0.00,21133.33,0.00,820666.67,72.53,43.78,0.00,1200.00,120.00
115,S,Yu,灶里乾坤,No Module,235.55,135764.06,0.00,0.00,217406.25,1141.59,266.94,0.00,1714.29,537.00
116,S,Angelina the Mellow Wish,重力自定义,No Module,235.12,460518.73,110778.03,0.00,0.00,132.21,227.75,0.00,4293.00,39.00
117,S,Chongyue,拂尘,FGT-X: 'When to Wake Up',234.13,87509.13,0.00,0.00,0.00,1133.49,1800.00,0.00,2895.00,1050.00
118,S,Istina,专心致志,DEC-Y: Reading Notes,233.65,0.00,86544.17,0.00,0.00,1800.00,861.70,0.00,1440.00,1058.00
119,S,Eyjafjalla the Hvít Aska,无声润物,WDM-X: 想要留住的声音,233.56,0.00,0.00,0.00,0.00,1800.00,1800.00,275590.74,1863.22,216.00
120,S,Istina,RAW,DEC-Y: Reading Notes,232.19,0.00,55834.95,0.00,0.00,1800.00,1435.95,0.00,1440.00,1058.00
121,S,Chongyue,拂尘,No Module,231.01,77137.50,0.00,0.00,0.00,1305.41,1800.00,0.00,2635.00,1050.00
122,S,Hoederer,死境硝烟,No Module,230.75,229328.90,0.00,0.00,0.00,1310.33,598.65,0.00,12506.58,229.24
123,S,Narantuya,旋刃,LPS-Y: “致我们的老大”,230.15,858455.55,0.00,0.00,0.00,293.34,258.32,0.00,2800.00,190.00
124,S,Nightingale,圣域,RIN-Y: “莺歌”,229.26,0.00,0.00,0.00,0.00,1800.00,1800.00,184932.32,1982.75,591.67
125,S,Istina,文学风暴,DEC-Y: Reading Notes,229.20,0.00,69793.68,0.00,0.00,1650.04,1142.21,0.00,1440.00,1058.00
126,S,Nymph,心防溃决,No Module,228.95,0.00,0.00,0.00,415146.67,223.83,70.08,0.00,1650.00,0.00
127,S,Exusiai the New Covenant,RAW,No Module,225.92,183925.11,0.00,0.00,0.00,1747.68,1800.00,0.00,2279.00,975.00
128,S,Ulpianus,必须促成的接触,CRU-X: 乌尔比安的衣橱,222.85,344541.31,0.00,0.00,0.00,375.80,176.96,0.00,24000.00,0.00
129,S,Mantra,无言为真,PRI-X: 中枢神经探测模块,222.75,0.00,125120.00,0.00,347741.07,194.32,75.23,0.00,1573.00,0.00
130,S,Nightingale,圣域,No Module,222.68,0.00,0.00,0.00,0.00,1800.00,1800.00,177102.63,1705.00,591.67
131,S,Necrass,RAW,SOC-X: 未处理的遗产,222.58,0.00,430215.00,0.00,0.00,910.34,321.99,0.00,5522.40,675.00
132,S,Skadi,涌潮悲歌,DRE-Y: Moist Sword Bag,221.98,446333.33,0.00,0.00,0.00,871.93,338.19,0.00,11902.00,0.00
133,S,Mon3tr,策略：超负荷,XAH-X: 记忆存档,220.78,0.00,0.00,0.00,0.00,1800.00,1800.00,311408.73,1735.00,244.80
134,S,Eyjafjalla the Hvít Aska,无声润物,WDM-Y: 想要留下的生命,219.20,0.00,0.00,0.00,0.00,1800.00,1800.00,252385.17,1554.12,216.00
135,S,Pozëmka,点题,ARC-X: 仪式感,219.17,216835.92,0.00,0.00,0.00,1530.92,418.89,0.00,1802.00,975.00
136,S,Blaze,强力击·γ型,CEN-Y: “稍后回来”,218.77,230995.67,0.00,0.00,0.00,167.96,666.87,0.00,16819.37,0.00
137,S,Narantuya,旋刃,LPS-X: “吹尽狂沙”,217.18,819342.80,0.00,0.00,0.00,309.48,314.81,0.00,2500.00,190.00
138,S,Shu,嘉禾盈仓,GUA-X: On Architecture of Time,217.02,103260.42,0.00,0.00,0.00,1800.00,1800.00,243688.40,8725.86,96.00
139,S,Morgan,无畏招架,DRE-X: 'Iron Heart',214.88,171096.18,0.00,0.00,0.00,1800.00,1800.00,0.00,19140.00,0.00
140,S,Pozëmka,RAW,ARC-X: 仪式感,214.55,133650.00,0.00,0.00,0.00,1800.00,856.86,0.00,1802.00,975.00
141,S,Ulpianus,RAW,CRU-X: 乌尔比安的衣橱,214.39,197712.60,0.00,0.00,0.00,729.45,544.87,0.00,24000.00,0.00
142,S,Haze,RAW,CCR-X: The Witch's Hat,212.92,0.00,62300.00,0.00,0.00,1800.00,918.20,0.00,1420.00,1060.00
143,S,Ela,“博萨克风暴”,No Module,212.41,452769.85,0.00,0.00,0.00,309.91,86.97,0.00,1468.00,143.48
144,S,Haze,赤色之瞳,CCR-X: The Witch's Hat,211.39,0.00,62377.88,0.00,0.00,1800.00,500.39,0.00,1065.00,1060.00
145,S,Haze,攻击力强化·β型,CCR-X: The Witch's Hat,211.20,0.00,83066.67,0.00,0.00,1800.00,680.04,0.00,1420.00,1060.00
146,S,Ch'en the Dawnstreak,赤霄·奔夜,No Module,211.17,0.00,767080.49,0.00,0.00,333.49,91.76,0.00,2910.00,0.00
147,S,Texas the Omertosa,阵雨连绵,EXE-Y: Blueberry & Dark Chocolate,209.74,0.00,271983.30,0.00,0.00,195.17,166.98,0.00,7620.00,600.00
148,S,Horn,终极防线,FOR-X: Exemplars,205.10,358361.32,0.00,0.00,0.00,110.47,113.39,0.00,7302.00,0.00
149,S,Civilight Eterna,编织重构现世,BAR-X: 故事的结局,205.02,0.00,0.00,0.00,0.00,1800.00,1800.00,271503.36,4489.41,225.88
150,S,Blaze,RAW,CEN-Y: “稍后回来”,204.90,130525.00,0.00,0.00,0.00,315.17,1800.00,0.00,16819.37,0.00
151,S,Makoto Yuki,塔纳托斯的囚锁,No Module,202.92,536620.50,0.00,0.00,0.00,75.19,44.41,0.00,2805.00,56.76
152,S,Rosmontis,“如你所愿”,BOM-X: 'Notes',202.77,490040.16,0.00,0.00,0.00,135.33,620.26,0.00,2219.00,36.75
153,S,Surtr,黄昏,No Module,201.82,0.00,524885.76,0.00,0.00,125.90,118.22,0.00,9499.20,0.00
154,S,Saria,钙质化,GUA-Y: Technology Rising Star Award,199.55,41578.25,0.00,0.00,0.00,1800.00,1800.00,44187.26,4023.53,829.00
155,S,Mudrock,秽壤的血脉,UNY-X: Spreading Roots of Soil and Stone,199.41,482154.19,0.00,0.00,0.00,180.95,119.64,0.00,3325.71,61.24
156,S,Blaze,沸腾爆裂,CEN-Y: “稍后回来”,198.59,201088.73,0.00,0.00,0.00,222.07,1278.23,0.00,13350.00,0.00
157,S,Jessica the Liberated,饱和迸射,SPT-Y: 未曾风化,196.91,269521.67,0.00,0.00,0.00,155.28,157.03,0.00,1200.00,73.47
158,S,Necrass,折朽,No Module,195.27,0.00,338135.94,0.00,0.00,751.48,415.86,0.00,5002.40,675.00
159,S,Tragodia,空剧场,RIT-X: 酒神之心,194.30,0.00,16000.00,0.00,487600.00,192.68,64.34,0.00,1400.00,200.00
160,S,Morgan,无畏招架,No Module,194.07,124258.00,0.00,0.00,0.00,1800.00,1800.00,0.00,19140.00,0.00
161,S,Ch'en the Dawnstreak,赤霄·天喟,AFT-X: 记忆残页,193.44,0.00,481161.89,0.00,0.00,115.94,102.94,0.00,3529.80,0.00
162,S,Sakiko Togawa,残月的余响,LOR-Y: 无言的约定,192.48,266981.54,201631.02,0.00,0.00,188.74,109.27,0.00,2356.00,0.00
163,S,Saria,钙质化,No Module,192.43,28725.08,0.00,0.00,0.00,1800.00,1800.00,37246.55,3150.00,829.00
164,S,Skadi,跃浪击,DRE-Y: Moist Sword Bag,192.39,646880.00,0.00,0.00,0.00,427.08,98.54,0.00,11221.60,0.00
165,S,Texas the Omertosa,阵雨连绵,EXE-X: “新车和新生活”,192.38,0.00,259622.99,0.00,0.00,204.22,178.84,0.00,5409.23,600.00
166,S,Jessica the Liberated,饱和迸射,SPT-X: This Hero of Mine,190.93,263813.33,0.00,0.00,0.00,158.97,162.46,0.00,1200.00,73.47
167,S,Matoimaru,恶鬼之力,DRE-Y: Bamboo Ikebana,190.68,264126.63,0.00,0.00,0.00,1173.95,376.84,0.00,12130.30,600.00
168,S,Mantra,无言为真,No Module,188.64,0.00,111200.00,0.00,317360.67,217.61,88.75,0.00,1428.00,0.00
169,S,Schwarz,暮眼锐瞳,ARC-Y: Old Razor,188.50,265225.65,0.00,0.00,0.00,1168.48,331.46,0.00,1833.00,675.00
170,S,Penance,披荆斩棘,No Module,188.17,222480.00,81713.28,0.00,0.00,1800.00,310.31,0.00,11680.00,0.00
171,S,Gavial the Invincible,丛林之魂,No Module,187.02,224540.44,0.00,0.00,0.00,113.69,478.61,0.00,8718.00,0.00
172,S,Thorns,至高之术,LOR-D: 沙蚀,186.18,749883.76,0.00,0.00,0.00,490.17,137.97,0.00,3866.80,0.00
173,S,Penance,披荆斩棘,UNY-Y: “无罪”,186.12,261794.43,92901.79,0.00,0.00,1589.95,250.99,0.00,9182.40,0.00
174,S,Lemuen,归乡邀约,DEA-Y: “弹匣与花窗”,184.49,594110.36,0.00,0.00,0.00,306.33,64.25,0.00,1568.00,270.00
175,S,Perfumer the Distilled,“神殿的余烬”,BLS-Y: “双月的呼吸”,184.30,0.00,0.00,0.00,0.00,1800.00,1800.00,242810.16,2963.16,256.00
176,S,Tragodia,空剧场,No Module,181.40,0.00,16000.00,0.00,487600.00,192.68,64.34,0.00,1200.00,80.00
177,S,Eyjafjalla the Hvít Aska,无声润物,No Module,180.98,0.00,0.00,0.00,0.00,1800.00,1800.00,210152.31,1554.12,216.00
178,S,Pramanix,传音回响,UMD-X: 'Knitting of a Future',180.91,0.00,71029.98,0.00,0.00,1489.44,1626.81,0.00,2499.00,800.00
179,S,Thorns,至高之术,LOR-X: The Salt and the Sand,180.22,727691.01,0.00,0.00,0.00,506.95,153.18,0.00,4020.80,0.00
180,S,Gavial the Invincible,链锯强袭,CEN-Y: 好锯多磨,178.95,291134.00,0.00,0.00,0.00,142.25,388.35,0.00,9706.25,0.00
181,S,Necrass,RAW,No Module,178.65,0.00,275355.00,0.00,0.00,1504.76,524.60,0.00,5002.40,675.00
182,S,Zima the Raging Tide,绝不罢休,HAM-X: 迟到的勋章,176.17,362458.94,0.00,0.00,0.00,90.06,59.81,0.00,1200.00,363.33
183,S,Pozëmka,锐笔速写,ARC-Y: Typewriter Ribbon,174.51,529659.18,0.00,0.00,0.00,515.07,221.11,0.00,1972.00,0.00
184,S,Civilight Eterna,编织重构现世,No Module,173.93,0.00,0.00,0.00,0.00,1800.00,1800.00,233273.25,3830.59,225.88
185,S,Texas the Omertosa,剑雨滂沱,EXE-X: “新车和新生活”,173.90,0.00,410998.58,0.00,0.00,125.41,192.76,0.00,5409.23,24.50
186,S,Narantuya,旋刃,No Module,173.90,668063.75,0.00,0.00,0.00,391.73,1261.54,0.00,2500.00,190.00
187,S,Skadi the Corrupting Heart,同葬无光之愿,BAR-Y: 新生代,171.41,0.00,0.00,0.00,0.00,1800.00,1800.00,185052.54,1603.00,330.00
188,S,Skadi the Corrupting Heart,同归殊途之吟,BAR-X: 蜕化的残迹,170.88,0.00,0.00,0.00,0.00,1800.00,1800.00,230133.15,9358.20,0.00
189,S,Matoimaru,RAW,DRE-Y: Bamboo Ikebana,169.99,157672.67,0.00,0.00,0.00,1800.00,1800.00,0.00,12130.30,600.00
190,S,Kazemaru,纸艺·双影,PUM-X: An Old Thing,168.50,410710.81,310051.22,0.00,0.00,352.03,91.46,0.00,3558.00,0.00
191,S,Thumpy,“不准走！”,PRP-X: 出发的勇气,168.13,34936.50,0.00,0.00,68817.88,675.12,138.92,0.00,3964.00,0.00
192,S,Pepe,时光震荡,HAM-X: 晴雨,167.76,176988.99,0.00,0.00,0.00,123.34,119.76,0.00,3151.00,9.80
193,S,Jessica the Liberated,饱和迸射,No Module,166.88,230880.00,0.00,0.00,0.00,174.56,208.95,0.00,1200.00,73.47
194,S,Texas the Omertosa,阵雨连绵,No Module,166.84,0.00,200550.47,0.00,0.00,272.40,254.84,0.00,4565.71,600.00
195,S,Ifrit,RAW,BLA-X: 'Syntexis',166.11,0.00,73116.38,0.00,0.00,806.20,1210.04,0.00,1680.00,880.00
196,S,Phantom,血色乐章,EXE-Y: 'Think of Me',165.50,693354.84,0.00,0.00,0.00,167.17,1061.63,0.00,1645.00,0.00
197,S,Schwarz,战术的终结,ARC-Y: Old Razor,165.49,247670.33,0.00,0.00,0.00,1261.59,366.32,0.00,1833.00,675.00
198,S,Zima the Raging Tide,誓不低头,HAM-X: 迟到的勋章,164.98,186892.80,0.00,0.00,0.00,133.79,141.21,0.00,3330.00,363.33
199,S,Zuo Le,行险,SBL-Y: 秉烛人的记录,164.55,350174.40,0.00,0.00,0.00,1152.61,480.63,0.00,17700.00,0.00
200,S,Ifrit,狂热,BLA-X: 'Syntexis',164.55,0.00,99857.39,0.00,0.00,552.69,877.05,0.00,1680.00,880.00
201,S,Phantom,血色乐章,EXE-X: Miss Christine's Felt,164.42,688258.06,0.00,0.00,0.00,216.42,1416.05,0.00,1785.00,0.00
202,S,Ifrit,RAW,No Module,163.87,0.00,61272.00,0.00,0.00,991.70,1450.27,0.00,1680.00,880.00
203,S,Shu,嘉禾盈仓,No Module,163.80,87625.22,0.00,0.00,0.00,1800.00,1800.00,203356.03,4941.55,96.00
204,S,Kal'tsit the Esperanta,生命修复单元：广播模式,No Module,162.37,0.00,0.00,242250.00,0.00,268.47,361.74,155684.21,3025.00,20.10
205,S,Absinthe,终结连射,CCR-X: 'Custodia' Individual Comm-Unit,161.68,0.00,333588.47,0.00,0.00,852.62,280.87,0.00,2983.00,450.00
206,S,Bellone,清算,No Module,161.05,348626.28,0.00,0.00,0.00,549.36,200.16,0.00,2625.00,105.00
207,S,Ifrit,狂热,No Module,160.56,0.00,84963.84,0.00,0.00,671.54,1036.69,0.00,1680.00,880.00
208,S,Nian,铁御,PRO-Y: 'Don't Disturb',159.36,108244.13,0.00,0.00,0.00,1800.00,1800.00,0.00,1200.00,193.85
209,S,Zuo Le,行险,"SBL-X: 'You Night, Be Fleeting'",158.53,281772.50,0.00,0.00,0.00,1467.29,696.06,0.00,19290.00,0.00
210,S,SilverAsh the Reignfrost,御敌的锋锐,No Module,158.43,57203.52,0.00,0.00,0.00,1483.03,1800.00,0.00,2661.60,30.00
211,S,Gravel,鼠群,EXE-X: Covert Action Toolkit,158.16,17978.49,0.00,0.00,0.00,1800.00,1800.00,0.00,15468.00,0.00
212,S,Tulip,钻心,SOL-X: 郁金香证章,157.69,41311.92,0.00,0.00,0.00,1800.00,1800.00,0.00,2095.00,0.00
213,S,Gravel,鼠群,No Module,156.53,17978.49,0.00,0.00,0.00,1800.00,1800.00,0.00,16764.00,0.00
214,S,Matoimaru,生命回复·β型,DRE-Y: Bamboo Ikebana,156.11,157672.67,0.00,0.00,0.00,1800.00,1800.00,0.00,12130.30,600.00
215,S,Texas the Omertosa,剑雨滂沱,No Module,156.07,0.00,377561.09,0.00,0.00,136.67,232.60,0.00,4565.71,24.50
216,S,Ch'en the Dawnstreak,赤霄·天喟,No Module,156.03,0.00,415077.43,0.00,0.00,127.62,131.10,0.00,3084.60,0.00
217,S,Ulpianus,RAW,No Module,155.93,126403.20,0.00,0.00,0.00,803.80,1054.15,0.00,19872.60,0.00
218,S,Iana,全知者的战术,PUM-X: 'Distant and Less Familiar World',155.03,555196.74,0.00,0.00,0.00,318.88,1800.00,0.00,2436.00,330.00
219,S,Nightingale,治疗强化·γ型,RIN-X: 'Closed Hope',155.02,0.00,0.00,0.00,0.00,1800.00,1800.00,194471.18,1705.00,320.00
220,S,Mon3tr,策略：超压链接,XAH-X: 记忆存档,154.84,0.00,0.00,0.00,0.00,1800.00,1800.00,261522.80,1735.00,126.00
221,S,Nightingale,法术护盾,RIN-X: 'Closed Hope',154.43,0.00,0.00,0.00,0.00,1800.00,1800.00,158535.83,1705.00,396.92
222,S,Tulip,只余芬芳,SOL-X: 郁金香证章,154.30,68074.15,0.00,0.00,0.00,1800.00,1800.00,0.00,2095.00,0.00
223,S,Wind Chimes,乡心无改,CRU-X: 致继任者,154.19,187687.66,0.00,0.00,0.00,1475.22,983.58,0.00,11335.78,332.25
224,S,Vulpisfoglia,隐狐之艺,SOL-Y: 剑舞,154.19,349433.90,0.00,0.00,0.00,553.64,1800.00,0.00,4300.00,2.45
225,S,Ulpianus,必须促成的接触,No Module,154.01,221287.95,0.00,0.00,0.00,410.16,209.65,0.00,19872.60,0.00
226,S,Pramanix,传音回响,No Module,153.98,0.00,65768.50,0.00,0.00,1619.78,1759.52,0.00,2247.00,795.00
227,S,Thorns,至高之术,No Module,152.87,639144.79,0.00,0.00,0.00,598.88,219.71,0.00,3656.80,0.00
228,S,Philae,冥河诅咒,PRP-X: 被摩挲的日子,152.34,189060.00,0.00,0.00,253984.59,620.56,111.29,0.00,6782.69,0.00
229,S,Pozëmka,锐笔速写,No Module,151.92,480795.68,0.00,0.00,0.00,578.71,269.60,0.00,1802.00,0.00
230,S,Shu,离离枯荣,GUA-X: On Architecture of Time,151.51,111518.40,0.00,0.00,0.00,1800.00,1800.00,164379.02,8725.86,96.00
231,S,Blaze,链锯延伸模块,"CEN-X: Overloaded Weapons, Overheated Heart",151.43,210551.44,0.00,0.00,0.00,138.49,341.16,0.00,5435.50,0.00
232,S,Skadi the Corrupting Heart,同葬无光之愿,BAR-X: 蜕化的残迹,151.17,0.00,0.00,0.00,0.00,1800.00,1800.00,150722.21,1733.00,330.00
233,S,Civilight Eterna,明日渺远不及,BAR-X: 故事的结局,150.39,0.00,0.00,0.00,0.00,1800.00,1800.00,190077.84,2244.71,270.00
234,S,Narantuya,恶魇,LPS-Y: “致我们的老大”,150.08,312071.76,0.00,0.00,0.00,173.02,490.06,0.00,2800.00,196.67
235,S,Skadi,涌潮悲歌,DRE-X: No Ending to This Dream,149.03,350442.67,0.00,0.00,0.00,1655.57,648.01,0.00,9627.80,0.00
236,S,Makoto Yuki,RAW,PUM-Y: 彼此的声音,148.54,750774.00,0.00,0.00,0.00,223.82,52.72,0.00,3109.00,66.67
237,S,Vulpisfoglia,隐狐之艺,SOL-X: 杀手也有假期,148.39,364495.70,0.00,0.00,0.00,532.41,1800.00,0.00,3495.00,2.45
238,S,Ifrit,炎爆,BLA-X: 'Syntexis',147.82,0.00,27657.07,0.00,0.00,514.57,823.21,0.00,1680.00,880.00
239,S,Blemishine,慑敌辉光,GUA-X: 'Knight Primus',147.52,94821.33,0.00,0.00,0.00,1800.00,1800.00,186631.20,5553.00,150.00
240,S,Ifrit,炎爆,No Module,147.23,0.00,23176.80,0.00,0.00,636.36,988.89,0.00,1680.00,880.00
241,S,Aphrissa,混沌的本质,BLA-Y: 第三相态,147.22,0.00,374717.78,0.00,0.00,123.68,212.92,0.00,1860.00,0.00
242,S,Lessing,苦修破誓,DRE-Y: 苦修者的抗压训练,145.83,405957.76,0.00,0.00,0.00,973.81,414.28,0.00,14462.00,0.00
243,S,Entelechia,灵与欲的惜别,REA-Y: 玫瑰色故事集,145.15,385791.92,0.00,0.00,0.00,160.14,632.47,0.00,8233.41,0.00
244,S,Horn,终极防线,No Module,144.79,253455.15,0.00,0.00,0.00,138.19,192.42,0.00,8035.54,0.00
245,S,Yu,今日做东,PRP-X: 人间百味,144.31,88125.00,0.00,0.00,228375.00,1290.67,253.72,0.00,6260.00,240.00
246,S,Skadi the Corrupting Heart,同归殊途之吟,No Module,144.27,0.00,0.00,0.00,0.00,1800.00,1800.00,197693.28,8656.20,0.00
247,S,Nightingale,法术护盾,RIN-Y: “莺歌”,144.01,0.00,0.00,0.00,0.00,1800.00,1800.00,143706.88,1982.75,396.92
248,S,Thumpy,“不准走！”,No Module,143.50,28758.38,0.00,0.00,59612.48,827.06,166.55,0.00,3514.00,0.00
249,S,Skadi the Corrupting Heart,同葬无光之愿,No Module,143.33,0.00,0.00,0.00,0.00,1800.00,1800.00,137288.07,1603.00,330.00
250,S,Mon3tr,RAW,XAH-X: 记忆存档,143.18,0.00,0.00,0.00,0.00,1800.00,1800.00,225072.21,1735.00,126.00
251,S,Narantuya,恶魇,LPS-X: “吹尽狂沙”,143.13,298052.40,0.00,0.00,0.00,180.77,541.58,0.00,2500.00,196.67
252,S,Saga,怒目,SOL-Y: Walk The World,143.13,121737.33,0.00,0.00,0.00,1800.00,1800.00,0.00,12325.70,0.00
253,S,Blaze the Igniting Spark,炙手之援,PRI-Y: 沟通小助手,142.91,0.00,0.00,0.00,536600.00,397.45,138.45,0.00,3576.96,61.24
254,S,Nian,铁御,PRO-X: The Array of Chaos,142.91,110947.40,0.00,0.00,0.00,1800.00,1800.00,0.00,1200.00,193.85
255,S,Lee,小惩大诫,MER-Y: 'Distinguisher',141.92,270868.75,0.00,0.00,0.00,860.30,1013.86,0.00,2427.00,416.75
256,S,Vulpisfoglia,坠刃拷问,SOL-Y: 剑舞,141.68,109081.43,0.00,0.00,0.00,1800.00,1800.00,0.00,4300.00,94.58
257,S,Mudrock,岩崩锤,UNY-X: Spreading Roots of Soil and Stone,141.17,335642.62,0.00,0.00,0.00,463.91,414.80,0.00,9459.77,14.70
258,S,Nightingale,治疗强化·γ型,RIN-Y: “莺歌”,141.14,0.00,0.00,0.00,0.00,1800.00,1800.00,172969.21,1982.75,320.00
259,S,Lappland the Decadenza,逐猎狂飙,FUN-X: 狼时,140.52,0.00,387692.80,0.00,0.00,485.06,172.78,0.00,1663.00,9.79
260,S,Hoederer,余烬重荷,CRU-X: 新的生活,140.45,179646.86,0.00,0.00,0.00,1514.12,697.39,0.00,9330.43,180.25
261,S,Skadi,迅捷打击·γ型,DRE-Y: Moist Sword Bag,140.01,364264.00,0.00,0.00,0.00,851.65,421.47,0.00,11221.60,0.00
262,S,Haruka,幽隙栖萤,No Module,139.69,0.00,0.00,0.00,0.00,1800.00,1800.00,204562.92,2695.71,120.00
263,S,Gavial the Invincible,链锯强袭,CEN-X: The Binding of Gavial,139.54,234408.93,0.00,0.00,0.00,128.82,298.09,0.00,4659.00,0.00
264,S,Nightingale,法术护盾,No Module,139.43,0.00,0.00,0.00,0.00,1800.00,1800.00,137775.30,1705.00,396.92
265,S,Schwarz,RAW,ARC-Y: Old Razor,138.89,149333.25,0.00,0.00,0.00,1800.00,909.54,0.00,1833.00,675.00
266,S,Breeze,扩散疗法,RIN-X: Surgical Instrument Kit,138.71,0.00,0.00,0.00,0.00,1800.00,1800.00,188842.11,1949.25,0.00
267,S,Blaze the Igniting Spark,炙手之援,PRI-X: 热切的期盼,138.70,0.00,0.00,0.00,532610.00,427.44,140.02,0.00,2887.16,61.24
268,S,Flamebringer,刃鬼,DRE-Y: Rusty Broken Blade,138.44,309416.80,0.00,0.00,0.00,959.19,1089.51,0.00,16046.90,0.00
269,S,Sideroca,破浪回神,AFT-Y: 漫游者的压舱石,137.76,0.00,366854.40,0.00,0.00,1093.52,768.69,0.00,5697.00,0.00
270,S,Nian,铁御,No Module,137.67,92573.47,0.00,0.00,0.00,1800.00,1800.00,0.00,1200.00,193.85
271,S,Eunectes,钢铁意志,HES-X: Zumama's Tool Box,137.17,264145.00,0.00,0.00,0.00,1574.56,718.25,0.00,1331.85,140.44
272,S,Blaze the Igniting Spark,炙手之援,No Module,137.10,0.00,0.00,0.00,532610.00,427.44,140.02,0.00,2496.42,61.24
273,S,Wind Chimes,乡心无改,No Module,136.92,135045.63,0.00,0.00,0.00,1800.00,1800.00,0.00,9920.75,332.25
274,S,Ines,淬影突袭,AGE-Y: 角部“护理”套组,136.03,58320.00,0.00,0.00,0.00,1800.00,1800.00,0.00,2421.00,61.24
275,S,Vulpisfoglia,坠刃拷问,SOL-X: 杀手也有假期,135.65,121255.37,0.00,0.00,0.00,1699.03,1800.00,0.00,3495.00,94.58
276,S,Nightingale,RAW,RIN-X: 'Closed Hope',135.53,0.00,0.00,0.00,0.00,1800.00,1800.00,146997.37,1705.00,320.00
277,S,Vulpisfoglia,隐狐之艺,No Module,135.03,305601.52,0.00,0.00,0.00,650.43,1800.00,0.00,3045.00,2.45
278,S,Nightingale,治疗强化·γ型,No Module,134.95,0.00,0.00,0.00,0.00,1800.00,1800.00,164368.42,1705.00,320.00
279,S,Gnosis,零度爆发,UMD-Y: 一号项目模型,134.95,0.00,133229.50,0.00,0.00,799.58,848.18,0.00,2155.00,25.00
280,S,Gnosis,RAW,UMD-Y: 一号项目模型,134.77,0.00,103869.15,0.00,0.00,1800.00,1102.15,0.00,2155.00,5.00
281,S,Mr. Nothing,阴晴圆缺,MER-X: 'Shelter from the Rain',134.25,450867.31,0.00,0.00,0.00,464.20,131.26,0.00,2638.00,236.24
282,S,Gnosis,RAW,UMD-X: 'Vow',133.93,0.00,90528.00,0.00,0.00,1800.00,1269.43,0.00,2180.00,10.00
283,S,Nearl the Radiant Knight,灿焰长刃,DRE-Y: 'A Knightly House',133.81,418957.57,0.00,0.00,0.00,681.91,186.45,0.00,8520.00,48.99
284,S,Ines,淬影突袭,No Module,133.80,34680.00,0.00,0.00,0.00,1800.00,1800.00,0.00,2121.00,61.24
285,S,Sakiko Togawa,残月的余响,No Module,132.55,183801.44,131039.31,0.00,0.00,300.89,173.28,0.00,2056.00,0.00
286,S,Gnosis,RAW,No Module,132.49,0.00,80580.50,0.00,0.00,1800.00,1430.16,0.00,2035.00,5.00
287,S,Schwarz,强弩,ARC-Y: Old Razor,132.38,190533.47,0.00,0.00,0.00,1682.28,581.32,0.00,1833.00,675.00
288,S,W,惊吓盒子,ART-X: Mercenary's Bag,132.38,152133.57,0.00,0.00,0.00,336.65,1109.87,0.00,1815.00,641.95
289,S,Zima the Raging Tide,绝不罢休,No Module,132.24,236788.42,0.00,0.00,0.00,114.77,90.45,0.00,1200.00,363.33
290,S,W,红桃K,ART-X: Mercenary's Bag,131.60,140969.88,0.00,0.00,0.00,367.86,1374.66,0.00,1815.00,651.75
291,S,Gavial the Invincible,精准痛击,CEN-Y: 好锯多磨,131.25,257310.00,0.00,0.00,0.00,195.18,1343.81,0.00,9706.25,0.00
292,S,Pepe,时光震荡,No Module,130.92,138656.12,0.00,0.00,0.00,145.29,190.02,0.00,2851.00,9.80
293,S,Yu,今日做东,No Module,130.85,72187.50,0.00,0.00,228375.00,1366.70,255.00,0.00,6260.00,240.00
294,S,Gnosis,零度爆发,UMD-X: 'Vow',130.73,0.00,109357.82,0.00,0.00,1194.91,1040.42,0.00,2180.00,30.00
295,S,W,D12,ART-X: Mercenary's Bag,129.91,115268.41,0.00,0.00,0.00,466.03,1800.00,0.00,1815.00,676.24
296,S,Civilight Eterna,明日渺远不及,No Module,129.63,0.00,0.00,0.00,0.00,1800.00,1800.00,157812.75,1915.29,270.00
297,S,Breeze,集束疗法,RIN-X: Surgical Instrument Kit,129.17,0.00,0.00,0.00,0.00,1800.00,1800.00,169328.42,1949.25,0.00
298,S,Hoshiguma the Breacher,地狱变相,AST-X: 无迹,129.15,0.00,238815.90,0.00,0.00,631.45,516.18,0.00,11628.00,0.00
299,S,Sussurro,深度治疗,PHY-X: ...Who Heals Not Herself,127.84,0.00,0.00,0.00,0.00,1800.00,1800.00,152866.94,2167.50,0.00
300,S,Gnosis,零度爆发,No Module,127.80,0.00,97341.24,0.00,0.00,1360.20,1172.95,0.00,2035.00,25.00
301,S,Angelina the Mellow Wish,极速送达,No Module,127.54,334816.00,78963.20,0.00,0.00,411.39,372.54,0.00,4293.00,39.00
302,S,Nightingale,RAW,RIN-Y: “莺歌”,127.04,0.00,0.00,0.00,0.00,1800.00,1800.00,132168.42,1982.75,320.00
303,S,Aurora,固守家园,HES-X: Shield Photography Module,126.96,129562.50,0.00,0.00,0.00,1800.00,1800.00,0.00,1200.00,61.24
304,S,Hoederer,重锋不熄,CRU-Y: 笔迹,126.95,253375.15,0.00,0.00,0.00,348.12,571.52,0.00,10107.59,198.62
305,S,Blaze,链锯延伸模块,No Module,126.73,140200.00,0.00,0.00,0.00,186.15,1473.64,0.00,4936.75,0.00
306,S,Suzuran,全力以赴,DEC-Y: Children of Terra,126.65,0.00,246506.29,0.00,0.00,836.69,291.84,0.00,1600.00,353.00
307,S,Ines,暗夜无明,AGE-Y: 角部“护理”套组,126.47,105681.60,0.00,0.00,0.00,1800.00,1800.00,0.00,2421.00,61.24
308,S,Sideroca,破浪回神,No Module,126.33,0.00,330931.20,0.00,0.00,1228.10,814.14,0.00,5121.00,0.00
309,S,W,惊吓盒子,ART-Y: Lost Dull Knife,126.28,126206.80,0.00,0.00,0.00,418.46,1484.75,0.00,1805.00,641.95
310,S,W,红桃K,ART-Y: Lost Dull Knife,126.14,117243.69,0.00,0.00,0.00,456.62,1791.63,0.00,1805.00,651.75
311,S,Blaze,强力击·γ型,"CEN-X: Overloaded Weapons, Overheated Heart",126.11,196889.54,0.00,0.00,0.00,145.08,450.25,0.00,5435.50,0.00
312,S,W,D12,ART-Y: Lost Dull Knife,125.99,96608.46,0.00,0.00,0.00,575.45,1800.00,0.00,1805.00,676.24
313,S,Blaze,沸腾爆裂,"CEN-X: Overloaded Weapons, Overheated Heart",125.54,171692.78,0.00,0.00,0.00,192.10,1495.81,0.00,6212.00,0.00
314,S,Bellone,军师的手段,FGT-Y: 实用的工具,124.78,270295.38,0.00,0.00,0.00,238.48,1003.91,0.00,4282.50,225.00
315,S,Mon3tr,策略：超负荷,No Module,124.55,0.00,0.00,0.00,0.00,1800.00,1800.00,178296.36,1735.00,244.80
316,S,Eyjafjalla,点燃,CCR-X: 'Missed Sounds',124.24,0.00,194762.81,0.00,0.00,348.77,477.64,0.00,1923.00,548.00
317,S,Rosmontis,末梢阻断,BOM-X: 'Notes',124.03,304359.44,0.00,0.00,0.00,160.04,915.86,0.00,2219.00,3.67
318,S,Lee,小惩大诫,MER-X: 'Wandering',123.79,221224.63,0.00,0.00,0.00,1087.28,1689.05,0.00,2727.00,323.99
319,S,Vulpisfoglia,坠刃拷问,No Module,123.65,70316.48,0.00,0.00,0.00,1800.00,1800.00,0.00,3045.00,94.58
320,S,Gnosis,高速思考,UMD-Y: 一号项目模型,123.30,0.00,131013.62,0.00,0.00,1800.00,864.62,0.00,2155.00,5.00
321,S,Lappland the Decadenza,逐猎狂飙,No Module,123.19,0.00,348384.26,0.00,0.00,550.64,197.49,0.00,1503.00,9.79
322,S,Thorns the Lodestar,“我的海疆”,ALC-X: 三面的金币,123.07,0.00,0.00,0.00,0.00,1800.00,1800.00,29214.02,1293.00,700.00
323,S,Kal'tsit,指令：熔毁,PHY-X: Mon2tr,122.98,0.00,0.00,114631.58,0.00,1800.00,735.33,161786.84,4082.50,48.99
324,S,Blemishine,先贤化身,GUA-X: 'Knight Primus',122.95,176615.47,0.00,0.00,0.00,1800.00,1489.35,77763.00,5408.00,180.00
325,S,Nightingale,RAW,No Module,122.90,0.00,0.00,0.00,0.00,1800.00,1800.00,126236.84,1705.00,320.00
326,S,Gavial the Invincible,精准痛击,CEN-X: The Binding of Gavial,122.85,310310.75,0.00,0.00,0.00,164.35,881.18,0.00,4659.00,0.00
327,S,Hoederer,余烬重荷,CRU-Y: 笔迹,122.56,107351.44,0.00,0.00,0.00,1460.53,667.06,0.00,8086.08,198.62
328,S,Ines,暗夜无明,No Module,122.24,64483.40,0.00,0.00,0.00,1800.00,1800.00,0.00,2121.00,61.24
329,S,Narantuya,恶魇,No Module,121.71,243828.75,0.00,0.00,0.00,221.14,878.73,0.00,2500.00,196.67
330,S,Gnosis,高速思考,UMD-X: 'Vow',121.51,0.00,108440.47,0.00,0.00,1800.00,1050.90,0.00,2180.00,10.00
331,S,Thorns the Lodestar,“我的海疆”,No Module,121.16,0.00,0.00,0.00,0.00,1800.00,1800.00,22770.45,1173.00,700.00
332,S,Saileach,支援号令·γ型,BEA-X: Pastoral,120.85,49080.62,0.00,0.00,0.00,1800.00,1800.00,0.00,2035.00,135.00
333,S,Zima the Raging Tide,誓不低头,No Module,120.84,117589.20,0.00,0.00,0.00,201.61,506.04,0.00,2950.00,363.33
334,S,Pramanix,RAW,UMD-X: 'Knitting of a Future',120.61,0.00,71029.98,0.00,0.00,1800.00,1626.81,0.00,2499.00,500.00
335,S,Crownslayer,尘烟蔽目,EXE-Y: 木炭画,120.32,199547.53,0.00,0.00,0.00,612.06,662.72,0.00,1830.00,580.00
336,S,Gnosis,高速思考,No Module,119.83,0.00,96524.69,0.00,0.00,1800.00,1184.73,0.00,2035.00,5.00
337,S,Perfumer the Distilled,“神殿的余烬”,No Module,119.75,0.00,0.00,0.00,0.00,1800.00,1800.00,144000.00,2740.37,256.00
338,S,Crownslayer,烽烟行刑场,EXE-Y: 木炭画,119.51,229219.01,0.00,0.00,0.00,1150.49,1800.00,0.00,1830.00,378.99
339,S,Swire the Elegant Wit,“见面礼”,MER-Y: 诗怀雅的龙门美食指南,119.32,389894.40,0.00,0.00,0.00,785.41,375.53,0.00,6136.00,13.33
340,S,Puzzle,疑点追踪,AGE-X: 首要任务,118.77,113774.83,0.00,0.00,0.00,1800.00,1800.00,0.00,6240.00,0.00
341,S,Vulcan,武力模式,UNY-X: The Shaper,118.27,346462.50,0.00,0.00,0.00,660.68,404.89,0.00,10940.00,0.00
342,A,Nearl the Radiant Knight,耀阳颔首,DRE-Y: 'A Knightly House',118.17,318169.22,0.00,0.00,0.00,949.29,342.21,0.00,8520.00,48.99
343,A,W,D12,No Module,117.97,52467.81,0.00,0.00,0.00,776.75,1800.00,0.00,1605.00,676.24
344,A,Reed the Flame Shadow,迅捷打击·γ型,INC-Y: “独属自己的一隅”,117.71,0.00,110518.86,0.00,0.00,1800.00,674.38,55259.43,1738.00,480.00
345,A,Lee,小惩大诫,No Module,117.68,196930.28,0.00,0.00,0.00,1239.45,1800.00,0.00,2427.00,311.75
346,A,Saileach,光辉旗帜,BEA-X: Pastoral,117.60,113062.56,0.00,0.00,0.00,1800.00,1800.00,0.00,2035.00,177.87
347,A,Saga,怒目,SOL-X: Where to Find the Burdenbeast?,117.51,171393.55,0.00,0.00,0.00,1615.47,1800.00,0.00,8467.20,0.00
348,A,Entelechia,灵与欲的惜别,REA-X: 易枯萎的航船,117.27,263544.62,0.00,0.00,0.00,182.15,720.15,0.00,10148.00,0.00
349,A,Mountain,横扫架势,FGT-Y: 'Price of Freedom',116.76,435502.41,0.00,0.00,0.00,390.55,1800.00,0.00,5006.50,0.00
350,A,Blaze,RAW,"CEN-X: Overloaded Weapons, Overheated Heart",116.39,103378.39,0.00,0.00,0.00,276.41,1800.00,0.00,5435.50,0.00
351,A,Typhon,迅捷打击·γ型,SIE-Y: 冰原的影子,116.10,256254.95,0.00,0.00,0.00,137.16,221.39,0.00,1702.00,20.00
352,A,W,红桃K,No Module,115.89,65436.80,0.00,0.00,0.00,594.32,1800.00,0.00,1605.00,651.75
353,A,Hoederer,余烬重荷,No Module,115.85,83418.16,0.00,0.00,0.00,1712.89,1098.22,0.00,7579.75,180.25
354,A,Horn,暴风号令,FOR-X: Exemplars,115.50,261019.89,0.00,0.00,0.00,175.67,284.36,0.00,7302.00,0.00
355,A,Horn,暴风号令,FOR-Y: 旧日新装,115.23,232152.59,0.00,0.00,0.00,204.20,510.78,0.00,4904.00,0.00
356,A,Matterhorn,抗寒体质,PRO-Y: Father's Robe,115.14,18750.00,0.00,0.00,0.00,1800.00,1800.00,0.00,5280.00,0.00
357,A,W,惊吓盒子,No Module,115.05,71070.01,0.00,0.00,0.00,537.40,1800.00,0.00,1605.00,641.95
358,A,Shining,教条力场,PHY-X: 'Followers',114.87,0.00,0.00,0.00,0.00,1800.00,1800.00,181166.20,2419.50,198.33
359,A,Shu,化被草木,GUA-X: On Architecture of Time,114.80,81894.40,0.00,0.00,0.00,1800.00,1800.00,116921.38,8725.86,96.00
360,A,Tomimi,嘉维尔保护方案,CCR-Y: Broken Tail Corrector,114.69,0.00,400400.00,0.00,0.00,683.93,244.92,0.00,1920.00,19.60
361,A,Suzuran,狐火渺然,DEC-Y: Children of Terra,114.52,0.00,171489.45,0.00,0.00,375.55,443.93,0.00,1600.00,353.00
362,A,Civilight Eterna,往昔萦绕身旁,BAR-X: 故事的结局,114.41,0.00,0.00,0.00,0.00,1800.00,1800.00,163236.17,2244.71,120.00
363,A,Reed the Flame Shadow,枯荣共息,INC-Y: “独属自己的一隅”,114.29,0.00,116904.07,0.00,0.00,1115.74,650.21,58452.03,1738.00,480.00
364,A,Mr. Nothing,阴晴圆缺,No Module,114.05,341858.13,0.00,0.00,0.00,642.75,319.45,0.00,2398.00,223.99
365,A,Kal'tsit,指令：战术协同,PHY-X: Mon2tr,113.77,84973.57,0.00,0.00,0.00,1800.00,1800.00,152042.64,3266.00,48.99
366,A,Lemuen,归乡邀约,No Module,113.61,333215.74,0.00,0.00,0.00,389.27,81.41,0.00,1448.00,270.00
367,A,Quercus,大地的慈悲,BLS-X: Rusty Stick,113.02,0.00,0.00,0.00,0.00,1800.00,1800.00,164717.50,4739.81,93.44
368,A,Muelsyse,生态耦合,TAC-X: Dresser Flowing Shape,112.95,243166.50,0.00,0.00,0.00,1800.00,1800.00,0.00,4006.00,200.00
369,A,Suzuran,儿时的舞乐,DEC-Y: Children of Terra,112.64,0.00,200015.09,0.00,0.00,332.72,361.73,0.00,1600.00,353.00
370,A,Makoto Yuki,RAW,No Module,112.27,577590.00,0.00,0.00,0.00,302.98,67.50,0.00,2805.00,53.33
371,A,Shu,离离枯荣,No Module,112.21,93038.40,0.00,0.00,0.00,1800.00,1800.00,140909.76,4941.55,96.00
372,A,Absinthe,执法模式,CCR-X: 'Custodia' Individual Comm-Unit,112.12,0.00,256256.60,0.00,0.00,1155.34,331.63,0.00,2983.00,450.00
373,A,Lord/Sharp,沉默的爆发,LOR-X: 领主·Sharp证章,111.55,214092.74,0.00,0.00,0.00,423.88,300.45,0.00,2662.00,125.00
374,A,Ho'olheyak,博览者的狂语,CCR-Y: Time Gallery of K'uk'ulkan,111.50,0.00,233870.13,0.00,0.00,1796.30,624.03,0.00,5348.00,13.71
375,A,Ceobe,“很重的枪”,"CCR-Y: 'Knife, I Made'",111.22,0.00,211695.48,0.00,0.00,1500.18,487.58,0.00,1685.00,22.84
376,A,Reed the Flame Shadow,迅捷打击·γ型,INC-X: 'A Floral Garland to the Red Dragon',110.83,0.00,95958.72,0.00,0.00,1800.00,781.98,47979.36,1743.00,480.00
377,A,Texas the Omertosa,细雨无声,EXE-Y: Blueberry & Dark Chocolate,110.71,0.00,270825.17,0.00,0.00,705.64,220.10,0.00,7620.00,45.69
378,A,Passenger,聚焦指令,CHA-Y: Gold of Crowns,110.67,0.00,119332.80,0.00,0.00,495.46,955.00,0.00,4045.00,498.33
379,A,Hoshiguma the Breacher,地狱变相,No Module,110.26,0.00,198232.40,0.00,0.00,778.01,649.04,0.00,10653.00,0.00
380,A,Marcille,召唤使魔,SPC-Y: 才女的藏书,109.96,0.00,216283.12,0.00,0.00,226.74,420.11,0.00,1805.00,171.96
381,A,Kazemaru,纸艺·双影,No Module,109.94,235323.73,184582.54,0.00,0.00,434.24,108.40,0.00,3558.00,0.00
382,A,Chiave,火焰剥离,SOL-Y: Homemade Jack,109.92,61335.67,0.00,0.00,0.00,581.77,1659.11,0.00,1824.00,400.00
383,A,Eyjafjalla,点燃,CCR-Y: 宠物大赛第一名,109.77,0.00,141057.03,0.00,0.00,509.38,705.22,0.00,1973.00,548.00
384,A,Logos,延异视阈,CCR-D: A Pen Collection from the Convallis,109.28,0.00,274978.80,0.00,0.00,375.58,364.54,0.00,1833.00,203.20
385,A,Vigna,槌音,CHG-Y: The Greatrock,109.27,494009.74,0.00,0.00,0.00,558.55,150.49,0.00,3519.00,0.00
386,A,Fiammetta,“你须偿还”,ART-X: A Long Journey,109.27,387908.45,0.00,0.00,0.00,132.44,193.66,0.00,1945.26,0.00
387,A,Saga,冲锋号令·γ型,SOL-Y: Walk The World,109.22,81428.57,0.00,0.00,0.00,1800.00,1800.00,0.00,9646.20,0.00
388,A,Blaze,沸腾爆裂,No Module,109.20,117496.00,0.00,0.00,0.00,312.20,1800.00,0.00,5642.00,0.00
389,A,Mountain,横扫架势,FGT-X: “夜深人静”,109.13,398666.87,0.00,0.00,0.00,430.02,1800.00,0.00,5091.50,0.00
390,A,Lee,贵客盈门,MER-Y: 'Distinguisher',108.73,250187.64,0.00,0.00,0.00,944.07,1800.00,0.00,2427.00,216.75
391,A,Hoederer,重锋不熄,CRU-X: 新的生活,108.58,238619.82,0.00,0.00,0.00,377.64,592.84,0.00,11663.04,168.00
392,A,Zinogre S Catapult,超高输出属性解放斩,MCN-X: 狩猎之路,108.20,635729.32,0.00,0.00,0.00,410.49,85.71,0.00,1200.00,0.00
393,A,Saga,除恶,SOL-Y: Walk The World,108.13,120038.57,0.00,0.00,0.00,1800.00,1800.00,0.00,9646.20,0.00
394,A,Reed the Flame Shadow,枯荣共息,INC-X: 'A Floral Garland to the Red Dragon',108.11,0.00,101502.72,0.00,0.00,1307.09,754.16,50751.36,1743.00,480.00
395,A,Swire the Elegant Wit,“见面礼”,MER-X: 'Be Resplendent and Outstanding',108.10,372720.00,0.00,0.00,0.00,828.81,424.54,0.00,4608.00,13.33
396,A,Civilight Eterna,RAW,BAR-X: 故事的结局,107.98,0.00,0.00,0.00,0.00,1800.00,1800.00,152180.64,2244.71,120.00
397,A,Santalla,“女巫之泪”,SPC-Y: Ice Brazier,107.79,0.00,171337.75,0.00,0.00,294.04,609.43,0.00,1795.00,5.00
398,A,Saileach,信仰传承,BEA-X: Pastoral,107.49,49080.62,0.00,0.00,0.00,1800.00,1800.00,0.00,2035.00,135.00
399,A,Hoederer,RAW,CRU-Y: 笔迹,107.42,89193.60,0.00,0.00,0.00,1640.75,1097.10,0.00,8086.08,198.62
400,A,Vigna,攻击力强化·β型,CHG-Y: The Greatrock,106.84,513235.03,0.00,0.00,0.00,534.37,169.10,0.00,3519.00,0.00
401,A,Typhon,冰原秩序,SIE-Y: 冰原的影子,106.77,242983.61,0.00,0.00,0.00,142.27,236.18,0.00,1702.00,24.90
402,A,Reed the Flame Shadow,生命火种,INC-Y: “独属自己的一隅”,106.75,0.00,91947.02,0.00,0.00,1554.54,844.97,45973.51,1738.00,480.00
403,A,Reed the Flame Shadow,迅捷打击·γ型,No Module,106.71,0.00,87962.16,0.00,0.00,1800.00,856.18,43981.08,1583.00,480.00
404,A,Mudrock,秽壤的血脉,UNY-Y: 沃土的愿景,106.64,217392.13,0.00,0.00,0.00,303.06,286.58,0.00,1846.15,61.24
405,A,Eyjafjalla,点燃,No Module,106.46,0.00,130909.05,0.00,0.00,556.87,762.58,0.00,1743.00,548.00
406,A,Zinogre S Catapult,超高输出属性解放斩,No Module,106.43,628122.03,0.00,0.00,0.00,415.90,86.61,0.00,1380.00,0.00
407,A,Schwarz,暮眼锐瞳,ARC-X: Customized Crossbow Accessory Suit,106.32,269390.40,0.00,0.00,0.00,1204.42,423.06,0.00,2003.00,300.00
408,A,Flametail,焰心,SOL-Y: The Origins of Pinus Sylvestris,106.31,69445.56,0.00,0.00,0.00,1800.00,1800.00,0.00,2438.00,133.33
409,A,Blaze,RAW,No Module,106.21,62000.00,0.00,0.00,0.00,494.52,1800.00,0.00,4936.75,0.00
410,A,Sharp,亮剑,DRE-X: Sharp证章,106.18,372389.60,0.00,0.00,0.00,742.71,659.87,0.00,5718.00,0.00
411,A,Crownslayer,尘烟蔽目,EXE-X: 弑君刃,105.84,115440.86,0.00,0.00,0.00,1672.14,1800.00,0.00,1825.00,580.00
412,A,Puzzle,关键线索,AGE-X: 首要任务,105.73,140076.00,0.00,0.00,0.00,1800.00,1800.00,0.00,6240.00,0.00
413,A,W,RAW,ART-X: Mercenary's Bag,105.67,95148.78,0.00,0.00,0.00,586.16,1800.00,0.00,1815.00,615.00
414,A,Ceobe,“很重的枪”,CCR-X: 'Really Dry Bread',105.65,0.00,196375.10,0.00,0.00,1628.11,490.55,0.00,1745.00,22.84
415,A,Saileach,支援号令·γ型,BEA-Y: “友谊万岁”,105.61,33910.15,0.00,0.00,0.00,1800.00,1800.00,0.00,2035.00,60.00
416,A,Blaze,强力击·γ型,No Module,105.18,126341.60,0.00,0.00,0.00,216.19,1354.57,0.00,4936.75,0.00
417,A,Indra,裂魂,FGT-Y: 'Hannah's Dislocation Rehabilitation Set',105.01,403446.15,0.00,0.00,0.00,460.73,184.96,0.00,2765.00,0.00
418,A,Saileach,支援号令·γ型,No Module,105.00,33910.15,0.00,0.00,0.00,1800.00,1800.00,0.00,1835.00,60.00
419,A,Mr. Nothing,知难而退,MER-X: 'Shelter from the Rain',104.83,336600.00,0.00,0.00,0.00,1204.97,1711.44,0.00,6595.00,61.24
420,A,Flamebringer,RAW,DRE-Y: Rusty Broken Blade,104.81,122364.00,0.00,0.00,0.00,1800.00,1800.00,0.00,16046.90,0.00
421,A,Typhon,冰原秩序,SIE-X: Ammadikshu,104.74,237065.95,0.00,0.00,0.00,205.96,393.06,0.00,1912.00,24.90
422,A,Reed the Flame Shadow,枯荣共息,No Module,104.36,0.00,93044.16,0.00,0.00,1438.86,825.85,46522.08,1583.00,480.00
423,A,Puzzle,疑点追踪,No Module,104.32,91149.60,0.00,0.00,0.00,1800.00,1800.00,0.00,3720.00,0.00
424,A,Civilight Eterna,往昔萦绕身旁,No Module,104.26,0.00,0.00,0.00,0.00,1800.00,1800.00,147462.30,1915.29,120.00
425,A,Skadi,涌潮悲歌,No Module,104.05,210757.33,0.00,0.00,0.00,1800.00,1616.30,0.00,8891.80,0.00
426,A,Passenger,RAW,CHA-Y: Gold of Crowns,103.94,0.00,92344.56,0.00,0.00,796.31,1243.81,0.00,4045.00,498.33
427,A,Crownslayer,尘烟蔽目,No Module,103.76,103634.41,0.00,0.00,0.00,1800.00,1800.00,0.00,1695.00,580.00
428,A,Kal'tsit,指令：熔毁,PHY-Y: Panacea,103.56,0.00,0.00,129700.42,0.00,1800.00,645.83,183054.46,2742.00,0.00
429,A,Skadi the Corrupting Heart,"""潮涌，潮枯""",BAR-Y: 新生代,103.22,0.00,0.00,0.00,0.00,1800.00,1800.00,161682.53,1683.15,120.00
430,A,Specter the Unchained,生存的重压,PUM-Y: The Beauty in the Incomplete,103.10,229888.64,0.00,0.00,0.00,1800.00,1153.91,0.00,11570.87,0.00
431,A,W,RAW,ART-Y: Lost Dull Knife,102.97,80454.79,0.00,0.00,0.00,718.22,1800.00,0.00,1805.00,615.00
432,A,Carnelian,食噬之印,PLX-X: Hyacinth and Dagger,102.94,0.00,277009.74,0.00,0.00,231.45,505.06,0.00,5076.00,0.00
433,A,Blemishine,先贤化身,GUA-Y: Echo of Craftsman's Guild,102.78,141090.28,0.00,0.00,0.00,1800.00,1800.00,65325.75,4131.76,180.00
434,A,Lessing,虔修对决,DRE-Y: 苦修者的抗压训练,102.56,326848.43,0.00,0.00,0.00,873.38,333.62,0.00,9916.80,0.00
435,A,Muelsyse,生态耦合,TAC-Y: 落叶四季,102.53,208856.25,0.00,0.00,0.00,1800.00,1800.00,0.00,3966.00,200.00
436,A,Yu,RAW,PRP-X: 人间百味,102.51,88125.00,0.00,0.00,106875.00,1800.00,716.07,0.00,7466.00,240.00
437,A,Amiya (Medic),慈悲愿景,INC-X: 带有灼痕的裙子,102.39,0.00,100290.67,0.00,0.00,1800.00,1498.05,50145.33,2956.61,383.38
438,A,Absinthe,终结连射,No Module,102.33,0.00,199141.80,0.00,0.00,1527.77,532.44,0.00,1988.00,450.00
439,A,Reed the Flame Shadow,生命火种,INC-X: 'A Floral Garland to the Red Dragon',102.02,0.00,79833.60,0.00,0.00,1800.00,978.32,39916.80,1743.00,480.00
440,A,Reed the Flame Shadow,RAW,INC-Y: “独属自己的一隅”,101.95,0.00,72973.82,0.00,0.00,1800.00,1090.99,36486.91,1738.00,480.00
441,A,Shu,RAW,GUA-X: On Architecture of Time,101.92,81894.40,0.00,0.00,0.00,1800.00,1800.00,54000.00,8725.86,96.00
442,A,Zuo Le,佑序有炎,SBL-Y: 秉烛人的记录,101.63,267250.43,0.00,0.00,0.00,1158.52,717.95,0.00,11018.80,61.24
443,A,Gavial the Invincible,链锯强袭,No Module,101.57,172437.33,0.00,0.00,0.00,159.48,543.52,0.00,4359.00,0.00
444,A,Zima the Raging Tide,RAW,HAM-X: 迟到的勋章,101.05,114490.44,0.00,0.00,0.00,206.91,393.37,0.00,3330.00,363.33
445,A,Chiave,火焰剥离,No Module,101.04,44693.34,0.00,0.00,0.00,805.99,1800.00,0.00,1824.00,400.00
446,A,Ho'olheyak,博览者的狂语,CCR-X: 'Bibliotheca',100.91,0.00,194156.67,0.00,0.00,1648.30,535.45,0.00,3501.00,36.55
447,A,Surfer,洞悉,AGE-X: 佳肴,100.76,41808.00,0.00,0.00,0.00,1800.00,1800.00,0.00,2250.00,0.00
448,A,Aak,快速射击,GEE-Y: 毒医残章,100.60,248095.38,0.00,0.00,0.00,1320.18,1800.00,0.00,2339.10,21.58
449,A,Passenger,电能之触,CHA-Y: Gold of Crowns,100.06,0.00,135885.02,0.00,0.00,499.63,832.48,0.00,4045.00,505.00
450,A,Shamare,病入膏肓,UMD-X: Fabric Apples,99.74,0.00,97808.47,0.00,0.00,1800.00,1067.00,0.00,2419.20,495.00
451,A,Reed the Flame Shadow,RAW,INC-X: 'A Floral Garland to the Red Dragon',99.70,0.00,63360.00,0.00,0.00,1800.00,1261.54,31680.00,1743.00,480.00
452,A,Flametail,焰心,SOL-X: Their Future,99.47,61547.72,0.00,0.00,0.00,1800.00,1800.00,0.00,2138.00,133.33
453,A,Flamebringer,歃血,DRE-Y: Rusty Broken Blade,99.18,176489.28,0.00,0.00,0.00,1741.69,1800.00,0.00,16393.86,0.00
454,A,Elysium,支援号令·γ型,BEA-X: Emergency Callbook,99.05,43302.15,0.00,0.00,0.00,1800.00,1800.00,0.00,1819.00,0.00
455,A,Reed the Flame Shadow,生命火种,No Module,99.02,0.00,73180.80,0.00,0.00,1800.00,1070.29,36590.40,1583.00,480.00
456,A,Shamare,病入膏肓,No Module,98.73,0.00,91109.26,0.00,0.00,1800.00,1147.89,0.00,2419.20,495.00
457,A,Swire the Elegant Wit,“见面礼”,No Module,98.65,332352.00,0.00,0.00,0.00,948.13,595.98,0.00,4248.00,13.33
458,A,Cantabile,浮光,AGE-Y: “不发声者”,98.52,103615.07,0.00,0.00,0.00,1800.00,1800.00,0.00,2137.00,0.00
459,A,Flametail,焰心,No Module,98.33,44077.06,0.00,0.00,0.00,1800.00,1800.00,0.00,2138.00,133.33
460,A,Saileach,光辉旗帜,BEA-Y: “友谊万岁”,98.31,84086.15,0.00,0.00,0.00,1800.00,1800.00,0.00,2035.00,102.87
461,A,Phantom,血色乐章,No Module,98.14,437161.29,0.00,0.00,0.00,273.13,1638.89,0.00,1645.00,0.00
462,A,Breeze,RAW,RIN-X: Surgical Instrument Kit,98.08,0.00,0.00,0.00,0.00,1800.00,1800.00,94421.05,1949.25,0.00
463,A,Reed the Flame Shadow,RAW,No Module,97.98,0.00,58080.00,0.00,0.00,1800.00,1379.19,29040.00,1583.00,480.00
464,A,Saileach,光辉旗帜,No Module,97.70,84086.15,0.00,0.00,0.00,1800.00,1800.00,0.00,1835.00,102.87
465,A,Saga,怒目,No Module,97.55,103099.85,0.00,0.00,0.00,1800.00,1800.00,0.00,6703.20,0.00
466,A,Angelina,秘杖·反重力模式,DEC-Y: Gravity Calibration Module,97.54,0.00,141332.21,0.00,0.00,685.26,1055.14,0.00,2155.00,257.00
467,A,Logos,提喻,CCR-D: A Pen Collection from the Convallis,97.48,0.00,170588.70,0.00,0.00,1800.00,610.45,0.00,1833.00,203.20
468,A,Crownslayer,烽烟行刑场,EXE-X: 弑君刃,97.32,103334.26,0.00,0.00,0.00,1800.00,1800.00,0.00,1825.00,378.99
469,A,Fuze,火力侦察,CEN-Y: Sublinguistical Sign Showing System,97.14,139715.09,0.00,0.00,0.00,154.65,1800.00,0.00,5325.00,0.00
470,A,Ptilopsis,脑啡肽,RIN-X: Medic Environment Analyze System,96.85,0.00,0.00,0.00,0.00,1800.00,1800.00,212002.27,1710.00,0.00
471,A,Aak,爆发剂·榴莲味,GEE-Y: 毒医残章,96.73,266865.23,0.00,0.00,0.00,1217.19,1105.60,0.00,2339.10,21.58
472,A,W,RAW,No Module,96.64,42315.43,0.00,0.00,0.00,1000.02,1800.00,0.00,1605.00,615.00
473,A,Texas the Omertosa,细雨无声,EXE-X: “新车和新生活”,96.57,0.00,262210.59,0.00,0.00,732.65,229.90,0.00,5409.23,45.69
474,A,Zima the Raging Tide,无可抵挡,HAM-X: 迟到的勋章,96.52,136450.36,0.00,0.00,0.00,160.83,257.02,0.00,3330.00,363.33
475,A,Zuo Le,佑序有炎,"SBL-X: 'You Night, Be Fleeting'",96.49,277255.50,0.00,0.00,0.00,1493.48,1021.04,0.00,10288.00,61.24
476,A,Iana,幻影诡雷,PUM-X: 'Distant and Less Familiar World',96.34,205179.33,0.00,0.00,0.00,109.30,544.47,0.00,2436.00,330.00
477,A,Wanqing,支援号令·γ型,BEA-X: With My Wind,96.12,23046.15,0.00,0.00,0.00,1800.00,1800.00,0.00,2047.24,0.00
478,A,Fiammetta,“你须偿还”,ART-Y: 'Out-Law' Special Ammunition Surplus,95.97,354125.64,0.00,0.00,0.00,140.92,265.80,0.00,1935.63,0.00
479,A,Breeze,扩散疗法,No Module,95.87,0.00,0.00,0.00,0.00,1800.00,1800.00,115536.84,1595.00,0.00
480,A,Specter the Unchained,生存的重压,PUM-X: 'Vinyl Record' Box,95.86,251441.29,0.00,0.00,0.00,1661.14,1436.49,0.00,9952.78,0.00
481,A,Rosmontis,“如你所愿”,No Module,95.76,255332.20,0.00,0.00,0.00,253.42,1800.00,0.00,1944.00,36.75
482,A,Marcille,召唤使魔,No Module,95.64,0.00,166001.31,0.00,0.00,304.94,552.26,0.00,1805.00,171.96
483,A,Mountain,横扫架势,No Module,95.09,340428.41,0.00,0.00,0.00,520.37,1800.00,0.00,4666.50,0.00
484,A,Amiya (Medic),慈悲愿景,No Module,94.94,0.00,93277.33,0.00,0.00,1800.00,1613.11,46638.67,1911.60,383.38
485,A,Ines,独影归途,AGE-Y: 角部“护理”套组,94.92,81290.88,0.00,0.00,0.00,135.76,1287.93,0.00,2421.00,61.24
486,A,Lumen,RAW,WAH-X: Spyglass,94.85,0.00,0.00,0.00,0.00,1800.00,1800.00,45157.89,4962.50,0.00
487,A,Crownslayer,烽烟行刑场,No Module,94.85,87768.64,0.00,0.00,0.00,1800.00,1800.00,0.00,1695.00,378.99
488,A,Typhon,迅捷打击·γ型,SIE-X: Ammadikshu,94.79,252912.58,0.00,0.00,0.00,192.29,369.03,0.00,1912.00,20.00
489,A,Executor the Ex Foedere,圣约决裁,REA-Y: 已知悉,94.65,157374.63,0.00,0.00,0.00,133.07,145.84,0.00,2841.00,0.00
490,A,Pramanix,RAW,No Module,94.41,0.00,65768.50,0.00,0.00,1800.00,1759.52,0.00,2247.00,495.00
491,A,Chilchuck,随机应变,AGE-X: 原版开锁工具,94.29,59155.20,0.00,0.00,0.00,1800.00,1800.00,0.00,2180.00,0.00
492,A,Cantabile,浮光,No Module,94.10,66682.40,0.00,0.00,0.00,1800.00,1800.00,0.00,1917.00,0.00
493,A,Civilight Eterna,RAW,No Module,93.88,0.00,0.00,0.00,0.00,1800.00,1800.00,128385.00,1915.29,120.00
494,A,Hoederer,RAW,CRU-X: 新的生活,93.73,148943.36,0.00,0.00,0.00,1707.75,1150.52,0.00,9330.43,168.00
495,A,Suzuran,RAW,DEC-Y: Children of Terra,93.72,0.00,171489.45,0.00,0.00,1268.18,443.93,0.00,1600.00,353.00
496,A,Shamare,RAW,UMD-X: Fabric Apples,93.49,0.00,66992.10,0.00,0.00,1800.00,1726.80,0.00,2419.20,495.00
497,A,Tulip,钻心,No Module,93.45,26576.57,0.00,0.00,0.00,1800.00,1800.00,0.00,2095.00,0.00
498,A,Suzuran,全力以赴,DEC-X: Pocket Omamori,93.05,0.00,215536.18,0.00,0.00,1470.94,504.16,0.00,1660.00,345.00
499,A,Shamare,RAW,No Module,93.03,0.00,62403.60,0.00,0.00,1800.00,1800.00,0.00,2419.20,495.00
500,A,Philae,冥河诅咒,No Module,92.97,164910.00,0.00,0.00,106675.73,1137.69,221.89,0.00,5500.57,0.00
501,A,Utage,落地斩·破门,SBL-X: Flip Phone,92.90,327855.00,0.00,0.00,0.00,1240.98,870.46,0.00,12280.00,0.00
502,A,Tulip,只余芬芳,No Module,92.81,44815.24,0.00,0.00,0.00,1800.00,1800.00,0.00,2095.00,0.00
503,A,Ines,独影归途,No Module,92.75,75721.68,0.00,0.00,0.00,142.55,1753.91,0.00,2121.00,61.24
504,A,Breeze,集束疗法,No Module,92.64,0.00,0.00,0.00,0.00,1800.00,1800.00,103598.04,1595.00,0.00
505,A,Gavial the Invincible,RAW,CEN-Y: 好锯多磨,92.63,130226.00,0.00,0.00,0.00,315.90,1800.00,0.00,9706.25,0.00
506,A,Coldshot,酣醉之夜,HUN-X: “桀骜”,92.62,308559.95,0.00,0.00,0.00,934.21,346.21,0.00,2060.00,6.67
507,A,Zima the Raging Tide,RAW,No Module,92.60,70598.16,0.00,0.00,0.00,351.56,1800.00,0.00,2950.00,363.33
508,A,Blemishine,先贤化身,No Module,92.59,122736.28,0.00,0.00,0.00,1800.00,1800.00,59288.25,3242.00,180.00
509,A,Surfer,洞悉,No Module,92.36,37128.00,0.00,0.00,0.00,1800.00,1800.00,0.00,1950.00,0.00
510,A,Mon3tr,RAW,No Module,92.30,0.00,0.00,0.00,0.00,1800.00,1800.00,144101.98,1735.00,126.00
511,A,Vetochki,绝境抵抗,UNY-X: “时间的痕迹”,92.23,243796.88,0.00,0.00,0.00,1717.56,1155.68,0.00,1200.00,0.00
512,A,Tulip,迅瞬,SOL-X: 郁金香证章,92.15,112330.16,0.00,0.00,0.00,1800.00,1800.00,0.00,2095.00,0.00
513,A,Chilchuck,随机应变,No Module,92.15,37252.80,0.00,0.00,0.00,1800.00,1800.00,0.00,1880.00,0.00
514,A,Passenger,辉煌裂片,CHA-Y: Gold of Crowns,92.13,0.00,97269.60,0.00,0.00,747.99,1171.55,0.00,4045.00,498.33
515,A,Saileach,信仰传承,BEA-Y: “友谊万岁”,92.07,33910.15,0.00,0.00,0.00,1800.00,1800.00,0.00,2035.00,60.00
516,A,Flametail,“红松林”,SOL-Y: The Origins of Pinus Sylvestris,92.06,49461.94,0.00,0.00,0.00,670.15,1800.00,0.00,2438.00,6.12
517,A,Haruka,夏末游鳞,BLS-Y: 迟来的纪念,91.70,0.00,0.00,0.00,0.00,1800.00,1800.00,123442.62,5242.50,0.00
518,A,Suzuran,儿时的舞乐,DEC-X: Pocket Omamori,91.67,0.00,171693.33,0.00,0.00,582.20,632.77,0.00,1660.00,345.00
519,A,Lee,贵客盈门,MER-X: 'Wandering',91.48,203777.35,0.00,0.00,0.00,1192.93,1800.00,0.00,2727.00,123.99
520,A,Saileach,信仰传承,No Module,91.45,33910.15,0.00,0.00,0.00,1800.00,1800.00,0.00,1835.00,60.00
521,A,Skadi,RAW,DRE-Y: Moist Sword Bag,91.27,257920.00,0.00,0.00,0.00,1264.42,1355.97,0.00,11221.60,0.00
522,A,Puzzle,关键线索,No Module,91.25,115800.00,0.00,0.00,0.00,1800.00,1800.00,0.00,3720.00,0.00
523,A,Aak,爆发剂·γ型,GEE-Y: 毒医残章,91.10,210080.77,0.00,0.00,0.00,1800.00,1800.00,0.00,3966.30,21.58
524,A,Aak,快速射击,No Module,90.99,200232.69,0.00,0.00,0.00,1594.07,1800.00,0.00,2339.10,21.58
525,A,Logos,提喻,CCR-Y: 《语义范式百科》,90.92,0.00,170258.65,0.00,0.00,1800.00,611.70,0.00,1663.00,202.13
526,A,Paprika,同伴意识,XAH-X: “多彩人生”,90.92,0.00,0.00,0.00,0.00,1800.00,1800.00,181027.19,5038.20,0.00
527,A,Blitz,突破防线,SPT-X: Shield Maintenance Oil,90.89,302209.78,0.00,0.00,0.00,989.00,409.93,0.00,3463.00,85.74
528,A,Jacinta,支援号令·γ型,BEA-X: 弹射起步,90.88,24861.54,0.00,0.00,0.00,1800.00,1800.00,0.00,2052.44,0.00
529,A,Lord/Sharp,沉默的爆发,No Module,90.71,168328.25,0.00,0.00,0.00,547.46,456.26,0.00,2362.00,125.00
530,A,Yu,RAW,No Module,90.70,72187.50,0.00,0.00,106875.00,1800.00,722.02,0.00,5713.71,240.00
531,A,Executor the Ex Foedere,圣约决裁,REA-X: Unanswered,90.60,150122.26,0.00,0.00,0.00,134.23,174.26,0.00,2491.00,0.00
532,A,Logos,提喻,No Module,90.40,0.00,167429.65,0.00,0.00,1800.00,622.64,0.00,1663.00,202.13
533,A,Matsukiri,万手成局,No Module,90.38,133250.00,0.00,0.00,0.00,1800.00,1800.00,0.00,4604.60,0.00
534,A,Elysium,支援号令·γ型,No Module,90.24,35272.62,0.00,0.00,0.00,1800.00,1800.00,0.00,1669.00,0.00
535,A,Tuye,强心剂,PHY-X: Water Still Device,90.19,0.00,0.00,0.00,0.00,1800.00,1800.00,187787.37,2445.00,0.00
536,A,Mon3tr,策略：超压链接,No Module,90.09,0.00,0.00,0.00,0.00,1800.00,1800.00,165738.76,1735.00,126.00
537,A,Jacinta,支援号令·γ型,No Module,90.05,24861.54,0.00,0.00,0.00,1800.00,1800.00,0.00,1779.31,0.00
538,A,Delphine,“抢攻”,MSC-Y: Gloomy Justice,90.04,0.00,255999.74,0.00,0.00,1156.64,385.71,0.00,4295.20,300.00
539,A,Schwarz,暮眼锐瞳,No Module,90.01,213890.80,0.00,0.00,0.00,1483.34,600.27,0.00,1833.00,300.00
540,A,Saga,除恶,SOL-X: Where to Find the Burdenbeast?,89.79,176383.20,0.00,0.00,0.00,1800.00,1800.00,0.00,6703.20,0.00
541,A,Closure,Q.E.D.,TAC-X: 给自己的小奖杯,89.50,113724.00,0.00,0.00,0.00,1800.00,1800.00,0.00,1942.00,0.00
542,A,Texas,剑雨,SOL-Y: Private Field Supply Package,89.30,0.00,43992.31,0.00,0.00,1800.00,1800.00,0.00,2105.00,36.75
543,A,Saga,冲锋号令·γ型,SOL-X: Where to Find the Burdenbeast?,89.11,127200.00,0.00,0.00,0.00,1800.00,1800.00,0.00,6703.20,0.00
544,A,Logos,延异视阈,CCR-Y: 《语义范式百科》,88.82,0.00,190371.20,0.00,0.00,378.97,366.49,0.00,1663.00,202.13
545,A,Skadi,跃浪击,DRE-X: No Ending to This Dream,88.75,406041.60,0.00,0.00,0.00,527.66,119.29,0.00,4186.00,0.00
546,A,SilverAsh the Reignfrost,变革已至,No Module,88.72,155906.40,0.00,0.00,0.00,1800.00,1800.00,0.00,2661.60,30.00
547,A,Mr. Nothing,知难而退,No Module,88.65,247125.00,0.00,0.00,0.00,1692.57,1800.00,0.00,5995.00,48.99
548,A,Kal'tsit the Esperanta,以行践言,No Module,88.50,0.00,0.00,0.00,0.00,1800.00,1800.00,104335.26,3025.00,210.00
549,A,Horn,暴风号令,No Module,88.11,160973.44,0.00,0.00,0.00,306.60,788.91,0.00,8996.00,0.00
550,A,Istina,RAW,No Module,88.04,0.00,42225.18,0.00,0.00,1800.00,1800.00,0.00,1280.00,525.00
551,A,Penance,一锤定音,UNY-X: The Thorny Road That Continues,88.03,288502.61,39262.40,0.00,0.00,1062.33,280.79,0.00,7621.25,61.24
552,A,Santalla,“女巫之泪”,No Module,87.98,0.00,91436.49,0.00,0.00,399.28,805.02,0.00,1640.00,5.00
553,A,Lee,RAW,MER-Y: 'Distinguisher',87.84,146782.08,0.00,0.00,0.00,1711.19,1800.00,0.00,2427.00,216.75
554,A,Eyjafjalla,火山,CCR-X: 'Missed Sounds',87.74,0.00,228354.64,0.00,0.00,307.66,387.74,0.00,1923.00,48.00
555,A,Nearl the Radiant Knight,耀阳颔首,DRE-X: Blade of Blazing Sun,87.70,305218.31,0.00,0.00,0.00,995.97,614.46,0.00,3880.00,36.75
556,A,Carnelian,沙缚镣锁,PLX-X: Hyacinth and Dagger,87.64,0.00,179993.33,0.00,0.00,377.22,779.18,0.00,5076.00,2.00
557,A,Aak,爆发剂·榴莲味,No Module,87.63,216155.77,0.00,0.00,0.00,1466.32,1631.99,0.00,2339.10,21.58
558,A,Shu,化被草木,No Module,87.31,66214.40,0.00,0.00,0.00,1800.00,1800.00,110974.18,4941.55,96.00
559,A,Hoederer,重锋不熄,No Module,87.28,197321.39,0.00,0.00,0.00,1431.39,676.44,0.00,9474.68,168.00
560,A,Wanqing,应东风,BEA-X: With My Wind,87.25,25062.69,0.00,0.00,0.00,1800.00,1800.00,0.00,2047.24,25.00
561,A,Wanqing,支援号令·γ型,No Module,87.05,23046.15,0.00,0.00,0.00,1800.00,1800.00,0.00,1667.60,0.00
562,A,Blitz,闪光护盾,SPT-X: Shield Maintenance Oil,86.84,82593.33,0.00,0.00,0.00,1800.00,1800.00,0.00,3463.00,75.68
563,A,Hoshiguma the Breacher,恶业苦果,AST-X: 无迹,86.79,0.00,327676.22,0.00,0.00,1241.74,292.79,0.00,4926.00,0.00
564,A,Lappland the Decadenza,慵怠者悲鸣,FUN-X: 狼时,86.66,0.00,319976.80,0.00,0.00,610.45,218.35,0.00,1663.00,9.14
565,A,Aak,快速射击,GEE-X: Mixed-Fruit Medical Caddy,86.55,169297.93,0.00,0.00,0.00,1800.00,1800.00,0.00,3069.90,21.58
566,A,Elysium,聆听,BEA-X: Emergency Callbook,86.52,24357.46,0.00,0.00,0.00,1800.00,1800.00,0.00,1819.00,0.00
567,A,Broca,高压电流,CEN-X: 'Buddies',86.51,91247.45,0.00,0.00,0.00,166.79,662.93,0.00,2490.00,67.91
568,A,Kal'tsit the Esperanta,战术锚点,No Module,86.49,0.00,0.00,0.00,0.00,1800.00,1800.00,161930.16,3025.00,0.00
569,A,Tsukinogi,森廻,BLS-X: Rouya Bimei,86.40,0.00,0.00,0.00,0.00,1800.00,1800.00,100198.12,6843.72,132.48
570,A,Nian,铜印,PRO-Y: 'Don't Disturb',86.36,59646.67,0.00,0.00,0.00,1800.00,1800.00,0.00,1200.00,22.84
571,A,Lumen,RAW,WAH-Y: 'Luck',86.35,0.00,0.00,0.00,0.00,1800.00,1800.00,45157.89,3193.75,0.00
572,A,Zuo Le,行险,No Module,86.34,244865.00,0.00,0.00,0.00,1709.47,1305.33,0.00,11574.00,0.00
573,A,Vulcan,RAW,UNY-X: The Shaper,86.33,228187.50,0.00,0.00,0.00,1800.00,1492.36,0.00,10940.00,0.00
574,A,Jaye,断螯,MER-X: Steel Tool Set,86.28,298524.29,0.00,0.00,0.00,766.13,349.48,0.00,2284.00,9.14
575,A,Lin,荫庇,PLX-X: 'Exquisite Heart',85.94,0.00,135881.24,0.00,0.00,525.24,1061.07,0.00,1200.00,189.52
576,A,Horn,照明榴弹,FOR-Y: 旧日新装,85.76,213431.40,0.00,0.00,0.00,220.32,657.39,0.00,4904.00,0.00
577,A,Lee,贵客盈门,No Module,85.76,180979.07,0.00,0.00,0.00,1361.35,1800.00,0.00,2427.00,111.75
578,A,Istina,专心致志,No Module,85.74,0.00,65449.03,0.00,0.00,1800.00,1150.25,0.00,1280.00,525.00
579,A,Aak,爆发剂·γ型,No Module,85.57,174115.38,0.00,0.00,0.00,1800.00,1800.00,0.00,3966.30,21.58
580,A,Aak,爆发剂·γ型,GEE-X: Mixed-Fruit Medical Caddy,85.51,140353.85,0.00,0.00,0.00,1800.00,1800.00,0.00,4889.10,21.58
581,A,Absinthe,执法模式,No Module,85.40,0.00,152977.11,0.00,0.00,1800.00,622.19,0.00,1988.00,450.00
582,A,Mudrock,秽壤的血脉,No Module,85.36,149173.38,0.00,0.00,0.00,463.62,630.79,0.00,3325.71,61.24
583,A,Lumen,RAW,No Module,85.29,0.00,0.00,0.00,0.00,1800.00,1800.00,41684.21,3193.75,0.00
584,A,Narantuya,吞日,LPS-Y: “致我们的老大”,85.06,176852.75,0.00,0.00,0.00,754.24,1800.00,0.00,2800.00,196.67
585,A,Schwarz,战术的终结,ARC-X: Customized Crossbow Accessory Suit,84.97,251213.40,0.00,0.00,0.00,1302.02,465.05,0.00,2003.00,300.00
586,A,Gavial the Invincible,精准痛击,No Module,84.89,216080.00,0.00,0.00,0.00,242.33,1800.00,0.00,4359.00,0.00
587,A,Flametail,“红松林”,SOL-X: Their Future,84.83,44906.61,0.00,0.00,0.00,746.87,1800.00,0.00,2138.00,6.12
588,A,Iana,全知者的战术,No Module,84.66,264808.32,0.00,0.00,0.00,1800.00,1800.00,0.00,2436.00,330.00
589,A,Logos,延异视阈,No Module,84.36,0.00,182499.20,0.00,0.00,410.24,383.97,0.00,1663.00,202.13
590,A,Absinthe,RAW,CCR-X: 'Custodia' Individual Comm-Unit,84.26,0.00,151631.12,0.00,0.00,1800.00,663.84,0.00,2983.00,450.00
591,A,Kirin R Yato,空中回旋乱舞,EXE-X: Training Dummy,84.24,245676.20,0.00,0.00,0.00,232.38,993.11,0.00,1752.00,0.00
592,A,Vetochki,生存决心,UNY-X: “时间的痕迹”,84.11,342185.20,0.00,0.00,0.00,300.54,207.11,0.00,3571.20,0.00
593,A,Aak,爆发剂·榴莲味,GEE-X: Mixed-Fruit Medical Caddy,83.96,181978.36,0.00,0.00,0.00,1767.85,1800.00,0.00,3069.90,21.58
594,A,Lessing,苦修破誓,DRE-X: Blade Seal,83.92,287894.64,0.00,0.00,0.00,1012.10,801.59,0.00,8572.20,0.00
595,A,Muelsyse,生态耦合,No Module,83.85,81465.00,0.00,0.00,0.00,1800.00,1800.00,0.00,3626.00,200.00
596,A,Lumen,灯火不灭,WAH-X: Spyglass,83.69,0.00,0.00,0.00,0.00,1800.00,1800.00,55876.29,4962.50,0.00
597,A,Skadi the Corrupting Heart,RAW,BAR-Y: 新生代,83.65,0.00,0.00,0.00,0.00,1800.00,1800.00,135250.35,1603.00,0.00
598,A,Pallas,信念的长鞭,INS-X: 'Ούρος',83.61,209779.05,0.00,0.00,0.00,1009.88,609.78,0.00,2173.00,2.45
599,A,Phantom,夜幕突袭,EXE-Y: 'Think of Me',83.61,57955.10,0.00,0.00,0.00,1513.31,1800.00,0.00,1645.00,85.12
600,A,Zima the Raging Tide,无可抵挡,No Module,83.53,85315.86,0.00,0.00,0.00,267.25,882.06,0.00,2950.00,363.33
601,A,Phantom,夜幕突袭,EXE-X: Miss Christine's Felt,83.36,53627.53,0.00,0.00,0.00,1744.09,1800.00,0.00,1785.00,85.12
602,A,Angelina,秘杖·反重力模式,DEC-X: Experimental Anti-Gravity Module,83.35,0.00,153115.42,0.00,0.00,597.57,937.87,0.00,1735.00,249.00
603,A,Lemuen,礼炮·强制追思,DEA-Y: “弹匣与花窗”,83.35,300425.89,0.00,0.00,0.00,1014.25,315.41,0.00,1568.00,270.00
604,A,Nearl the Radiant Knight,灿焰长刃,DRE-X: Blade of Blazing Sun,83.27,300602.03,0.00,0.00,0.00,657.54,109.98,0.00,3880.00,36.75
605,A,Ela,眩目阻滞,TRP-D: Social Expectation Backpack,83.19,353328.71,0.00,0.00,0.00,839.56,660.13,0.00,1468.00,66.67
606,A,Texas,剑雨,No Module,83.15,0.00,40583.31,0.00,0.00,1800.00,1800.00,0.00,1950.00,36.75
607,A,Logos,殁亡,CCR-D: A Pen Collection from the Convallis,83.14,0.00,254044.20,0.00,0.00,1226.31,386.18,0.00,1833.00,203.20
608,A,Carnelian,食噬之印,PLX-Y: Always Have Your Back,83.05,0.00,293925.26,0.00,0.00,165.49,348.50,0.00,2106.00,0.00
609,A,Kirin R Yato,乱舞,EXE-X: Training Dummy,83.01,241810.30,0.00,0.00,0.00,235.81,1800.00,0.00,1752.00,0.00
610,A,Suzuran,狐火渺然,DEC-X: Pocket Omamori,82.98,0.00,137486.23,0.00,0.00,696.52,824.42,0.00,1660.00,345.00
611,A,Istina,文学风暴,No Module,82.85,0.00,52781.47,0.00,0.00,1800.00,1520.90,0.00,1280.00,525.00
612,A,Virtuosa,“安魂的弥撒”,RIT-Y: 音乐家的旅程,82.82,0.00,8533.33,0.00,359466.67,515.82,97.53,0.00,1441.00,1.33
613,A,Virtuosa,“安魂的弥撒”,RIT-X: 强弱法,82.73,0.00,8533.33,0.00,359466.67,515.82,97.53,0.00,1411.00,1.33
614,A,Nearl the Radiant Knight,RAW,DRE-Y: 'A Knightly House',82.72,183984.67,0.00,0.00,0.00,1747.07,1800.00,0.00,8520.00,48.99
615,A,Myrtle,支援号令·β型,BEA-X: Private Collections,82.57,50769.23,0.00,0.00,0.00,1800.00,1800.00,0.00,2325.00,0.00
616,A,Saga,RAW,SOL-Y: Walk The World,82.36,81428.57,0.00,0.00,0.00,1800.00,1800.00,0.00,9646.20,0.00
617,A,Breeze,RAW,No Module,82.27,0.00,0.00,0.00,0.00,1800.00,1800.00,57768.42,1595.00,0.00
618,A,Flametail,“红松林”,No Module,82.26,31995.43,0.00,0.00,0.00,1045.46,1800.00,0.00,2138.00,6.12
619,A,Narantuya,吞日,LPS-X: “吹尽狂沙”,82.16,167808.00,0.00,0.00,0.00,800.83,1800.00,0.00,2500.00,196.67
620,A,Texas the Omertosa,细雨无声,No Module,82.16,0.00,202549.32,0.00,0.00,999.42,320.01,0.00,4565.71,45.69
621,A,Virtuosa,“安魂的弥撒”,No Module,82.13,0.00,8533.33,0.00,359466.67,515.82,97.53,0.00,1201.00,1.33
622,A,Eyjafjalla the Hvít Aska,RAW,WDM-X: 想要留住的声音,82.10,0.00,0.00,0.00,0.00,1800.00,1800.00,111101.05,1863.22,96.00
623,A,Vina Victoria,俱以我之名,AFT-X: 城主的冒险,82.03,0.00,163841.31,0.00,0.00,383.11,434.60,0.00,4631.94,194.00
624,A,Swire the Elegant Wit,千金一掷,MER-Y: 诗怀雅的龙门美食指南,81.97,272496.24,0.00,0.00,0.00,1189.03,1252.55,0.00,6136.00,0.00
625,A,Kal'tsit,指令：战术协同,PHY-Y: Panacea,81.88,81686.97,0.00,0.00,0.00,1800.00,1800.00,155543.58,1828.00,0.00
626,A,Horn,RAW,FOR-Y: 旧日新装,81.78,134563.41,0.00,0.00,0.00,378.35,1800.00,0.00,4904.00,0.00
627,A,Passenger,聚焦指令,CHA-X: Electromagnetic Regulator,81.77,0.00,119275.29,0.00,0.00,489.35,931.16,0.00,2804.40,380.33
628,A,Mudrock,岩崩锤,UNY-Y: 沃土的愿景,81.60,155545.18,0.00,0.00,0.00,748.72,1534.83,0.00,7735.14,14.70
629,A,Specter,肉斩骨断,CEN-X: Dim Candlelight,81.55,130397.33,0.00,0.00,0.00,210.11,1002.09,0.00,3682.00,122.49
630,A,Amiya (Guard),影霄·奔夜,AFT-X: 待调弦的怒火,81.46,0.00,268065.97,0.00,0.00,1154.55,348.93,0.00,2629.00,176.96
631,A,Ho'olheyak,博览者的狂语,No Module,81.39,0.00,139499.97,0.00,0.00,1800.00,812.03,0.00,3186.00,13.71
632,A,Aak,RAW,GEE-Y: 毒医残章,81.36,168064.62,0.00,0.00,0.00,1800.00,1800.00,0.00,2339.10,21.58
633,A,Ceobe,“很重的枪”,No Module,81.29,0.00,110647.30,0.00,0.00,1800.00,657.45,0.00,1565.00,22.84
634,A,Lin,荫庇,PLX-Y: “情与义”,81.22,0.00,113155.22,0.00,0.00,476.44,974.22,0.00,2048.00,189.52
635,A,Skadi the Corrupting Heart,"""潮涌，潮枯""",BAR-X: 蜕化的残迹,81.03,0.00,0.00,0.00,0.00,1800.00,1800.00,120612.86,1819.65,120.00
636,A,Vina Victoria,俱以我之名,AFT-Y: 秩序圣“球”,81.02,0.00,171340.80,0.00,0.00,360.16,412.46,0.00,3711.54,194.00
637,A,Senshi,团体魔物大餐,GUA-Y: 非魔法厨艺,80.98,20777.78,0.00,0.00,0.00,1800.00,1800.00,155100.00,3611.76,0.00
638,A,Jessica the Liberated,掩蔽护卫,SPT-Y: 未曾风化,80.85,240545.42,0.00,0.00,0.00,1296.93,1800.00,0.00,3933.00,125.00
639,A,Shining,自动掩护,PHY-X: 'Followers',80.46,0.00,0.00,0.00,0.00,1800.00,1800.00,147209.14,2419.50,111.88
640,A,Kestrel,冲锋号令·γ型,SOL-Y: Intimidator,80.29,44475.73,0.00,0.00,0.00,1800.00,1800.00,0.00,2140.00,0.00
641,A,Phantom,夜幕突袭,No Module,80.23,33156.13,0.00,0.00,0.00,1800.00,1800.00,0.00,1645.00,85.12
642,A,Lumen,沐雨,WAH-X: Spyglass,80.16,0.00,0.00,0.00,0.00,1800.00,1800.00,45157.89,4962.50,0.00
643,A,Lumen,沛霖,WAH-X: Spyglass,80.16,0.00,0.00,0.00,0.00,1800.00,1800.00,45157.89,4962.50,0.00
644,A,Blitz,突破防线,No Module,80.13,248336.75,0.00,0.00,0.00,1257.82,547.38,0.00,3213.00,85.74
645,A,Ash,支援射击,MAR-Y: Tactical Breaching Round Pack,80.05,162272.27,0.00,0.00,0.00,1800.00,1800.00,0.00,1889.00,48.99
646,A,Typhon,冰原秩序,No Module,80.01,148201.44,0.00,0.00,0.00,230.64,501.19,0.00,1702.00,24.90
647,A,Uika Misumi,我思念的,BAR-X: 占卜的意义,79.64,0.00,0.00,0.00,0.00,1800.00,1800.00,127352.42,1610.00,139.62
648,A,Blitz,闪光护盾,No Module,79.49,32568.75,0.00,0.00,0.00,1800.00,1800.00,0.00,3213.00,75.68
649,A,Shamare,诅咒娃娃,UMD-X: Fabric Apples,79.40,0.00,65384.29,0.00,0.00,1800.00,1774.98,0.00,2419.20,495.00
650,A,Suzuran,全力以赴,No Module,79.16,0.00,133544.47,0.00,0.00,1668.65,569.79,0.00,1480.00,345.00
651,A,Shamare,诅咒娃娃,No Module,78.96,0.00,60905.91,0.00,0.00,1800.00,1800.00,0.00,2419.20,495.00
652,A,Pramanix the Prerita,铃音吹雪,PLX-Y: 千分之一的心,78.92,0.00,225111.74,0.00,0.00,291.58,649.69,0.00,4116.00,27.50
653,A,Lessing,强力击·γ型,DRE-Y: 苦修者的抗压训练,78.83,354497.63,0.00,0.00,0.00,793.13,275.03,0.00,9916.80,0.00
654,A,Aak,RAW,GEE-X: Mixed-Fruit Medical Caddy,78.79,107604.62,0.00,0.00,0.00,1800.00,1800.00,0.00,3069.90,21.58
655,A,Pozëmka,抑扬格,ARC-Y: Typewriter Ribbon,78.68,411104.30,0.00,0.00,0.00,699.34,192.44,0.00,1972.00,0.00
656,A,Lee,驱凶辟邪,MER-Y: 'Distinguisher',78.62,191419.02,0.00,0.00,0.00,1219.10,1029.12,0.00,2427.00,216.75
657,A,Aphrissa,混沌的本质,No Module,78.59,0.00,209921.02,0.00,0.00,142.54,272.84,0.00,1660.00,0.00
658,A,Pallas,英勇的祝福,INS-X: 'Ούρος',78.47,126580.71,0.00,0.00,0.00,355.62,454.82,0.00,2173.00,0.00
659,A,Suzuran,儿时的舞乐,No Module,78.44,0.00,107312.52,0.00,0.00,690.23,697.36,0.00,1480.00,345.00
660,A,Aegis,启动狂宴模式,BRK-X: 约定的证明,78.36,234308.80,0.00,0.00,0.00,1792.68,868.49,0.00,1960.00,272.49
661,A,Spuria,见机行事,GEE-X: Drone Spraying Kit,78.33,269174.31,0.00,0.00,0.00,1149.19,254.43,0.00,1893.00,8.57
662,A,Closure,Q.E.D.,No Module,78.26,94284.00,0.00,0.00,0.00,1800.00,1800.00,0.00,1762.00,0.00
663,A,Heidi,虚构故事·锈城,BAR-X: 华贵璀璨的死斗,78.20,0.00,0.00,0.00,0.00,1800.00,1800.00,125018.64,1768.00,106.00
664,A,Ho'olheyak,但为求索,CCR-Y: Time Gallery of K'uk'ulkan,78.20,0.00,205149.24,0.00,0.00,1800.00,712.67,0.00,5348.00,13.71
665,A,Wanqing,应东风,No Module,78.18,25062.69,0.00,0.00,0.00,1800.00,1800.00,0.00,1667.60,25.00
666,A,Mudrock,RAW,UNY-X: Spreading Roots of Soil and Stone,78.17,277443.75,0.00,0.00,0.00,1492.37,758.12,0.00,9088.80,0.00
667,A,Aak,RAW,No Module,78.10,133488.46,0.00,0.00,0.00,1800.00,1800.00,0.00,2339.10,21.58
668,A,Jaye,断螯,No Module,78.02,253667.52,0.00,0.00,0.00,929.03,766.93,0.00,2284.00,9.14
669,A,Elysium,聆听,No Module,77.71,19840.85,0.00,0.00,0.00,1800.00,1800.00,0.00,1669.00,0.00
670,A,Lin,玲珑,PLX-X: 'Exquisite Heart',77.65,0.00,128207.79,0.00,0.00,563.47,1146.56,0.00,1200.00,18.92
671,A,Jessica the Liberated,掩蔽护卫,SPT-X: This Hero of Mine,77.63,230900.83,0.00,0.00,0.00,1363.63,1800.00,0.00,3518.40,125.00
672,A,Senshi,团体魔物大餐,No Module,77.40,20777.78,0.00,0.00,0.00,1800.00,1800.00,155100.00,2770.00,0.00
673,A,Jacinta,伞下乘荫,BEA-X: 弹射起步,77.38,24861.54,0.00,0.00,0.00,1800.00,1800.00,0.00,2274.32,0.00
674,A,Shu,RAW,No Module,77.38,66214.40,0.00,0.00,0.00,1800.00,1800.00,54000.00,4941.55,96.00
675,A,Shining,教条力场,PHY-Y: Withered Scabbard,77.36,0.00,0.00,0.00,0.00,1800.00,1800.00,119448.84,1613.00,198.33
676,A,Laios,胆小剑助,DRE-Y: 想要带回迷宫的包裹,77.20,251010.50,0.00,0.00,0.00,1242.88,268.68,0.00,9811.20,0.00
677,A,Blaze the Igniting Spark,RAW,PRI-Y: 沟通小助手,77.19,0.00,0.00,0.00,510000.00,743.54,148.67,0.00,3576.96,61.24
678,A,Angelina,秘杖·反重力模式,No Module,77.18,0.00,129395.37,0.00,0.00,763.25,1155.54,0.00,1635.00,249.00
679,A,Ines,RAW,AGE-Y: 角部“护理”套组,77.15,58320.00,0.00,0.00,0.00,1800.00,1800.00,0.00,2421.00,61.24
680,A,Eyjafjalla the Hvít Aska,RAW,WDM-Y: 想要留下的生命,77.12,0.00,0.00,0.00,0.00,1800.00,1800.00,100984.67,1554.12,96.00
681,A,Ho'olheyak,群星逶迤,CCR-Y: Time Gallery of K'uk'ulkan,76.98,0.00,150109.20,0.00,0.00,1800.00,991.50,0.00,5348.00,13.71
682,A,Magallan,高效制冷模块,SUM-X: Drone Control Module.P,76.97,0.00,41520.00,0.00,0.00,1800.00,1800.00,0.00,1253.00,6.67
683,A,Jacinta,伞下乘荫,No Module,76.79,24861.54,0.00,0.00,0.00,1800.00,1800.00,0.00,2091.89,0.00
684,A,Broca,高压电流,No Module,76.74,65754.34,0.00,0.00,0.00,239.02,1484.00,0.00,2335.00,67.91
685,A,Myrtle,治愈之翼,BEA-X: Private Collections,76.71,50769.23,0.00,0.00,0.00,1800.00,1800.00,0.00,2325.00,0.00
686,A,Gummy,食粮烹制,GUA-X: Медовые Пряники,76.69,30417.50,0.00,0.00,0.00,1800.00,1800.00,46657.80,3768.00,124.78
687,A,Kirin R Yato,空中回旋乱舞,EXE-Y: 罗德岛制式双刀,76.67,220467.33,0.00,0.00,0.00,263.88,1232.22,0.00,1829.00,0.00
688,A,Specter the Unchained,生存的重压,No Module,76.67,151365.85,0.00,0.00,0.00,1800.00,1800.00,0.00,9137.78,0.00
689,A,Vina Victoria,进赴故土,AFT-X: 城主的冒险,76.60,0.00,215041.72,0.00,0.00,484.32,276.83,0.00,4631.94,194.00
690,A,Tuye,强心剂,No Module,76.57,0.00,0.00,0.00,0.00,1800.00,1800.00,170301.23,1550.00,0.00
691,A,Coldshot,酣醉之夜,No Module,76.12,264755.96,0.00,0.00,0.00,1113.53,465.66,0.00,1855.00,6.67
692,A,Lin,荫庇,No Module,76.04,0.00,95513.07,0.00,0.00,583.46,1160.31,0.00,2048.00,189.52
693,A,Ash,支援射击,MAR-X: Modified Breaching Grenade,75.95,168456.14,0.00,0.00,0.00,1800.00,1800.00,0.00,1859.00,73.49
694,A,Suzuran,RAW,DEC-X: Pocket Omamori,75.68,0.00,137486.23,0.00,0.00,1800.00,824.42,0.00,1660.00,345.00
695,A,THRM-EX,RAW,No Module,75.67,962.00,0.00,0.00,0.00,1800.00,1800.00,0.00,1443.00,450.00
696,A,Lee,RAW,MER-X: 'Wandering',75.67,116541.00,0.00,0.00,0.00,1800.00,1800.00,0.00,2727.00,123.99
697,A,SilverAsh the Reignfrost,周旋的谋略,No Module,75.65,79500.00,0.00,0.00,0.00,1800.00,1800.00,0.00,3771.10,0.00
698,A,Lappland the Decadenza,慵怠者悲鸣,No Module,75.60,0.00,266252.42,0.00,0.00,763.01,272.20,0.00,1503.00,9.14
699,A,Narantuya,吞日,No Module,75.52,132825.00,0.00,0.00,0.00,1035.75,1800.00,0.00,2500.00,196.67
700,A,Amiya,精神爆发,CCR-Y: DWDB-221E,75.48,0.00,114746.67,0.00,0.00,1800.00,529.28,0.00,1630.00,122.49
701,A,Perfumer the Distilled,“山中的喜悦”,BLS-Y: “双月的呼吸”,75.38,0.00,0.00,0.00,0.00,1800.00,1800.00,113898.05,2557.69,160.89
702,A,Passenger,RAW,CHA-X: Electromagnetic Regulator,75.26,0.00,89974.50,0.00,0.00,821.40,1277.44,0.00,2804.40,380.33
703,A,Hoederer,RAW,No Module,75.20,68630.40,0.00,0.00,0.00,1800.00,1800.00,0.00,7579.75,168.00
704,A,Lumen,灯火不灭,WAH-Y: 'Luck',75.19,0.00,0.00,0.00,0.00,1800.00,1800.00,55876.29,3193.75,0.00
705,A,Saga,冲锋号令·γ型,No Module,75.14,65714.29,0.00,0.00,0.00,1800.00,1800.00,0.00,4939.20,0.00
706,A,Snegurochka,数据分析,AGE-X: 缺角的权限,74.96,55246.32,0.00,0.00,0.00,1800.00,1800.00,0.00,1855.00,0.00
707,A,Ines,RAW,No Module,74.93,34680.00,0.00,0.00,0.00,1800.00,1800.00,0.00,2121.00,61.24
708,A,Kirin R Yato,乱舞,EXE-Y: 罗德岛制式双刀,74.92,214584.72,0.00,0.00,0.00,270.94,1800.00,0.00,1829.00,0.00
709,A,Hoshiguma the Breacher,恶业苦果,No Module,74.79,0.00,268008.94,0.00,0.00,1549.85,387.32,0.00,4926.00,0.00
710,A,Snegurochka,循理归因,AGE-X: 缺角的权限,74.79,39417.84,0.00,0.00,0.00,1800.00,1800.00,0.00,1855.00,6.67
711,A,Wang,取势,TRP-X: 兽形棋盒,74.38,89886.66,365211.05,0.00,0.00,274.39,205.36,0.00,1630.00,43.33
712,A,Vina Victoria,进赴故土,AFT-Y: 秩序圣“球”,74.32,0.00,227865.60,0.00,0.00,453.46,255.99,0.00,3711.54,194.00
713,A,Surtr,熔核巨影,AFT-Y: 旅游必需品,74.31,0.00,302806.73,0.00,0.00,330.00,157.96,0.00,2916.00,0.00
714,A,Bagpipe,高效冲击,CHG-X: Piledriver Spear Magazine,74.30,89156.35,0.00,0.00,0.00,1800.00,1800.00,0.00,2664.00,0.00
715,A,Siege,碎颅击,SOL-Y: 'Thy First Vow',74.27,110903.65,0.00,0.00,0.00,1800.00,1275.01,0.00,2511.00,18.37
716,A,Tulip,迅瞬,No Module,74.15,73633.33,0.00,0.00,0.00,1800.00,1800.00,0.00,2095.00,0.00
717,A,Wang,连星,TRP-X: 兽形棋盒,74.12,67993.41,441960.21,0.00,0.00,166.63,161.38,0.00,1630.00,0.00
718,A,Blaze the Igniting Spark,RAW,PRI-X: 热切的期盼,74.10,0.00,0.00,0.00,510000.00,743.54,148.67,0.00,2887.16,61.24
719,A,Pramanix the Prerita,铃音吹雪,No Module,73.95,0.00,206578.94,0.00,0.00,321.72,711.12,0.00,4116.00,27.50
720,A,Eyjafjalla the Hvít Aska,云霭荫佑,WDM-X: 想要留住的声音,73.84,0.00,0.00,0.00,0.00,1800.00,1800.00,112451.05,1863.22,96.00
721,A,Lumen,灯火不灭,No Module,73.73,0.00,0.00,0.00,0.00,1800.00,1800.00,51578.12,3193.75,0.00
722,A,Schwarz,战术的终结,No Module,73.62,200210.40,0.00,0.00,0.00,1594.26,654.84,0.00,1833.00,300.00
723,A,Vulcan,坚守模式,UNY-X: The Shaper,73.60,228187.50,0.00,0.00,0.00,1800.00,1492.36,0.00,1200.00,0.00
724,A,Saga,除恶,No Module,73.50,100694.29,0.00,0.00,0.00,1800.00,1800.00,0.00,4939.20,0.00
725,A,Quercus,生灵的回响,BLS-X: Rusty Stick,73.34,0.00,0.00,0.00,0.00,1800.00,1800.00,111227.00,4739.81,93.44
726,A,Specter,肉斩骨断,No Module,73.23,103066.67,0.00,0.00,0.00,277.26,1540.53,0.00,3682.00,122.49
727,A,Folinic,RAW,PHY-Y: Mother's Cravat,73.13,0.00,0.00,0.00,0.00,1800.00,1800.00,45073.06,1705.00,0.00
728,A,Sideroca,RAW,AFT-Y: 漫游者的压舱石,73.05,0.00,128240.64,0.00,0.00,1800.00,1548.35,0.00,3165.00,0.00
729,A,Skadi the Corrupting Heart,"""潮涌，潮枯""",No Module,72.98,0.00,0.00,0.00,0.00,1800.00,1800.00,105059.40,1683.15,120.00
730,A,Conviction,创世纪,DRE-X: The Fist of Conviction,72.81,42172.49,0.00,0.00,0.00,1437.87,1800.00,0.00,3483.00,145.33
731,A,Tomimi,部族技艺,CCR-Y: Broken Tail Corrector,72.55,0.00,362862.50,0.00,0.00,771.22,274.62,0.00,1920.00,0.00
732,A,Folinic,复合型药物弹片,PHY-Y: Mother's Cravat,72.54,0.00,43897.24,0.00,0.00,1800.00,1800.00,50560.21,1705.00,0.00
733,A,Blaze the Igniting Spark,RAW,No Module,72.50,0.00,0.00,0.00,510000.00,743.54,148.67,0.00,2496.42,61.24
734,A,Lin,玲珑,PLX-Y: “情与义”,72.46,0.00,106765.14,0.00,0.00,510.35,1052.94,0.00,2048.00,18.92
735,A,Lessing,RAW,DRE-Y: 苦修者的抗压训练,72.43,198262.83,0.00,0.00,0.00,1535.16,1800.00,0.00,9916.80,0.00
736,A,Proviso,致胜立论,DEC-X: Deszcz's Graduate Memento,72.39,0.00,173052.83,0.00,0.00,1255.42,439.58,0.00,1418.00,112.36
737,A,Uika Misumi,我思念的,No Module,72.39,0.00,0.00,0.00,0.00,1800.00,1800.00,114183.42,1410.00,139.62
738,A,Rosa,分裂射击,SIE-Y: “心”,72.24,193837.25,0.00,0.00,0.00,256.18,407.63,0.00,1755.00,0.00
739,A,Lee,RAW,No Module,72.22,101223.00,0.00,0.00,0.00,1800.00,1800.00,0.00,2427.00,111.75
740,A,Perfumer the Distilled,“山中的喜悦”,No Module,72.17,0.00,0.00,0.00,0.00,1800.00,1800.00,110490.64,2196.43,160.89
741,A,Absinthe,RAW,No Module,72.15,0.00,90519.00,0.00,0.00,1800.00,1212.93,0.00,1988.00,450.00
742,A,Siege,碎颅击,SOL-X: 'Candy Box',72.11,130157.97,0.00,0.00,0.00,1715.66,678.25,0.00,2251.00,18.37
743,A,Folinic,最大剂量输注,PHY-Y: Mother's Cravat,72.05,0.00,0.00,0.00,0.00,1800.00,1800.00,65506.18,1705.00,0.00
744,A,Swire the Elegant Wit,千金一掷,MER-X: 'Be Resplendent and Outstanding',72.04,259687.00,0.00,0.00,0.00,1254.83,1624.83,0.00,4608.00,0.00
745,A,Myrtle,支援号令·β型,No Module,71.98,27076.92,0.00,0.00,0.00,1800.00,1800.00,0.00,1845.00,0.00
746,A,Diamante,热处理变色,PRI-X: 凡石,71.87,0.00,0.00,0.00,239468.63,865.83,159.52,0.00,1389.00,0.00
747,A,Rosmontis,思维膨大,BOM-X: 'Notes',71.73,342018.98,0.00,0.00,0.00,144.50,828.46,0.00,2219.00,0.00
748,A,Lumen,沐雨,WAH-Y: 'Luck',71.66,0.00,0.00,0.00,0.00,1800.00,1800.00,45157.89,3193.75,0.00
749,A,Lumen,沛霖,WAH-Y: 'Luck',71.66,0.00,0.00,0.00,0.00,1800.00,1800.00,45157.89,3193.75,0.00
750,A,Diamante,热处理变色,No Module,71.64,0.00,0.00,0.00,239468.63,865.83,159.52,0.00,1309.00,0.00
751,A,Conviction,创世纪,No Module,71.52,30269.50,0.00,0.00,0.00,1800.00,1800.00,0.00,3483.00,145.33
752,A,Bellone,RAW,FGT-Y: 实用的工具,71.47,139474.36,0.00,0.00,0.00,1800.00,1800.00,0.00,4282.50,225.00
753,A,Ho'olheyak,RAW,CCR-Y: Time Gallery of K'uk'ulkan,71.37,0.00,150109.20,0.00,0.00,1800.00,991.50,0.00,5348.00,13.71
754,A,Executor the Ex Foedere,圣约决裁,No Module,71.29,108653.94,0.00,0.00,0.00,160.52,252.68,0.00,2491.00,0.00
755,A,Gracebearer,开颅挽歌,No Module,71.25,228866.67,0.00,0.00,103779.20,579.89,688.48,0.00,2600.00,0.00
756,A,Shining,信条,PHY-X: 'Followers',71.24,0.00,0.00,0.00,0.00,1800.00,1800.00,142495.94,2419.50,65.00
757,A,Czerny,曲惊四座,AST-X: “日复一日”,71.21,0.00,150218.75,0.00,0.00,447.64,623.84,0.00,6794.00,0.00
758,A,Sussurro,治疗强化·β型,PHY-X: ...Who Heals Not Herself,71.10,0.00,0.00,0.00,0.00,1800.00,1800.00,68985.46,2167.50,0.00
759,A,Specter the Unchained,生存的渴望,PUM-Y: The Beauty in the Incomplete,71.01,248279.25,0.00,0.00,0.00,1258.14,1199.53,0.00,5373.28,0.00
760,A,Passenger,电能之触,CHA-X: Electromagnetic Regulator,71.01,0.00,137275.38,0.00,0.00,493.66,819.61,0.00,2804.40,385.00
761,A,Exusiai,过载模式,MAR-X: Exusiai's Surprise,70.97,327420.19,0.00,0.00,0.00,918.17,1800.00,0.00,2421.90,0.00
762,A,Platinum,攻击力强化·γ型,MAR-X: Solo Travel Kit,70.88,325852.50,0.00,0.00,0.00,923.32,540.21,0.00,1720.00,0.00
763,A,Logos,RAW,CCR-D: A Pen Collection from the Convallis,70.63,0.00,226320.00,0.00,0.00,1394.11,451.14,0.00,1833.00,203.20
764,A,Thumpy,“慢慢走~”,PRP-X: 出发的勇气,70.61,105494.77,0.00,0.00,221443.46,905.93,182.87,0.00,2758.00,3.33
765,A,Lumen,沐雨,No Module,70.60,0.00,0.00,0.00,0.00,1800.00,1800.00,41684.21,3193.75,0.00
766,A,Lumen,沛霖,No Module,70.60,0.00,0.00,0.00,0.00,1800.00,1800.00,41684.21,3193.75,0.00
767,A,Entelechia,绯红壁合,REA-Y: 玫瑰色故事集,70.57,207946.78,0.00,0.00,0.00,316.46,1800.00,0.00,8233.41,0.00
768,A,Suzuran,狐火渺然,No Module,70.51,0.00,86343.41,0.00,0.00,852.72,916.87,0.00,1480.00,345.00
769,A,Pozëmka,抑扬格,No Module,70.49,375281.80,0.00,0.00,0.00,781.31,225.21,0.00,1802.00,0.00
770,A,Vetochki,RAW,UNY-X: “时间的痕迹”,70.46,243796.88,0.00,0.00,0.00,1717.56,1155.68,0.00,9651.20,0.00
771,A,Irene,判决,SWO-X: 审判官口粮,70.46,217344.77,0.00,0.00,0.00,156.69,84.31,0.00,2935.00,0.00
772,A,Pepe,阻遏混乱锤,HAM-X: 晴雨,70.41,164183.72,0.00,0.00,0.00,146.28,173.75,0.00,3151.00,0.00
773,A,Folinic,RAW,No Module,70.39,0.00,0.00,0.00,0.00,1800.00,1800.00,36975.44,1585.00,0.00
774,A,Vigna,RAW,CHG-Y: The Greatrock,70.32,458307.20,0.00,0.00,0.00,613.10,223.65,0.00,3519.00,0.00
775,A,Iana,幻影诡雷,No Module,70.31,115070.40,0.00,0.00,0.00,165.41,1800.00,0.00,2436.00,330.00
776,A,Nian,铜印,PRO-X: The Array of Chaos,70.09,63760.60,0.00,0.00,0.00,1800.00,1800.00,0.00,1200.00,22.84
777,A,SilverAsh,真银斩,LOR-X: Snow Realm Fowlcare Kit,70.00,104455.64,0.00,0.00,0.00,247.24,1009.15,0.00,2890.00,0.00
778,A,Irene,判决,SWO-Y: Liber Sacer,69.95,218284.61,0.00,0.00,0.00,154.55,139.29,0.00,2935.00,0.00
779,A,Amiya,精神爆发,No Module,69.95,0.00,106080.00,0.00,0.00,1800.00,575.48,0.00,1480.00,122.49
780,A,Lin,流光乍裂,PLX-X: 'Exquisite Heart',69.66,0.00,146678.40,0.00,0.00,479.98,1015.47,0.00,1200.00,12.25
781,A,Mr. Nothing,RAW,MER-X: 'Shelter from the Rain',69.65,201960.00,0.00,0.00,0.00,1204.97,1711.44,0.00,2638.00,61.24
782,A,Whisperain,痛觉抑制,No Module,69.46,0.00,0.00,0.00,0.00,1800.00,1800.00,29323.48,1432.00,0.00
783,A,Flametail,迅敏直觉,SOL-Y: The Origins of Pinus Sylvestris,69.45,58697.14,0.00,0.00,0.00,1800.00,1800.00,0.00,2438.00,0.00
784,A,Siege,冲锋号令·γ型,SOL-Y: 'Thy First Vow',69.45,54354.29,0.00,0.00,0.00,1800.00,1800.00,0.00,2511.00,0.00
785,A,Logos,殁亡,CCR-Y: 《语义范式百科》,69.44,0.00,175348.80,0.00,0.00,1237.08,390.25,0.00,1663.00,202.13
786,A,Jessica the Liberated,掩蔽护卫,No Module,69.43,192280.00,0.00,0.00,0.00,1665.74,1800.00,0.00,3608.00,125.00
787,A,Sideroca,RAW,No Module,69.27,0.00,100390.40,0.00,0.00,1800.00,1792.02,0.00,2845.00,0.00
788,A,Skadi,迅捷打击·γ型,DRE-X: No Ending to This Dream,69.21,220443.94,0.00,0.00,0.00,1091.65,860.49,0.00,4186.00,0.00
789,A,Akafuyu,信影流·十文字胜,SBL-X: Samurai Armor,69.21,217600.00,0.00,0.00,0.00,1800.00,1800.00,0.00,8614.40,0.00
790,A,Specter the Unchained,生存的渴望,PUM-X: 'Vinyl Record' Box,69.17,264345.07,0.00,0.00,0.00,1172.86,1057.53,0.00,3755.19,0.00
791,A,Lin,玲珑,No Module,69.15,0.00,90119.27,0.00,0.00,625.66,1253.53,0.00,2048.00,18.92
792,A,Suzuran,RAW,No Module,69.13,0.00,86343.41,0.00,0.00,1800.00,916.87,0.00,1480.00,345.00
793,A,Whisperain,痛觉抑制,WAH-X: A Quaint First-Aid Kit,68.91,0.00,0.00,0.00,0.00,1800.00,1800.00,25366.00,1572.00,0.00
794,A,Ch'en,赤霄·绝影,SWO-Y: Good Old School Days,68.90,252778.99,0.00,0.00,0.00,803.90,564.10,0.00,2880.00,48.99
795,A,Eyjafjalla the Hvít Aska,云霭荫佑,WDM-Y: 想要留下的生命,68.85,0.00,0.00,0.00,0.00,1800.00,1800.00,102334.67,1554.12,96.00
796,A,Ash,支援射击,No Module,68.80,130886.10,0.00,0.00,0.00,1800.00,1800.00,0.00,1689.00,48.99
797,A,Spuria,见机行事,No Module,68.67,213015.38,0.00,0.00,0.00,1490.01,459.24,0.00,1893.00,8.57
798,A,Folinic,复合型药物弹片,No Module,68.66,0.00,35496.42,0.00,0.00,1800.00,1800.00,44370.53,1585.00,0.00
799,A,Whisperain,RAW,WAH-X: A Quaint First-Aid Kit,68.57,0.00,0.00,0.00,0.00,1800.00,1800.00,23893.33,1572.00,0.00
800,A,Ceylon,RAW,WAH-X: Field Research Equipment,68.44,0.00,0.00,0.00,0.00,1800.00,1800.00,34675.20,1455.00,0.00
801,A,Eyjafjalla the Hvít Aska,RAW,No Module,68.37,0.00,0.00,0.00,0.00,1800.00,1800.00,85121.40,1554.12,96.00
802,A,Bellone,家主的余裕,FGT-Y: 实用的工具,68.17,222248.71,0.00,0.00,0.00,1422.24,1729.26,0.00,4282.50,225.00
803,A,Zuo Le,RAW,SBL-Y: 秉烛人的记录,68.03,141220.00,0.00,0.00,0.00,1800.00,1800.00,0.00,11018.80,0.00
804,A,Nian,铜印,No Module,67.68,48913.33,0.00,0.00,0.00,1800.00,1800.00,0.00,1200.00,22.84
805,A,Skadi,跃浪击,No Module,67.68,312348.00,0.00,0.00,0.00,721.64,551.87,0.00,3866.00,0.00
806,A,Lappland the Decadenza,RAW,FUN-X: 狼时,67.55,0.00,281600.00,0.00,0.00,712.74,254.72,0.00,1663.00,9.14
807,A,Folinic,最大剂量输注,No Module,67.50,0.00,0.00,0.00,0.00,1800.00,1800.00,53737.64,1585.00,0.00
808,A,Nearl the Radiant Knight,灿焰长刃,No Module,67.43,219729.07,0.00,0.00,0.00,957.33,671.66,0.00,3550.00,36.75
809,A,Mudrock,岩崩锤,No Module,67.38,100583.04,0.00,0.00,0.00,1251.97,1800.00,0.00,7182.63,14.70
810,A,Amiya (Guard),影霄·奔夜,No Module,67.36,0.00,219677.67,0.00,0.00,1440.55,440.97,0.00,2629.00,176.96
811,A,Logos,殁亡,No Module,67.28,0.00,163540.80,0.00,0.00,1336.79,428.56,0.00,1663.00,202.13
812,A,Shining,教条力场,No Module,67.27,0.00,0.00,0.00,0.00,1800.00,1800.00,98598.74,1613.00,198.33
813,A,Ash,RAW,MAR-Y: Tactical Breaching Round Pack,67.18,68061.60,0.00,0.00,0.00,1800.00,1800.00,0.00,1889.00,48.99
814,A,Bellone,军师的手段,No Module,67.11,117565.08,0.00,0.00,0.00,312.02,1800.00,0.00,2625.00,105.00
815,A,Typhon,迅捷打击·γ型,No Module,67.03,157587.28,0.00,0.00,0.00,216.03,484.79,0.00,1702.00,20.00
816,A,Qanipalaat,坠雪,CCR-Y: Homemade Trekking Poles,67.02,0.00,117617.76,0.00,0.00,635.30,650.59,0.00,1650.00,330.00
817,A,Lappland the Decadenza,RAW,No Module,67.02,0.00,281600.00,0.00,0.00,712.74,254.72,0.00,1503.00,9.14
818,A,Magallan,RAW,SUM-X: Drone Control Module.P,66.88,0.00,41520.00,0.00,0.00,1800.00,1800.00,0.00,1253.00,0.00
819,A,Rosmontis,末梢阻断,No Module,66.82,158564.25,0.00,0.00,0.00,321.29,1800.00,0.00,1944.00,3.67
820,A,Nearl the Radiant Knight,耀阳颔首,No Module,66.81,222895.56,0.00,0.00,0.00,1800.00,1221.03,0.00,3550.00,36.75
821,A,Haze,RAW,No Module,66.68,0.00,49321.80,0.00,0.00,1800.00,1396.73,0.00,1420.00,460.00
822,A,Blacknight,半醒,TAC-X: The Stars and The Sleepyhead,66.60,234908.23,0.00,0.00,0.00,1800.00,1800.00,0.00,4260.00,0.00
823,A,Tsukinogi,迹无,BLS-X: Rouya Bimei,66.54,0.00,0.00,0.00,0.00,1800.00,1800.00,92689.52,4141.86,129.66
824,A,Kal'tsit,指令：熔毁,No Module,66.53,0.00,0.00,102126.32,0.00,1800.00,829.59,125336.84,2449.50,0.00
825,A,Vina Victoria,俱以我之名,No Module,66.52,0.00,134092.80,0.00,0.00,478.89,546.50,0.00,3711.54,194.00
826,A,Pallas,信念的长鞭,INS-Y: 'Light of Heria',66.49,134268.00,0.00,0.00,0.00,1658.92,1800.00,0.00,1963.00,2.45
827,A,Varkáris,同胞的意志,CEN-Y: 回家的路,66.36,124197.73,0.00,0.00,0.00,184.40,1800.00,0.00,6019.33,0.00
828,A,Rosa,分裂射击,SIE-X: Siege Equipment Training Device,66.25,180163.31,0.00,0.00,0.00,277.50,447.04,0.00,1755.00,0.00
829,A,Kestrel,醉刃乱舞,SOL-Y: Intimidator,66.18,71794.41,0.00,0.00,0.00,1800.00,1800.00,0.00,2140.00,0.00
830,A,Myrtle,治愈之翼,No Module,66.13,27076.92,0.00,0.00,0.00,1800.00,1800.00,0.00,1845.00,0.00
831,A,Passenger,电能之触,No Module,66.03,0.00,111524.99,0.00,0.00,633.18,1021.69,0.00,2804.40,385.00
832,A,Entelechia,绯红壁合,REA-X: 易枯萎的航船,66.00,132764.55,0.00,0.00,0.00,391.55,1800.00,0.00,10148.00,0.00
833,A,Ray,广域警觉,HUN-Y: 证明什么？,65.95,359246.92,0.00,0.00,0.00,824.87,274.65,0.00,2133.00,0.00
834,A,Siege,跃空锤,SOL-Y: 'Thy First Vow',65.88,43813.36,0.00,0.00,0.00,1108.37,1800.00,0.00,2511.00,0.00
835,A,Lee,驱凶辟邪,MER-X: 'Wandering',65.87,159655.10,0.00,0.00,0.00,1463.06,1115.53,0.00,2727.00,123.99
836,A,Nian,RAW,PRO-Y: 'Don't Disturb',65.84,59646.67,0.00,0.00,0.00,1800.00,1800.00,0.00,6331.01,0.00
837,A,Ceylon,水灵庇护,WAH-X: Field Research Equipment,65.81,0.00,0.00,0.00,0.00,1800.00,1800.00,38707.20,1455.00,60.00
838,B,Ho'olheyak,群星逶迤,CCR-X: 'Bibliotheca',65.61,0.00,124619.18,0.00,0.00,1800.00,853.87,0.00,3501.00,36.55
839,B,Swire the Elegant Wit,千金一掷,No Module,65.53,229579.20,0.00,0.00,0.00,1438.13,1800.00,0.00,4248.00,0.00
840,B,Lin,流光乍裂,PLX-Y: “情与义”,65.44,0.00,122146.56,0.00,0.00,434.55,932.22,0.00,2048.00,12.25
841,B,Thumpy,“还不走？”,PRP-X: 出发的勇气,65.44,97218.12,0.00,0.00,209111.26,974.24,207.32,0.00,3964.00,0.00
842,B,Vina Victoria,进赴故土,No Module,65.42,0.00,178329.60,0.00,0.00,609.92,347.88,0.00,3711.54,194.00
843,B,Purestream,RAW,WAH-Y: 'The River's Lingering Charm',65.41,0.00,0.00,0.00,0.00,1800.00,1800.00,28648.42,1365.00,0.00
844,B,Młynar,未声张的怒火,LIB-X: “鞘中人”,65.34,71615.10,0.00,0.00,0.00,1800.00,1800.00,0.00,5688.00,0.00
845,B,Sakiko Togawa,满月的舞会 (Organ),LOR-Y: 无言的约定,65.29,756.65,279275.51,0.00,0.00,719.01,150.50,0.00,2356.00,0.00
846,B,Thorns,护身尖刺,LOR-D: 沙蚀,65.28,191814.78,0.00,0.00,0.00,574.03,1800.00,0.00,3866.80,0.00
847,B,Blemishine,慑敌辉光,GUA-Y: Echo of Craftsman's Guild,65.22,73452.80,0.00,0.00,0.00,1800.00,1800.00,31356.36,4131.76,150.00
848,B,Ho'olheyak,但为求索,CCR-X: 'Bibliotheca',65.21,0.00,170312.87,0.00,0.00,1800.00,612.28,0.00,3501.00,36.55
849,B,Tsukinogi,森廻,No Module,65.21,0.00,0.00,0.00,0.00,1800.00,1800.00,77290.12,5194.63,132.48
850,B,Paprika,掩护作战·γ型,XAH-X: “多彩人生”,65.05,0.00,0.00,0.00,0.00,1800.00,1800.00,147775.00,3545.40,0.00
851,B,Entelechia,RAW,REA-X: 易枯萎的航船,64.95,83153.85,0.00,0.00,0.00,679.43,1800.00,0.00,10148.00,0.00
852,B,Crownslayer,RAW,EXE-Y: 木炭画,64.92,0.00,0.00,0.00,0.00,1800.00,1800.00,0.00,1830.00,330.00
853,B,Crownslayer,RAW,EXE-X: 弑君刃,64.91,0.00,0.00,0.00,0.00,1800.00,1800.00,0.00,1825.00,330.00
854,B,Kirin R Yato,空中回旋乱舞,No Module,64.90,181430.67,0.00,0.00,0.00,332.54,1800.00,0.00,1629.00,0.00
855,B,Specter the Unchained,生存的技巧,PUM-Y: The Beauty in the Incomplete,64.88,205600.83,0.00,0.00,0.00,1548.80,1237.25,0.00,5373.28,0.00
856,B,Cairn,覆盖式休整,PRP-X: “降落伞”,64.86,46125.00,0.00,0.00,183251.25,1800.00,380.81,0.00,8815.90,0.00
857,B,Thumpy,“慢慢走~”,No Module,64.85,84840.29,0.00,0.00,190668.28,1119.40,241.43,0.00,3514.00,3.33
858,B,Pinecone,电能过载,RPR-X: 移动电箱,64.83,315824.00,0.00,0.00,0.00,154.80,268.69,0.00,2200.00,0.00
859,B,Kal'tsit,RAW,PHY-X: Mon2tr,64.82,0.00,0.00,0.00,0.00,1800.00,1800.00,51043.86,3266.00,48.99
860,B,Swire the Elegant Wit,仗义疏财,MER-Y: 诗怀雅的龙门美食指南,64.81,158947.20,0.00,0.00,0.00,1800.00,1800.00,0.00,6136.00,0.00
861,B,Penance,一锤定音,UNY-Y: “无罪”,64.73,157791.27,44006.11,0.00,0.00,1800.00,927.20,0.00,6285.25,61.24
862,B,Tomimi,嘉维尔保护方案,No Module,64.61,0.00,232320.00,0.00,0.00,1289.32,451.14,0.00,1920.00,19.60
863,B,Ch'en,赤霄·绝影,SWO-X: Rhodes Island Standard Combat Sword,64.58,225629.19,0.00,0.00,0.00,928.33,1063.31,0.00,2880.00,48.99
864,B,Crownslayer,RAW,No Module,64.53,0.00,0.00,0.00,0.00,1800.00,1800.00,0.00,1695.00,330.00
865,B,Mudrock,防御力强化·γ型,UNY-X: Spreading Roots of Soil and Stone,64.47,277443.75,0.00,0.00,0.00,1492.37,758.12,0.00,1714.29,0.00
866,B,Snegurochka,循理归因,No Module,64.43,34583.04,0.00,0.00,0.00,1800.00,1800.00,0.00,1645.00,6.67
867,B,Horn,照明榴弹,FOR-X: Exemplars,64.39,169677.92,0.00,0.00,0.00,184.94,346.65,0.00,7302.00,0.00
868,B,Siege,碎颅击,No Module,64.38,90872.06,0.00,0.00,0.00,1800.00,1611.59,0.00,2251.00,18.37
869,B,Hadiya,沙地战术改良,No Module,64.30,105708.00,0.00,0.00,0.00,1800.00,1800.00,0.00,2895.00,24.50
870,B,Schwarz,RAW,ARC-X: Customized Crossbow Accessory Suit,64.23,156150.00,0.00,0.00,0.00,1800.00,1563.89,0.00,2003.00,300.00
871,B,Vetochki,绝境抵抗,No Module,64.22,81218.75,0.00,0.00,0.00,1800.00,1800.00,0.00,1200.00,0.00
872,B,Sakiko Togawa,满月的舞会 (Organ),No Module,64.18,622.29,279110.90,0.00,0.00,721.74,150.50,0.00,2056.00,0.00
873,B,Młynar,RAW,LIB-X: “鞘中人”,64.15,0.00,0.00,0.00,0.00,1800.00,1800.00,0.00,5688.00,0.00
874,B,Laios,RAW,DRE-Y: 想要带回迷宫的包裹,64.15,184383.33,0.00,0.00,0.00,1742.99,376.09,0.00,9811.20,0.00
875,B,Siege,冲锋号令·γ型,SOL-X: 'Candy Box',64.14,67565.71,0.00,0.00,0.00,1800.00,1800.00,0.00,2251.00,0.00
876,B,Horn,RAW,FOR-X: Exemplars,64.13,100601.75,0.00,0.00,0.00,350.84,1210.89,0.00,7302.00,0.00
877,B,Ceylon,水灵庇护,No Module,64.13,0.00,0.00,0.00,0.00,1800.00,1800.00,33104.84,1455.00,60.00
878,B,Thorns,护身尖刺,LOR-X: The Salt and the Sand,64.11,185049.09,0.00,0.00,0.00,597.22,1800.00,0.00,4020.80,0.00
879,B,Carnelian,沙缚镣锁,PLX-Y: Always Have Your Back,64.10,0.00,192308.23,0.00,0.00,258.42,563.50,0.00,2106.00,2.00
880,B,Proviso,致胜立论,No Module,64.05,0.00,123621.12,0.00,0.00,1800.00,629.95,0.00,1298.00,112.36
881,B,Rosmontis,RAW,BOM-X: 'Notes',64.01,270756.00,0.00,0.00,0.00,179.47,1800.00,0.00,2219.00,0.00
882,B,Haruka,夏末游鳞,No Module,63.95,0.00,0.00,0.00,0.00,1800.00,1800.00,69415.20,4717.50,0.00
883,B,Purestream,RAW,No Module,63.92,0.00,0.00,0.00,0.00,1800.00,1800.00,22301.75,1365.00,0.00
884,B,Sharp,亮剑,No Module,63.89,235094.93,0.00,0.00,0.00,1800.00,1356.61,0.00,5208.00,0.00
885,B,Gummy,食粮烹制,No Module,63.87,14220.00,0.00,0.00,0.00,1800.00,1800.00,25056.00,2550.00,122.20
886,B,Kal'tsit,指令：结构加固,PHY-X: Mon2tr,63.82,0.00,0.00,0.00,0.00,1800.00,1800.00,66578.95,3266.00,48.99
887,B,Shining,RAW,PHY-X: 'Followers',63.81,0.00,0.00,0.00,0.00,1800.00,1800.00,105719.09,2419.50,65.00
888,B,Aegis,启动狂宴模式,No Module,63.80,139540.34,0.00,0.00,0.00,1800.00,1322.16,0.00,1762.22,272.49
889,B,Eyjafjalla,火山,CCR-Y: 宠物大赛第一名,63.77,0.00,173181.49,0.00,0.00,407.99,555.73,0.00,1973.00,48.00
890,B,Beeswax,守卫尖碑,PLX-X: 'Beeswax's Blessing',63.68,0.00,144900.00,0.00,0.00,486.99,961.98,0.00,4585.05,36.75
891,B,Hellagur,满月,"SBL-X: Zouhou, a Sheath for Contempt",63.62,201900.00,0.00,0.00,0.00,955.97,1800.00,0.00,9283.33,0.00
892,B,Senshi,单人份料理,GUA-Y: 非魔法厨艺,63.57,20881.67,0.00,0.00,0.00,1800.00,1800.00,114649.92,4514.71,0.00
893,B,Passenger,辉煌裂片,CHA-X: Electromagnetic Regulator,63.55,0.00,95972.80,0.00,0.00,760.24,1187.92,0.00,2804.40,380.33
894,B,Skadi the Corrupting Heart,RAW,BAR-X: 蜕化的残迹,63.51,0.00,0.00,0.00,0.00,1800.00,1800.00,93848.62,1733.00,0.00
895,B,Ela,眩目阻滞,No Module,63.04,215806.43,0.00,0.00,0.00,977.48,976.67,0.00,1468.00,66.67
896,B,Zuo Le,RAW,"SBL-X: 'You Night, Be Fleeting'",62.90,142500.00,0.00,0.00,0.00,1800.00,1800.00,0.00,10288.00,0.00
897,B,Flametail,迅敏直觉,SOL-X: Their Future,62.86,52370.29,0.00,0.00,0.00,1800.00,1800.00,0.00,2138.00,0.00
898,B,Muelsyse,渐进性润化,TAC-X: Dresser Flowing Shape,62.85,93212.44,0.00,0.00,0.00,1800.00,1800.00,0.00,2003.00,0.00
899,B,Vigil,领袖的馈赠,TAC-X: La Punciuta,62.82,64615.50,0.00,0.00,0.00,1800.00,1800.00,0.00,2322.00,0.00
900,B,Delphine,RAW,MSC-Y: Gloomy Justice,62.80,0.00,182856.96,0.00,0.00,1676.23,583.08,0.00,4295.20,300.00
901,B,Siege,冲锋号令·γ型,No Module,62.61,40609.52,0.00,0.00,0.00,1800.00,1800.00,0.00,2251.00,0.00
902,B,Lessing,虔修对决,DRE-X: Blade Seal,62.60,294668.00,0.00,0.00,0.00,985.39,782.78,0.00,4082.00,0.00
903,B,Bena,快速修剪,"PUM-Y: The Jeffreys Collection of Fairytales New and Old, Hardback Edition",62.58,215004.91,0.00,0.00,0.00,1404.65,1800.00,0.00,6474.23,0.00
904,B,Mr. Nothing,RAW,No Module,62.57,148275.00,0.00,0.00,0.00,1692.57,1800.00,0.00,2398.00,48.99
905,B,Młynar,未照耀的荣光,LIB-X: “鞘中人”,62.54,31880.64,0.00,0.00,0.00,1375.19,1800.00,0.00,5688.00,0.00
906,B,Haze,赤色之瞳,No Module,62.52,0.00,49383.45,0.00,0.00,1800.00,770.00,0.00,1090.00,460.00
907,B,Sankta Miksaparato,八臂电锯侠,SPT-Y: “老朋友”,62.51,164237.52,0.00,0.00,0.00,1800.00,1677.69,0.00,1200.00,0.00
908,B,Nasti,“拱卫”,No Module,62.48,0.00,140155.73,0.00,0.00,1791.39,1064.28,0.00,3152.44,144.00
909,B,Pallas,信念的长鞭,No Module,62.48,113931.43,0.00,0.00,0.00,1800.00,1800.00,0.00,1963.00,2.45
910,B,Kirin R Yato,乱舞,No Module,62.48,172425.12,0.00,0.00,0.00,350.11,1800.00,0.00,1629.00,0.00
911,B,Ash,RAW,MAR-X: Modified Breaching Grenade,62.46,71668.00,0.00,0.00,0.00,1800.00,1800.00,0.00,1859.00,73.49
912,B,Wang,RAW,TRP-X: 兽形棋盒,62.44,94435.29,308570.94,0.00,0.00,315.32,251.66,0.00,1630.00,0.00
913,B,Snegurochka,数据分析,No Module,62.35,48091.68,0.00,0.00,0.00,1800.00,1800.00,0.00,1645.00,0.00
914,B,'Justice Knight',RAW,No Module,62.34,1075.00,0.00,0.00,0.00,1800.00,1800.00,0.00,1159.00,375.00
915,B,Passenger,聚焦指令,No Module,62.31,0.00,97940.07,0.00,0.00,627.85,1170.87,0.00,2804.40,375.00
916,B,Saga,RAW,SOL-X: Where to Find the Burdenbeast?,62.24,127200.00,0.00,0.00,0.00,1800.00,1800.00,0.00,6703.20,0.00
917,B,Specter the Unchained,生存的技巧,PUM-X: 'Vinyl Record' Box,62.20,221470.83,0.00,0.00,0.00,1427.74,1477.00,0.00,3755.19,0.00
918,B,Bryophyta,土石的恒心,INS-X: Sobremesa,62.08,122448.00,0.00,0.00,0.00,1586.04,1800.00,0.00,2090.00,61.24
919,B,Haze,攻击力强化·β型,No Module,62.07,0.00,65762.40,0.00,0.00,1800.00,1039.31,0.00,1420.00,460.00
920,B,Philae,灵河护佑,PRP-X: 被摩挲的日子,62.03,69937.50,0.00,0.00,225875.62,1390.93,282.58,0.00,8591.41,0.00
921,B,Penance,RAW,UNY-X: The Thorny Road That Continues,62.00,203133.13,39262.40,0.00,0.00,1569.31,669.40,0.00,7621.25,0.00
922,B,Flametail,迅敏直觉,No Module,61.95,34438.10,0.00,0.00,0.00,1800.00,1800.00,0.00,2138.00,0.00
923,B,Lee,驱凶辟邪,No Module,61.82,140515.63,0.00,0.00,0.00,1677.62,1532.14,0.00,2427.00,111.75
924,B,Exusiai,过载模式,MAR-Y: 欢迎光临，企鹅物流,61.71,301568.43,0.00,0.00,0.00,1009.84,1800.00,0.00,1890.49,0.00
925,B,Mitm,承压功率,TAC-Y: 内敛锋芒,61.63,60361.99,0.00,0.00,0.00,1800.00,1800.00,0.00,3040.00,0.00
926,B,Reed,迅捷打击·γ型,CHG-Y: Spear Clean Suit,61.62,200594.01,0.00,0.00,0.00,1590.94,1800.00,0.00,4311.00,0.00
927,B,Nasti,“拱卫”,CRA-X: 工程师们,61.54,0.00,149286.40,0.00,0.00,1673.39,997.15,0.00,1463.41,144.00
928,B,Platinum,天马视域,MAR-X: Solo Travel Kit,61.50,337352.50,0.00,0.00,0.00,886.63,332.41,0.00,1720.00,0.00
929,B,Astgenne the Lightchaser,并流连锁,DEC-Y: 探索者的收藏,61.50,0.00,132684.45,0.00,0.00,1379.12,816.81,0.00,1535.00,188.00
930,B,Penance,一锤定音,No Module,61.47,126454.00,37142.40,0.00,0.00,1800.00,1358.97,0.00,6285.25,61.24
931,B,Vulpisfoglia,小施惩戒,SOL-Y: 剑舞,61.43,90571.43,0.00,0.00,0.00,1800.00,1800.00,0.00,4300.00,0.00
932,B,Rathalos S Noir Corne,居合拔刀气刃斩,SBL-X: Noir Corne's Personal Notes,61.42,368262.20,0.00,0.00,0.00,799.19,1800.00,0.00,8036.00,0.00
933,B,Hadiya,RAW,No Module,61.40,47196.00,0.00,0.00,0.00,1800.00,1800.00,0.00,2895.00,24.50
934,B,Logos,RAW,CCR-Y: 《语义范式百科》,61.27,0.00,157440.00,0.00,0.00,1394.11,451.14,0.00,1663.00,202.13
935,B,Papyrus,临考发挥,XAH-X: 小小的种子,61.25,0.00,0.00,0.00,0.00,1800.00,1800.00,149285.44,1715.00,50.00
936,B,Eunectes,RAW,HES-Y: 'The Little Ugly Thing',61.18,179212.50,0.00,0.00,0.00,1800.00,1800.00,0.00,8468.21,79.20
937,B,Croissant,磁爆锤,PRO-Y: Combat Boots,61.18,20868.67,0.00,0.00,0.00,1800.00,1800.00,0.00,3870.00,48.99
938,B,Logos,RAW,No Module,61.06,0.00,157440.00,0.00,0.00,1394.11,451.14,0.00,1663.00,202.13
939,B,Texas,冲锋号令·γ型,SOL-Y: Private Field Supply Package,61.04,0.00,67552.40,0.00,0.00,1800.00,1800.00,0.00,2105.00,0.00
940,B,May,束缚电击,MAR-X: Novice Detective's Gift Bag,61.04,107454.91,0.00,0.00,0.00,1800.00,1800.00,0.00,1632.00,6.41
941,B,Siege,跃空锤,SOL-X: 'Candy Box',60.89,52992.66,0.00,0.00,0.00,920.53,1800.00,0.00,2251.00,0.00
942,B,Snow Hunter,强力击·β型,HUN-X: 过去的狩猎,60.85,378429.67,0.00,0.00,0.00,773.50,258.09,0.00,1920.00,30.00
943,B,Lessing,苦修破誓,No Module,60.80,204666.88,0.00,0.00,0.00,1800.00,1800.00,0.00,7732.20,0.00
944,B,Odda,锻锤之力,HAM-X: 旧背包,60.73,178520.42,0.00,0.00,0.00,181.63,746.17,0.00,2843.00,0.00
945,B,Swire the Elegant Wit,RAW,MER-Y: 诗怀雅的龙门美食指南,60.59,158947.20,0.00,0.00,0.00,1800.00,1800.00,0.00,6136.00,0.00
946,B,Bassline,沉音宁神,GUA-Y: Bestowed Trinket,60.59,16633.47,0.00,0.00,0.00,1800.00,1800.00,48225.48,3741.18,120.00
947,B,Passenger,辉煌裂片,No Module,60.55,0.00,79832.13,0.00,0.00,945.29,1434.59,0.00,2804.40,378.33
948,B,Nymph,笞心击,PRI-Y: 烦恼问诊匣,60.54,0.00,0.00,0.00,421283.33,678.54,134.40,0.00,1820.00,0.00
949,B,Entelechia,RAW,REA-Y: 玫瑰色故事集,60.40,130442.31,0.00,0.00,0.00,543.64,1800.00,0.00,8233.41,0.00
950,B,Ptilopsis,治疗强化·γ型,RIN-X: Medic Environment Analyze System,60.37,0.00,0.00,0.00,0.00,1800.00,1800.00,148686.15,1710.00,0.00
951,B,Taraxacum,RAW,No Module,60.29,0.00,0.00,0.00,0.00,1800.00,1800.00,91122.81,2056.82,96.00
952,B,Crownslayer,硝烟震爆,EXE-Y: 木炭画,60.28,76636.51,0.00,0.00,0.00,1800.00,1800.00,0.00,1830.00,330.00
953,B,Nymph,笞心击,PRI-X: 心声,60.17,0.00,0.00,0.00,395140.00,734.08,146.60,0.00,1800.00,0.00
954,B,Totter,破虹,SIE-X: Snow Globe,60.16,198915.36,0.00,0.00,0.00,170.07,336.90,0.00,1550.00,0.00
955,B,Utage,分神,SBL-X: Flip Phone,60.16,120780.00,0.00,0.00,0.00,1800.00,1800.00,0.00,6707.20,0.00
956,B,Entelechia,灵与欲的惜别,No Module,60.12,161969.23,0.00,0.00,0.00,207.98,1010.19,0.00,5463.53,0.00
957,B,Narantuya,RAW,LPS-Y: “致我们的老大”,60.09,120117.50,0.00,0.00,0.00,1800.00,1800.00,0.00,2800.00,190.00
958,B,Uika Misumi,我悲悯的,BAR-X: 占卜的意义,60.09,0.00,0.00,0.00,0.00,1800.00,1800.00,108713.64,1610.00,85.71
959,B,Perfumer the Distilled,RAW,BLS-Y: “双月的呼吸”,60.09,0.00,0.00,0.00,0.00,1800.00,1800.00,72000.00,2557.69,128.00
960,B,Eyjafjalla the Hvít Aska,云霭荫佑,No Module,60.02,0.00,0.00,0.00,0.00,1800.00,1800.00,86471.40,1554.12,96.00
961,B,Bagpipe,迅捷打击·γ型,CHG-Y: Stick and Sack,60.02,183900.31,0.00,0.00,0.00,1747.93,1800.00,0.00,4471.20,0.00
962,B,Nine-Colored Deer,仙山去远,BLS-X: 'Elixir',60.00,0.00,0.00,0.00,0.00,1800.00,1800.00,78618.75,5577.01,57.60
963,B,Gavial the Invincible,RAW,CEN-X: The Binding of Gavial,59.88,116277.73,0.00,0.00,0.00,240.25,1800.00,0.00,4659.00,0.00
964,B,Passenger,RAW,No Module,59.83,0.00,75790.00,0.00,0.00,1003.75,1522.61,0.00,2804.40,375.00
965,B,Kal'tsit,指令：战术协同,No Module,59.83,71970.90,0.00,0.00,0.00,1800.00,1800.00,117787.98,1633.00,0.00
966,B,Ho'olheyak,RAW,CCR-X: 'Bibliotheca',59.79,0.00,124619.18,0.00,0.00,1800.00,853.87,0.00,3501.00,36.55
967,B,Snow Hunter,RAW,HUN-X: 过去的狩猎,59.78,275655.00,0.00,0.00,0.00,1118.73,469.57,0.00,1920.00,30.00
968,B,Blemishine,慑敌辉光,No Module,59.72,62412.80,0.00,0.00,0.00,1800.00,1800.00,28458.36,3242.00,150.00
969,B,Melanite,饱和脉冲,ARC-Y: Fragrance Earrings,59.67,202896.54,0.00,0.00,0.00,1571.31,710.82,0.00,1664.00,240.00
970,B,Muelsyse,浅层非熵适应,TAC-X: Dresser Flowing Shape,59.64,72949.95,0.00,0.00,0.00,1800.00,1800.00,0.00,2003.00,0.00
971,B,Qanipalaat,冻风,CCR-Y: Homemade Trekking Poles,59.63,0.00,124183.80,0.00,0.00,1800.00,626.94,0.00,1650.00,330.00
972,B,Fuze,火力侦察,No Module,59.58,53128.42,0.00,0.00,0.00,168.61,1800.00,0.00,2660.00,0.00
973,B,Gummy,RAW,GUA-X: Медовые Пряники,59.58,60835.00,0.00,0.00,0.00,1800.00,1800.00,0.00,4200.00,4.78
974,B,Quercus,RAW,BLS-X: Rusty Stick,59.48,0.00,0.00,0.00,0.00,1800.00,1800.00,52560.00,4739.81,93.44
975,B,Ho'olheyak,群星逶迤,No Module,59.47,0.00,89537.85,0.00,0.00,1800.00,1283.83,0.00,3186.00,13.71
976,B,Blemishine,光芒涌动,GUA-X: 'Knight Primus',59.34,182741.19,0.00,0.00,0.00,1759.89,1169.09,36708.00,5553.00,0.00
977,B,Młynar,未宽解的悲哀,LIB-X: “鞘中人”,59.34,47877.28,0.00,0.00,0.00,1800.00,1800.00,0.00,5688.00,0.00
978,B,Hoshiguma the Breacher,无始无明,AST-X: 无迹,59.34,0.00,128857.50,0.00,0.00,1800.00,1068.24,0.00,5814.00,6.67
979,B,Hellagur,满月,SBL-Y: 'Горячий снег',59.26,201900.00,0.00,0.00,0.00,955.97,1800.00,0.00,8620.00,0.00
980,B,Chiave,冲锋号令·γ型,SOL-Y: Homemade Jack,59.21,65640.11,0.00,0.00,0.00,1800.00,1800.00,0.00,1824.00,0.00
981,B,Ash,RAW,No Module,59.20,53820.00,0.00,0.00,0.00,1800.00,1800.00,0.00,1689.00,48.99
982,B,Gladiia,缺水的掌握怒海,HOK-X: Consul's Handmirror,59.15,190153.26,0.00,0.00,0.00,1361.11,1491.51,0.00,5757.71,0.00
983,B,Sideroca,生命回复·γ型,AFT-Y: 漫游者的压舱石,59.15,0.00,128240.64,0.00,0.00,1800.00,1548.35,0.00,3165.00,0.00
984,B,Horn,RAW,No Module,58.98,58859.93,0.00,0.00,0.00,666.33,1800.00,0.00,7667.50,0.00
985,B,Sesa,延时震荡零件,ART-X: 'Soul Resonance',58.93,136012.66,0.00,0.00,0.00,383.68,1065.52,0.00,1655.00,340.00
986,B,Nearl,急救模式,GUA-X: Improved Knight Shield,58.88,19856.67,0.00,0.00,0.00,1800.00,1800.00,53940.56,4620.00,120.00
987,B,Ebenholz,寂静之声,MSC-Y: 'Theory Expositor',58.86,0.00,330327.70,0.00,0.00,908.75,321.45,0.00,1853.00,0.00
988,B,SilverAsh,雪境生存法则,LOR-X: Snow Realm Fowlcare Kit,58.85,219605.88,0.00,0.00,0.00,1800.00,1800.00,0.00,4624.00,0.00
989,B,Schwarz,RAW,No Module,58.80,114264.00,0.00,0.00,0.00,1800.00,1800.00,0.00,1833.00,300.00
990,B,Zuo Le,破虏,SBL-Y: 秉烛人的记录,58.80,187323.04,0.00,0.00,0.00,1713.48,1800.00,0.00,11018.80,0.00
991,B,Nowell,生命不息,WAH-Y: 致祖父,58.78,0.00,0.00,0.00,0.00,1800.00,1800.00,42920.42,1512.00,0.00
992,B,Magallan,激光开采模块,SUM-X: Drone Control Module.P,58.75,0.00,60204.00,0.00,0.00,1800.00,1329.38,0.00,1253.00,0.00
993,B,Magallan,武装打击模块,SUM-X: Drone Control Module.P,58.75,0.00,60204.00,0.00,0.00,1800.00,1329.38,0.00,1253.00,0.00
994,B,Nine-Colored Deer,人间降吉,BLS-X: 'Elixir',58.74,0.00,0.00,0.00,0.00,1800.00,1800.00,97476.00,3718.01,57.60
995,B,Hadiya,剑角之锋,No Module,58.74,43844.40,0.00,0.00,0.00,1083.27,1800.00,0.00,2895.00,24.50
996,B,Siege,跃空锤,No Module,58.72,34263.50,0.00,0.00,0.00,1388.23,1800.00,0.00,2251.00,0.00
997,B,Hoshiguma,RAW,PRO-Y: Gifts From Friends,58.66,71875.00,0.00,0.00,0.00,1800.00,1800.00,0.00,3850.00,20.00
998,B,Qanipalaat,坠雪,No Module,58.66,0.00,83773.33,0.00,0.00,953.89,927.37,0.00,1500.00,330.00
999,B,Silence the Paradigmatic,无畏者协议,BLS-X: Hard to Keep Awake,58.64,0.00,0.00,0.00,0.00,1800.00,1800.00,87262.50,4399.09,0.00
1000,B,Eunectes,轻型挂斧,HES-Y: 'The Little Ugly Thing',58.58,230400.00,0.00,0.00,0.00,1800.00,1495.44,0.00,4277.46,79.20
1001,B,Poncirus,冲锋号令·γ型,SOL-X: The Morning Star of the Homeseeker,58.58,41925.71,0.00,0.00,0.00,1800.00,1800.00,0.00,3489.75,0.00
1002,B,Senshi,单人份料理,No Module,58.56,20881.67,0.00,0.00,0.00,1800.00,1800.00,114649.92,3462.50,0.00
1003,B,Perfumer the Distilled,RAW,No Module,58.55,0.00,0.00,0.00,0.00,1800.00,1800.00,72000.00,2196.43,128.00
1004,B,Taraxacum,扶风起,No Module,58.46,0.00,0.00,0.00,0.00,1800.00,1800.00,109684.21,2056.82,96.00
1005,B,Narantuya,RAW,LPS-X: “吹尽狂沙”,58.44,113160.00,0.00,0.00,0.00,1800.00,1800.00,0.00,2500.00,190.00
1006,B,Snowsant,伸缩式电捕网,HOK-X: Snowsant's Precious Money Bank,58.18,40173.78,0.00,0.00,0.00,1800.00,1800.00,0.00,2045.00,114.71
1007,B,Ch'en,鞘击,SWO-Y: Good Old School Days,58.15,243626.44,0.00,0.00,0.00,838.34,490.30,0.00,2880.00,18.37
1008,B,Sussurro,深度治疗,No Module,58.05,0.00,0.00,0.00,0.00,1800.00,1800.00,99408.17,1345.00,0.00
1009,B,Lemuen,重逢问候,DEA-Y: “弹匣与花窗”,58.05,219080.76,0.00,0.00,0.00,1444.86,532.49,0.00,1568.00,270.00
1010,B,Sora,战斗之歌,BAR-X: “齐唱”,58.02,0.00,0.00,0.00,0.00,1800.00,1800.00,91142.10,1556.00,120.00
1011,B,Młynar,RAW,No Module,57.97,0.00,0.00,0.00,0.00,1800.00,1800.00,0.00,4595.29,0.00
1012,B,Provence,杀戮嗅觉,ARC-X: Tail-Care Suit,57.96,265741.20,0.00,0.00,0.00,1222.95,1800.00,0.00,1680.00,0.00
1013,B,Ho'olheyak,但为求索,No Module,57.92,0.00,122368.39,0.00,0.00,1800.00,925.79,0.00,3186.00,13.71
1014,B,Lin,流光乍裂,No Module,57.91,0.00,103102.56,0.00,0.00,531.62,1110.59,0.00,2048.00,12.25
1015,B,Heidi,虚构故事·锈城,No Module,57.87,0.00,0.00,0.00,0.00,1800.00,1800.00,82689.17,1638.00,106.00
1016,B,Crackborne,涤净,PRP-X: “漂洗”,57.86,43412.50,0.00,0.00,70960.75,1800.00,852.98,0.00,7090.00,120.00
1017,B,Ceylon,集中式水疗,WAH-X: Field Research Equipment,57.73,0.00,0.00,0.00,0.00,1800.00,1800.00,48016.48,1455.00,0.00
1018,B,Ray,广域警觉,HUN-X: 《跳舞的月光》,57.70,316546.44,0.00,0.00,0.00,956.85,326.82,0.00,2133.00,0.00
1019,B,Entelechia,玫影觅迹,REA-Y: 玫瑰色故事集,57.68,183336.06,0.00,0.00,0.00,367.71,1800.00,0.00,8233.41,0.00
1020,B,Projekt Red,处决模式,EXE-Y: Mystery Prop Pack,57.66,104263.91,0.00,0.00,0.00,1800.00,1800.00,0.00,1505.00,250.00
1021,B,Nasti,RAW,CRA-X: 工程师们,57.65,0.00,104640.00,0.00,0.00,1800.00,1436.66,0.00,3329.27,144.00
1022,B,Sankta Miksaparato,退休前布道,SPT-Y: “老朋友”,57.61,113332.45,0.00,0.00,0.00,564.41,861.73,0.00,1200.00,0.00
1023,B,Eyjafjalla,火山,No Module,57.59,0.00,160722.39,0.00,0.00,445.21,601.59,0.00,1743.00,48.00
1024,B,Pallas,英勇的祝福,INS-Y: 'Light of Heria',57.52,82248.75,0.00,0.00,0.00,566.78,1565.59,0.00,1963.00,0.00
1025,B,Saria,药物配置,GUA-X: Unused Boxing Gloves,57.45,55257.50,0.00,0.00,0.00,1800.00,1800.00,68195.74,5250.00,0.00
1026,B,Rose Salt,绝妙的长效药呀,RIN-X: 多彩盐漠生活,57.44,0.00,0.00,0.00,0.00,1800.00,1800.00,149649.95,1775.00,0.00
1027,B,Skadi the Corrupting Heart,RAW,No Module,57.41,0.00,0.00,0.00,0.00,1800.00,1800.00,80619.60,1603.00,0.00
1028,B,Specter,攻击力强化·γ型,CEN-X: Dim Candlelight,57.38,132700.00,0.00,0.00,0.00,206.81,1232.97,0.00,3682.00,0.00
1029,B,Fiammetta,“你须直面”,ART-Y: 'Out-Law' Special Ammunition Surplus,57.37,239400.39,0.00,0.00,0.00,203.84,606.78,0.00,1935.63,0.00
1030,B,Snowsant,倒刺钩爪,HOK-X: Snowsant's Precious Money Bank,57.26,45319.24,0.00,0.00,0.00,1800.00,1800.00,0.00,2045.00,102.05
1031,B,Nymph,怵然震爆,PRI-Y: 烦恼问诊匣,57.18,0.00,0.00,0.00,238341.33,413.95,272.97,0.00,1820.00,32.66
1032,B,Indra,RAW,FGT-Y: 'Hannah's Dislocation Rehabilitation Set',57.16,351097.44,0.00,0.00,0.00,544.88,655.90,0.00,2765.00,0.00
1033,B,Matterhorn,体能强化,PRO-Y: Father's Robe,57.08,18750.00,0.00,0.00,0.00,1800.00,1800.00,0.00,6545.50,0.00
1034,B,Irene,裂潮,SWO-Y: Liber Sacer,57.04,173864.81,0.00,0.00,0.00,192.55,236.61,0.00,2935.00,0.00
1035,B,Zuo Le,佑序有炎,No Module,57.01,183054.70,0.00,0.00,0.00,1756.64,1800.00,0.00,5787.00,61.24
1036,B,Marcille,爆破魔法,SPC-Y: 才女的藏书,56.92,0.00,132876.93,0.00,0.00,394.26,854.20,0.00,1805.00,211.49
1037,B,Flint,锋芒毕露,FGT-Y: Meaning of Flowers,56.85,179622.95,0.00,0.00,0.00,1800.00,1800.00,0.00,2680.00,2.00
1038,B,Texas the Omertosa,RAW,EXE-Y: Blueberry & Dark Chocolate,56.81,0.00,0.00,0.00,0.00,1452.66,570.16,0.00,7620.00,0.00
1039,B,Entelechia,玫影觅迹,REA-X: 易枯萎的航船,56.81,117143.42,0.00,0.00,0.00,455.60,1800.00,0.00,10148.00,0.00
1040,B,Hoshiguma,力之锯,PRO-Y: Gifts From Friends,56.75,81111.11,0.00,0.00,0.00,709.40,1800.00,0.00,1200.00,20.00
1041,B,Schwarz,强弩,ARC-X: Customized Crossbow Accessory Suit,56.71,201897.07,0.00,0.00,0.00,1654.51,781.44,0.00,2003.00,300.00
1042,B,Blemishine,RAW,GUA-X: 'Knight Primus',56.68,118526.67,0.00,0.00,0.00,1800.00,1800.00,0.00,5553.00,0.00
1043,B,Fiammetta,“你须直面”,ART-X: A Long Journey,56.56,237433.23,0.00,0.00,0.00,205.62,487.33,0.00,1945.26,0.00
1044,B,Irene,裂潮,SWO-X: 审判官口粮,56.47,171513.62,0.00,0.00,0.00,205.37,103.05,0.00,2935.00,0.00
1045,B,Nasti,RAW,No Module,56.43,0.00,98240.00,0.00,0.00,1800.00,1532.37,0.00,3152.44,144.00
1046,B,Narantuya,RAW,No Module,56.38,86250.00,0.00,0.00,0.00,1800.00,1800.00,0.00,2500.00,190.00
1047,B,Reed,生灵火花,CHG-Y: Spear Clean Suit,56.34,201208.60,0.00,0.00,0.00,1585.66,1800.00,0.00,4311.00,0.00
1048,B,Snow Hunter,风雪连弩,HUN-X: 过去的狩猎,56.33,346381.66,0.00,0.00,0.00,859.51,303.85,0.00,1920.00,30.00
1049,B,Gladiia,RAW,HOK-X: Consul's Handmirror,56.26,147426.67,0.00,0.00,0.00,1800.00,1800.00,0.00,5757.71,0.00
1050,B,Nowell,生命不息,No Module,56.25,0.00,0.00,0.00,0.00,1800.00,1800.00,35631.16,1367.00,0.00
1051,B,Vina Victoria,RAW,AFT-X: 城主的冒险,56.17,0.00,132481.06,0.00,0.00,1800.00,825.84,0.00,4631.94,194.00
1052,B,Crownslayer,硝烟震爆,EXE-X: 弑君刃,56.04,35387.87,0.00,0.00,0.00,1800.00,1800.00,0.00,1825.00,330.00
1053,B,Leizi the Thunderbringer,RAW,LIB-X: “一念”,56.02,0.00,0.00,0.00,0.00,1800.00,1800.00,0.00,4223.00,0.00
1054,B,Vigil,领袖的呼唤,TAC-X: La Punciuta,56.01,54099.00,0.00,0.00,0.00,1800.00,1800.00,0.00,1935.00,0.00
1055,B,Tin Man,RAW,ALC-X: “颅相学”,55.99,0.00,0.00,0.00,0.00,1800.00,1800.00,30240.00,1214.00,330.00
1056,B,Swire the Elegant Wit,仗义疏财,MER-X: 'Be Resplendent and Outstanding',55.94,150360.00,0.00,0.00,0.00,1800.00,1800.00,0.00,4608.00,0.00
1057,B,Ch'en,鞘击,SWO-X: Rhodes Island Standard Combat Sword,55.91,225399.45,0.00,0.00,0.00,929.43,942.18,0.00,2880.00,18.37
1058,B,Eyjafjalla,二重咏唱,CCR-X: 'Missed Sounds',55.91,0.00,243419.06,0.00,0.00,1286.14,419.57,0.00,1923.00,48.00
1059,B,Hoshiguma the Breacher,RAW,AST-X: 无迹,55.91,0.00,128857.50,0.00,0.00,1800.00,1068.24,0.00,5814.00,0.00
1060,B,Iana,RAW,PUM-X: 'Distant and Less Familiar World',55.81,95802.53,0.00,0.00,0.00,1800.00,1800.00,0.00,2436.00,330.00
1061,B,Typhon,“永恒狩猎”,SIE-Y: 冰原的影子,55.74,149289.18,0.00,0.00,0.00,219.57,433.50,0.00,1702.00,20.00
1062,B,Titi,封护,INC-X: 远方的礼物,55.71,0.00,158569.38,0.00,0.00,1800.00,710.22,79284.69,2332.50,0.00
1063,B,Młynar,未声张的怒火,No Module,55.70,51539.17,0.00,0.00,0.00,1800.00,1800.00,0.00,4595.29,0.00
1064,B,Matoimaru,恶鬼之力,No Module,55.66,125845.33,0.00,0.00,0.00,1800.00,1800.00,0.00,4477.20,300.00
1065,B,Hellagur,RAW,"SBL-X: Zouhou, a Sheath for Contempt",55.59,138000.00,0.00,0.00,0.00,1800.00,1800.00,0.00,9283.33,0.00
1066,B,Astgenne the Lightchaser,星图闪烁,DEC-Y: 探索者的收藏,55.57,0.00,108779.58,0.00,0.00,1302.80,1003.75,0.00,1535.00,188.00
1067,B,Hoshiguma,荆棘,PRO-Y: Gifts From Friends,55.50,71875.00,0.00,0.00,0.00,1800.00,1800.00,0.00,1285.20,20.00
1068,B,Nymph,怵然震爆,PRI-X: 心声,55.48,0.00,0.00,0.00,230120.48,490.01,284.20,0.00,1800.00,32.66
1069,B,Lemuen,礼炮·强制追思,No Module,55.45,158699.65,0.00,0.00,0.00,1381.92,501.27,0.00,1448.00,270.00
1070,B,Jaye,刺身拼盘,MER-X: Steel Tool Set,55.43,276283.01,0.00,0.00,0.00,840.41,424.20,0.00,2284.00,0.00
1071,B,Thumpy,“还不走？”,No Module,55.39,77445.31,0.00,0.00,179649.77,1210.04,265.03,0.00,3514.00,0.00
1072,B,Sankta Miksaparato,八臂电锯侠,SPT-X: 毛刷套装,55.37,143154.00,0.00,0.00,0.00,1800.00,1800.00,0.00,1200.00,0.00
1073,B,Sideroca,生命回复·γ型,No Module,55.36,0.00,100390.40,0.00,0.00,1800.00,1792.02,0.00,2845.00,0.00
1074,B,Astgenne the Lightchaser,RAW,DEC-Y: 探索者的收藏,55.35,0.00,80153.38,0.00,0.00,1800.00,1374.02,0.00,1535.00,188.00
1075,B,Gummy,备用军粮,GUA-X: Медовые Пряники,55.32,60835.00,0.00,0.00,0.00,1800.00,1800.00,34260.80,4200.00,4.78
1076,B,Укусик,火钳秘咒,XAH-X: “睡前故事”,55.31,0.00,0.00,0.00,0.00,1800.00,1800.00,142417.08,1855.00,0.00
1077,B,Crownslayer,硝烟震爆,No Module,55.26,30287.48,0.00,0.00,0.00,1800.00,1800.00,0.00,1695.00,330.00
1078,B,Waai Fu,七武掠阵踢,EXE-X: The Classic of Hung Mei Wing Chun,55.19,47157.89,0.00,0.00,0.00,1800.00,1800.00,0.00,1550.00,36.55
1079,B,Exusiai,扫射模式,MAR-Y: 欢迎光临，企鹅物流,55.17,264777.62,0.00,0.00,0.00,1170.71,1800.00,0.00,1890.49,0.00
1080,B,Tin Man,RAW,No Module,55.15,0.00,0.00,0.00,0.00,1800.00,1800.00,28140.00,1114.00,330.00
1081,B,Snowsant,RAW,HOK-X: Snowsant's Precious Money Bank,55.10,34611.11,0.00,0.00,0.00,1800.00,1800.00,0.00,2045.00,91.38
1082,B,Projekt Red,狼群,EXE-Y: Mystery Prop Pack,55.09,47276.97,0.00,0.00,0.00,1800.00,1800.00,0.00,1505.00,36.75
1083,B,Liskarm,反击电弧,SPT-X: Stunner's Storage,55.09,47480.70,0.00,0.00,0.00,1800.00,1800.00,0.00,3240.00,61.24
1084,B,Whisperain,定向诊断,WAH-X: A Quaint First-Aid Kit,55.06,0.00,0.00,0.00,0.00,1800.00,1800.00,28858.67,1572.00,0.00
1085,B,Whisperain,定向诊断,No Module,55.04,0.00,0.00,0.00,0.00,1800.00,1800.00,30376.25,1432.00,0.00
1086,B,Texas,冲锋号令·γ型,No Module,54.99,0.00,62317.71,0.00,0.00,1800.00,1800.00,0.00,1950.00,0.00
1087,B,Amiya (Medic),哀恸共情,INC-X: 带有灼痕的裙子,54.95,0.00,113685.00,0.00,0.00,1800.00,1270.59,56842.50,2956.61,117.75
1088,B,Projekt Red,处决模式,No Module,54.94,77354.84,0.00,0.00,0.00,1800.00,1800.00,0.00,1505.00,250.00
1089,B,Ch'en,赤霄·绝影,No Module,54.94,157841.72,0.00,0.00,0.00,1390.20,1733.76,0.00,2880.00,48.99
1090,B,Muelsyse,渐进性润化,TAC-Y: 落叶四季,54.77,80346.09,0.00,0.00,0.00,1800.00,1800.00,0.00,1983.00,0.00
1091,B,Matsukiri,入场安排,No Module,54.71,43400.00,0.00,0.00,0.00,1800.00,1800.00,0.00,2002.00,0.00
1092,B,May,束缚电击,No Module,54.54,69540.25,0.00,0.00,0.00,1800.00,1800.00,0.00,1632.00,6.41
1093,B,Thorns,护身尖刺,No Module,54.48,155554.62,0.00,0.00,0.00,733.77,1800.00,0.00,3656.80,0.00
1094,B,Poncirus,冲锋号令·γ型,No Module,54.41,23619.05,0.00,0.00,0.00,1800.00,1800.00,0.00,2613.70,0.00
1095,B,Ho'olheyak,RAW,No Module,54.36,0.00,89537.85,0.00,0.00,1800.00,1283.83,0.00,3186.00,13.71
1096,B,Gladiia,缺水的掌握怒海,HOK-Y: 淡金坠饰,54.33,217279.95,0.00,0.00,0.00,1176.76,1070.58,0.00,3848.33,0.00
1097,B,Hung,反制医疗模式,GUA-Y: Popular Sitcom Tapes,54.30,16874.33,0.00,0.00,0.00,1800.00,1800.00,51456.23,1411.76,144.00
1098,B,Hellagur,弦月,"SBL-X: Zouhou, a Sheath for Contempt",54.28,197072.00,0.00,0.00,0.00,1800.00,1800.00,0.00,9283.33,0.00
1099,B,Thorns,攻击力强化·γ型,LOR-D: 沙蚀,54.23,217045.38,0.00,0.00,0.00,1800.00,1798.61,0.00,3866.80,0.00
1100,B,Leizi the Thunderbringer,RAW,No Module,54.21,0.00,0.00,0.00,0.00,1800.00,1800.00,0.00,3863.00,0.00
1101,B,Sankta Miksaparato,退休前布道,SPT-X: 毛刷套装,54.18,102647.35,0.00,0.00,0.00,606.48,1056.20,0.00,1200.00,0.00
1102,B,Fiammetta,“你须偿还”,No Module,54.18,229752.87,0.00,0.00,0.00,212.86,457.05,0.00,1935.63,0.00
1103,B,Gladiia,缺水的碎漩狂舞,HOK-X: Consul's Handmirror,54.16,158482.56,0.00,0.00,0.00,1800.00,1800.00,0.00,5757.71,0.00
1104,B,Zuo Le,破虏,"SBL-X: 'You Night, Be Fleeting'",54.11,192960.00,0.00,0.00,0.00,1800.00,1800.00,0.00,10288.00,0.00
1105,B,Surtr,熔核巨影,AFT-X: 萨米的不灭心脏碎片,54.08,0.00,228693.20,0.00,0.00,456.44,146.67,0.00,2916.00,0.00
1106,B,Zima,冲锋号令·γ型,SOL-X: A Graduation Gift for Генерал Мороз,54.03,31634.29,0.00,0.00,0.00,1800.00,1800.00,0.00,2410.00,0.00
1107,B,Ash,攻坚榴弹,MAR-Y: Tactical Breaching Round Pack,54.00,77743.07,0.00,0.00,0.00,1800.00,1800.00,0.00,1889.00,48.99
1108,B,Hoshiguma the Breacher,无始无明,No Module,53.97,0.00,100050.00,0.00,0.00,1800.00,1412.30,0.00,5326.50,6.67
1109,B,Pepe,阻遏混乱锤,No Module,53.93,127252.20,0.00,0.00,0.00,184.28,330.61,0.00,2851.00,0.00
1110,B,Ash,突击战术,MAR-Y: Tactical Breaching Round Pack,53.93,77171.29,0.00,0.00,0.00,1800.00,1800.00,0.00,1889.00,48.99
1111,B,Matoimaru,RAW,No Module,53.87,72106.67,0.00,0.00,0.00,1800.00,1800.00,0.00,4477.20,300.00
1112,B,Młynar,未照耀的荣光,No Module,53.87,22600.11,0.00,0.00,0.00,1800.00,1800.00,0.00,4595.29,0.00
1113,B,Mizuki,镜花水月,AMB-Y: Caerulorum Semina,53.86,67191.11,0.00,0.00,0.00,1581.16,1800.00,0.00,3902.76,12.25
1114,B,Waai Fu,七武掠阵踢,No Module,53.75,38219.93,0.00,0.00,0.00,1800.00,1800.00,0.00,1455.00,36.55
1115,B,Liskarm,反击电弧,No Module,53.69,38479.53,0.00,0.00,0.00,1800.00,1800.00,0.00,3240.00,61.24
1116,B,Nasti,栖脚地,CRA-X: 工程师们,53.68,0.00,169935.36,0.00,0.00,1800.00,863.04,0.00,1463.41,144.00
1117,B,Harold,重症优先,WDM-X: 腿部护理套装,53.68,0.00,0.00,0.00,0.00,1800.00,1800.00,91801.68,1490.00,108.00
1118,B,Wind Chimes,攻击力强化·γ型,CRU-X: 致继任者,53.65,103811.76,0.00,0.00,0.00,1490.11,993.29,0.00,6801.47,0.00
1119,B,Misery,空间的归依,EXE-X: Misery证章,53.64,47761.29,0.00,0.00,0.00,1800.00,1800.00,0.00,1594.00,26.67
1120,B,Lemuen,RAW,DEA-Y: “弹匣与花窗”,53.62,139809.20,0.00,0.00,0.00,1800.00,1460.41,0.00,1568.00,270.00
1121,B,Hung,反制医疗模式,No Module,53.60,16874.33,0.00,0.00,0.00,1800.00,1800.00,51456.23,2004.00,144.00
1122,B,Vulpisfoglia,小施惩戒,SOL-X: 杀手也有假期,53.54,101588.57,0.00,0.00,0.00,1800.00,1800.00,0.00,3495.00,0.00
1123,B,Spuria,临场铳械改装,GEE-X: Drone Spraying Kit,53.54,179177.59,0.00,0.00,0.00,1797.63,398.93,0.00,1893.00,8.57
1124,B,Thorns,攻击力强化·γ型,LOR-X: The Salt and the Sand,53.54,209637.69,0.00,0.00,0.00,1800.00,1800.00,0.00,4020.80,0.00
1125,B,Uika Misumi,我悲悯的,No Module,53.37,0.00,0.00,0.00,0.00,1800.00,1800.00,95518.08,1410.00,85.71
1126,B,Purestream,涌泉,WAH-Y: 'The River's Lingering Charm',53.31,0.00,0.00,0.00,0.00,1800.00,1800.00,28301.17,1365.00,0.00
1127,B,Angelina,秘杖·速充模式,DEC-Y: Gravity Calibration Module,53.30,0.00,138341.05,0.00,0.00,1800.00,1042.85,0.00,2155.00,32.00
1128,B,Leizi the Thunderbringer,正霆摄威,LIB-X: “一念”,53.27,25952.64,0.00,0.00,0.00,1800.00,1800.00,0.00,4223.00,0.00
1129,B,Typhon,RAW,SIE-Y: 冰原的影子,53.19,167611.93,0.00,0.00,0.00,202.46,432.31,0.00,1702.00,20.00
1130,B,Crackborne,涤净,No Module,53.16,43412.50,0.00,0.00,64037.75,1800.00,952.40,0.00,6390.00,120.00
1131,B,Kestrel,醉刃乱舞,No Module,53.12,61734.70,0.00,0.00,0.00,1800.00,1800.00,0.00,1960.00,0.00
1132,B,Sora,战斗之歌,No Module,53.09,0.00,0.00,0.00,0.00,1800.00,1800.00,80902.50,1356.00,120.00
1133,B,Snowsant,伸缩式电捕网,No Module,53.07,40173.78,0.00,0.00,0.00,1800.00,1800.00,0.00,1835.00,59.89
1134,B,Iana,RAW,No Module,53.07,66368.00,0.00,0.00,0.00,1800.00,1800.00,0.00,2436.00,330.00
1135,B,Exusiai,扫射模式,MAR-X: Exusiai's Surprise,52.99,248174.00,0.00,0.00,0.00,1258.74,1800.00,0.00,2421.90,0.00
1136,B,Ray,广域警觉,No Module,52.98,294495.44,0.00,0.00,0.00,1039.74,373.60,0.00,1933.00,0.00
1137,B,Spuria,RAW,GEE-X: Drone Spraying Kit,52.93,134587.15,0.00,0.00,0.00,1800.00,548.14,0.00,1893.00,8.57
1138,B,Kestrel,冲锋号令·γ型,No Module,52.93,39502.02,0.00,0.00,0.00,1800.00,1800.00,0.00,1960.00,0.00
1139,B,Zima,冲锋号令·γ型,No Module,52.93,25904.76,0.00,0.00,0.00,1800.00,1800.00,0.00,2150.00,0.00
1140,B,Fang the Fire-Sharpened,执守阵线,CHG-X: The Dauntless,52.91,103666.50,0.00,0.00,0.00,509.85,1800.00,0.00,2226.00,0.00
1141,B,Projekt Red,狼群,No Module,52.82,29084.95,0.00,0.00,0.00,1800.00,1800.00,0.00,1505.00,36.75
1142,B,Chiave,冲锋号令·γ型,No Module,52.75,44031.11,0.00,0.00,0.00,1800.00,1800.00,0.00,1824.00,0.00
1143,B,Harold,治疗强化·γ型,WDM-X: 腿部护理套装,52.74,0.00,0.00,0.00,0.00,1800.00,1800.00,89402.11,1490.00,108.00
1144,B,Wang,取势,No Module,52.71,51779.73,230572.05,0.00,0.00,312.78,230.77,0.00,1480.00,43.33
1145,B,Silence the Paradigmatic,进取之心,BLS-X: Hard to Keep Awake,52.71,0.00,0.00,0.00,0.00,1800.00,1800.00,81556.88,4382.47,0.00
1146,B,Typhon,RAW,SIE-X: Ammadikshu,52.70,162485.42,0.00,0.00,0.00,312.49,740.70,0.00,1912.00,20.00
1147,B,Muelsyse,浅层非熵适应,TAC-Y: 落叶四季,52.65,62656.88,0.00,0.00,0.00,1800.00,1800.00,0.00,1983.00,0.00
1148,B,Kichisei,吉星高照！,RPR-X: 可疑的宣传页,52.56,120734.34,0.00,0.00,0.00,440.73,1772.29,0.00,2500.00,28.37
1149,B,Purestream,治愈水波,WAH-Y: 'The River's Lingering Charm',52.50,0.00,0.00,0.00,0.00,1800.00,1800.00,35429.74,1365.00,0.00
1150,B,Laios,威吓战法,DRE-Y: 想要带回迷宫的包裹,52.50,163069.22,0.00,0.00,0.00,1800.00,467.11,0.00,9811.20,0.00
1151,B,Snowsant,倒刺钩爪,No Module,52.50,45319.24,0.00,0.00,0.00,1800.00,1800.00,0.00,1835.00,47.22
1152,B,Lucilla,RAW,UMD-X: 多功能测绘仪-改良版,52.43,0.00,80232.62,0.00,0.00,1800.00,1436.51,0.00,1625.00,270.00
1153,B,Saria,药物配置,GUA-Y: Technology Rising Star Award,52.37,59397.50,0.00,0.00,0.00,1800.00,1800.00,70699.61,4023.53,0.00
1154,B,Angelina the Mellow Wish,RAW,No Module,52.35,119896.00,35979.20,0.00,0.00,1800.00,1800.00,0.00,4293.00,39.00
1155,B,Estelle,舍身突击,CEN-Y: Farewell Gifts from the Wildlands,52.28,123240.00,0.00,0.00,0.00,221.11,1800.00,0.00,5960.50,0.00
1156,B,Horn,照明榴弹,No Module,52.27,104174.31,0.00,0.00,0.00,338.18,964.61,0.00,7667.50,0.00
1157,B,Sharp,快刀,DRE-X: Sharp证章,52.26,179949.00,0.00,0.00,0.00,1033.12,861.71,0.00,3812.00,0.00
1158,B,Vulpisfoglia,RAW,SOL-Y: 剑舞,52.17,90571.43,0.00,0.00,0.00,1800.00,1800.00,0.00,4300.00,0.00
1159,B,Closure,模型扩展,TAC-X: 给自己的小奖杯,52.12,40809.60,0.00,0.00,0.00,1800.00,1800.00,0.00,1942.00,0.00
1160,B,Pallas,英勇的祝福,No Module,52.08,69975.00,0.00,0.00,0.00,686.06,1800.00,0.00,1963.00,0.00
1161,B,Skyfire,天坠之火,SPC-Y: Fire Retardant Treatment,52.04,0.00,90883.28,0.00,0.00,402.10,826.06,0.00,1620.00,282.25
1162,B,Swire the Elegant Wit,RAW,MER-X: 'Be Resplendent and Outstanding',52.00,150360.00,0.00,0.00,0.00,1800.00,1800.00,0.00,4608.00,0.00
1163,B,Nasti,栖脚地,No Module,51.98,0.00,159541.76,0.00,0.00,1800.00,921.48,0.00,1463.41,144.00
1164,B,Lucilla,阻滞性显色剂,UMD-X: 多功能测绘仪-改良版,51.94,0.00,100290.78,0.00,0.00,1800.00,1142.65,0.00,1625.00,270.00
1165,B,U-Official,RAW,No Module,51.92,0.00,0.00,0.00,0.00,1800.00,1800.00,7650.00,1172.00,91.86
1166,B,Swire the Elegant Wit,仗义疏财,No Module,51.82,130176.00,0.00,0.00,0.00,1800.00,1800.00,0.00,4248.00,0.00
1167,B,Lord/Sharp,RAW,LOR-X: 领主·Sharp证章,51.81,137443.82,0.00,0.00,0.00,1800.00,1800.00,0.00,2662.00,125.00
1168,B,Delphine,“抢攻”,No Module,51.78,0.00,146657.28,0.00,0.00,1800.00,700.68,0.00,2757.60,300.00
1169,B,Qanipalaat,RAW,CCR-Y: Homemade Trekking Poles,51.73,0.00,85644.00,0.00,0.00,1800.00,924.64,0.00,1650.00,330.00
1170,B,Młynar,未宽解的悲哀,No Module,51.69,34217.79,0.00,0.00,0.00,1800.00,1800.00,0.00,4595.29,0.00
1171,B,Vina Victoria,RAW,AFT-Y: 秩序圣“球”,51.67,0.00,134577.60,0.00,0.00,1800.00,811.95,0.00,3711.54,194.00
1172,B,Snow Hunter,RAW,No Module,51.56,217759.69,0.00,0.00,0.00,1454.48,800.56,0.00,1710.00,15.00
1173,B,Shining,自动掩护,PHY-Y: Withered Scabbard,51.54,0.00,0.00,0.00,0.00,1800.00,1800.00,95369.87,1613.00,111.88
1174,B,Nearl the Radiant Knight,RAW,DRE-X: Blade of Blazing Sun,51.48,128677.33,0.00,0.00,0.00,1800.00,1195.79,0.00,3880.00,36.75
1175,B,Paprika,RAW,XAH-X: “多彩人生”,51.41,0.00,0.00,0.00,0.00,1800.00,1800.00,103701.75,3545.40,0.00
1176,B,Nymph,笞心击,No Module,51.40,0.00,0.00,0.00,267200.00,759.74,152.22,0.00,1650.00,0.00
1177,B,Misery,空间的归依,No Module,51.37,32463.48,0.00,0.00,0.00,1800.00,1800.00,0.00,1480.00,26.67
1178,B,GALLUS²,RAW,No Module,51.36,0.00,13539.38,0.00,0.00,1800.00,1800.00,0.00,1148.00,300.00
1179,B,Mechanist,RAW,No Module,51.33,8050.00,0.00,0.00,0.00,1800.00,1800.00,0.00,5280.00,35.00
1180,B,Hellagur,RAW,SBL-Y: 'Горячий снег',51.23,138000.00,0.00,0.00,0.00,1800.00,1800.00,0.00,8620.00,0.00
1181,B,Verdant,苍翠屏障,PUM-Y: Trophies from the Jungle,51.20,104250.00,0.00,0.00,0.00,1800.00,1800.00,0.00,6397.11,0.00
1182,B,Delphine,“贯注”,MSC-Y: Gloomy Justice,51.20,0.00,179999.82,0.00,0.00,1705.03,592.90,0.00,4295.20,300.00
1183,B,Purestream,涌泉,No Module,51.18,0.00,0.00,0.00,0.00,1800.00,1800.00,18821.33,1365.00,0.00
1184,B,Quercus,RAW,No Module,51.16,0.00,0.00,0.00,0.00,1800.00,1800.00,52560.00,3233.70,93.44
1185,B,Quercus,大地的慈悲,No Module,51.16,0.00,0.00,0.00,0.00,1800.00,1800.00,52560.00,3233.70,93.44
1186,B,Uika Misumi,RAW,BAR-X: 占卜的意义,51.16,0.00,0.00,0.00,0.00,1800.00,1800.00,86331.42,1610.00,0.00
1187,B,Vigil,领袖的尊严,TAC-X: La Punciuta,51.15,54099.00,0.00,0.00,0.00,1800.00,1800.00,0.00,1935.00,0.00
1188,B,Eunectes,钢铁意志,HES-Y: 'The Little Ugly Thing',51.03,179212.50,0.00,0.00,0.00,1800.00,1800.00,0.00,8468.21,79.20
1189,B,Mudrock,RAW,UNY-Y: 沃土的愿景,51.00,137027.10,0.00,0.00,0.00,1800.00,1800.00,0.00,7372.55,0.00
1190,B,Hibiscus the Purifier,攻击力强化·γ型,INC-X: Crystal Corsage,50.99,0.00,91959.70,0.00,0.00,1800.00,858.80,45979.85,1648.00,210.00
1191,B,Weedy,炮管敲击,PUS-X: Custom Bionic Seadragon,50.98,51381.36,0.00,0.00,0.00,396.31,1800.00,0.00,2343.00,14.70
1192,B,Conviction,RAW,DRE-X: The Fist of Conviction,50.96,71581.12,0.00,0.00,0.00,1800.00,1800.00,0.00,3483.00,122.49
1193,B,Purestream,治愈水波,No Module,50.85,0.00,0.00,0.00,0.00,1800.00,1800.00,29187.42,1365.00,0.00
1194,B,Irene,判决,No Module,50.81,143636.82,0.00,0.00,0.00,227.64,793.71,0.00,2935.00,0.00
1195,B,Zima,乌萨斯战吼,SOL-X: A Graduation Gift for Генерал Мороз,50.79,41660.95,0.00,0.00,0.00,1800.00,1800.00,0.00,2410.00,0.00
1196,B,Wiš'adel,定点清算,BOM-X: 'Ancestor Launcher',50.76,211151.40,0.00,0.00,0.00,232.96,1002.51,0.00,1888.00,18.37
1197,B,Mutsumi Wakaba,多首野兽,PUM-Y: 睦的新朋友,50.75,86633.33,0.00,0.00,0.00,1800.00,1800.00,0.00,4626.14,0.00
1198,B,Rosa,攻击力强化·γ型,SIE-Y: “心”,50.71,199912.32,0.00,0.00,0.00,247.60,410.90,0.00,1755.00,0.00
1199,B,Gummy,RAW,No Module,50.68,28440.00,0.00,0.00,0.00,1800.00,1800.00,0.00,2550.00,2.20
1200,B,Snowsant,RAW,No Module,50.65,34611.11,0.00,0.00,0.00,1800.00,1800.00,0.00,1835.00,36.55
1201,B,Sand Reckoner,权知轻重,SUM-X: 过往留痕,50.64,0.00,69092.35,0.00,0.00,1800.00,1154.14,0.00,1151.00,306.67
1202,B,Spuria,RAW,No Module,50.57,106507.69,0.00,0.00,0.00,1800.00,953.96,0.00,1893.00,8.57
1203,B,Hoshiguma the Breacher,RAW,No Module,50.56,0.00,100050.00,0.00,0.00,1800.00,1412.30,0.00,5326.50,0.00
1204,B,Marcille,爆破魔法,No Module,50.54,0.00,98740.58,0.00,0.00,560.35,1161.11,0.00,1805.00,211.49
1205,B,Saria,RAW,GUA-X: Unused Boxing Gloves,50.50,55257.50,0.00,0.00,0.00,1800.00,1800.00,0.00,5250.00,0.00
1206,B,Gravel,影袭,EXE-X: Covert Action Toolkit,50.45,19612.90,0.00,0.00,0.00,1800.00,1800.00,0.00,1200.00,0.00
1207,B,Provence,杀戮嗅觉,No Module,50.44,235076.96,0.00,0.00,0.00,1336.87,1800.00,0.00,1680.00,0.00
1208,B,Eunectes,震慑劈砍,HES-Y: 'The Little Ugly Thing',50.39,179212.50,0.00,0.00,0.00,1800.00,1800.00,0.00,8468.21,79.20
1209,B,Shining,RAW,PHY-Y: Withered Scabbard,50.37,0.00,0.00,0.00,0.00,1800.00,1800.00,81307.37,1613.00,65.00
1210,B,Qanipalaat,冻风,No Module,50.32,0.00,88450.00,0.00,0.00,1800.00,894.23,0.00,1500.00,330.00
1211,B,Gravel,影袭,No Module,50.28,19612.90,0.00,0.00,0.00,1800.00,1800.00,0.00,1200.00,0.00
1212,B,Figurino,量衣尺,MER-X: “头面人物”,50.28,219070.19,0.00,0.00,0.00,1099.42,1255.59,0.00,2613.00,0.00
1213,B,Bagpipe,迅捷打击·γ型,CHG-X: Piledriver Spear Magazine,50.26,115022.75,0.00,0.00,0.00,1800.00,1800.00,0.00,2664.00,0.00
1214,B,Skadi,迅捷打击·γ型,No Module,50.24,164486.58,0.00,0.00,0.00,1800.00,1800.00,0.00,3866.00,0.00
1215,B,Saileach,RAW,BEA-X: Pastoral,50.19,49080.62,0.00,0.00,0.00,1800.00,1800.00,0.00,2035.00,135.00
1216,B,Eunectes,轻型挂斧,HES-X: Zumama's Tool Box,50.14,156687.50,0.00,0.00,0.00,1800.00,1800.00,0.00,7214.21,79.20
1217,B,Gavial the Invincible,RAW,No Module,50.13,74389.33,0.00,0.00,0.00,397.54,1800.00,0.00,4359.00,0.00
1218,B,Indra,碎甲拳,FGT-Y: 'Hannah's Dislocation Rehabilitation Set',50.11,395539.04,0.00,0.00,0.00,471.13,163.97,0.00,2765.00,0.00
1219,B,Harold,重症优先,No Module,50.11,0.00,0.00,0.00,0.00,1800.00,1800.00,86138.25,1400.00,108.00
1220,B,Exusiai,过载模式,No Module,50.09,245063.16,0.00,0.00,0.00,1276.55,1800.00,0.00,1890.49,0.00
1221,B,Carnelian,食噬之印,No Module,50.08,0.00,192984.44,0.00,0.00,257.43,559.46,0.00,2106.00,0.00
1222,B,Cantabile,观火,AGE-Y: “不发声者”,50.07,174889.30,0.00,0.00,0.00,1447.90,1800.00,0.00,2137.00,0.00
1223,B,Nightmare,灵魂汲取,CCR-Y: 'The Double',50.04,0.00,79591.68,0.00,0.00,1800.00,997.50,0.00,1510.00,225.00
1224,B,Nian,锡灼,PRO-Y: 'Don't Disturb',50.02,83417.17,0.00,0.00,0.00,1800.00,1800.00,0.00,1200.00,0.00
1225,B,Titi,封护,No Module,50.01,0.00,144585.73,0.00,0.00,1800.00,782.25,72292.86,2107.50,0.00
1226,B,Santalla,迅捷打击·γ型,SPC-Y: Ice Brazier,49.98,0.00,107158.05,0.00,0.00,508.15,1022.25,0.00,1795.00,0.00
1227,B,Qiubai,承影,LOR-Y: 欲雪时,49.95,289384.57,0.00,0.00,0.00,679.03,145.80,0.00,2760.00,0.00
1228,B,Hellagur,弦月,SBL-Y: 'Горячий снег',49.92,197072.00,0.00,0.00,0.00,1800.00,1800.00,0.00,8620.00,0.00
1229,B,Leizi the Thunderbringer,正霆摄威,No Module,49.91,19161.60,0.00,0.00,0.00,1800.00,1800.00,0.00,3863.00,0.00
1230,B,Kirin R Yato,鬼人化,EXE-X: Training Dummy,49.86,241810.30,0.00,0.00,0.00,691.77,1715.89,0.00,1752.00,0.00
1231,B,Cairn,覆盖式休整,No Module,49.85,35362.50,0.00,0.00,58080.75,1800.00,1063.21,0.00,8010.90,0.00
1232,B,Closure,模型扩展,No Module,49.84,33364.80,0.00,0.00,0.00,1800.00,1800.00,0.00,1762.00,0.00
1233,B,Vulpisfoglia,小施惩戒,No Module,49.82,74857.14,0.00,0.00,0.00,1800.00,1800.00,0.00,3045.00,0.00
1234,B,Saria,急救,GUA-X: Unused Boxing Gloves,49.78,55257.50,0.00,0.00,0.00,1800.00,1800.00,46275.68,5250.00,0.00
1235,B,Umiri Yahata,无存之所,AMB-Y: 额外训练,49.73,12213.59,0.00,0.00,0.00,1800.00,1800.00,0.00,1874.00,255.13
1236,B,Conviction,RAW,No Module,49.69,50320.00,0.00,0.00,0.00,1800.00,1800.00,0.00,3483.00,122.49
1237,B,Andreana,阻滞射击战术,DEA-X: Gunsmithing Toolkit,49.62,212549.26,0.00,0.00,0.00,994.76,330.75,0.00,1619.00,0.00
1238,B,Shining,信条,PHY-Y: Withered Scabbard,49.61,0.00,0.00,0.00,0.00,1800.00,1800.00,105400.07,1613.00,65.00
1239,B,Specter the Unchained,RAW,PUM-Y: The Beauty in the Incomplete,49.58,91425.00,0.00,0.00,0.00,1800.00,1800.00,0.00,5373.28,0.00
1240,B,Zima,乌萨斯战吼,No Module,49.57,35931.43,0.00,0.00,0.00,1800.00,1800.00,0.00,2150.00,0.00
1241,B,Вий,“用赤铁铭记”,MSC-Y: 军械库,49.47,0.00,247924.42,0.00,0.00,806.21,268.12,0.00,1690.00,0.00
1242,B,Mayer,迷惑装置,SUM-X: 'Meeboo' Control Terminal XP,49.43,0.00,38640.00,0.00,0.00,1800.00,1800.00,0.00,1188.00,325.00
1243,B,Gladiia,缺水的大洋裂断,HOK-X: Consul's Handmirror,49.42,214025.26,0.00,0.00,0.00,1800.00,1241.60,0.00,5757.71,0.00
1244,B,Specter the Unchained,生存的渴望,No Module,49.37,142888.78,0.00,0.00,0.00,1800.00,1800.00,0.00,3447.69,0.00
1245,B,Ash,攻坚榴弹,MAR-X: Modified Breaching Grenade,49.36,81983.65,0.00,0.00,0.00,1800.00,1800.00,0.00,1859.00,73.49
1246,B,Harold,治疗强化·γ型,No Module,49.34,0.00,0.00,0.00,0.00,1800.00,1800.00,83922.81,1400.00,108.00
1247,B,Lucilla,RAW,No Module,49.32,0.00,41536.00,0.00,0.00,1800.00,1800.00,0.00,1625.00,270.00
1248,B,Bryophyta,土石的恒心,No Module,49.32,74400.00,0.00,0.00,0.00,1800.00,1800.00,0.00,1900.00,61.24
1249,B,Angelina,RAW,DEC-Y: Gravity Calibration Module,49.30,0.00,80761.26,0.00,0.00,1800.00,1800.00,0.00,2155.00,32.00
1250,B,Ash,突击战术,MAR-X: Modified Breaching Grenade,49.29,81507.00,0.00,0.00,0.00,1800.00,1800.00,0.00,1859.00,73.49
1251,B,Gladiia,RAW,HOK-Y: 淡金坠饰,49.28,170208.33,0.00,0.00,0.00,1800.00,1800.00,0.00,3848.33,0.00
1252,B,La Pluma,收割,REA-X: Aqua Blue Dawn,49.27,143510.95,0.00,0.00,0.00,238.10,1800.00,0.00,3735.00,0.00
1253,B,Schwarz,强弩,No Module,49.14,149681.73,0.00,0.00,0.00,1800.00,1549.53,0.00,1833.00,300.00
1254,B,Vina Victoria,RAW,No Module,49.10,0.00,105321.60,0.00,0.00,1800.00,1428.10,0.00,3711.54,194.00
1255,B,Czerny,曲惊四座,No Module,48.96,0.00,83125.00,0.00,0.00,531.55,737.10,0.00,6244.00,0.00
1256,B,Qanipalaat,RAW,No Module,48.95,0.00,61000.00,0.00,0.00,1800.00,1311.61,0.00,1500.00,330.00
1257,B,Umiri Yahata,无存之所,No Module,48.92,10034.57,0.00,0.00,0.00,1800.00,1800.00,0.00,1729.00,255.13
1258,B,Hoshiguma,战意,PRO-Y: Gifts From Friends,48.91,87208.33,0.00,0.00,0.00,1800.00,1800.00,0.00,1200.00,20.00
1259,B,Weedy,炮管敲击,PUS-Y: New Bionic Prototype,48.84,38739.00,0.00,0.00,0.00,549.73,1800.00,0.00,2133.00,14.70
1260,B,Ebenholz,寂静之声,MSC-X: Originium Dice Case,48.81,0.00,294232.62,0.00,0.00,1038.74,365.73,0.00,1678.00,0.00
1261,B,Leizi the Thunderbringer,天地通明,LIB-X: “一念”,48.74,6873.20,0.00,0.00,0.00,1800.00,1800.00,0.00,4223.00,0.00
1262,B,Bassline,沉音宁神,No Module,48.67,14037.03,0.00,0.00,0.00,1800.00,1800.00,45169.61,2770.00,120.00
1263,B,Irene,起风,SWO-Y: Liber Sacer,48.58,286575.31,0.00,0.00,0.00,686.48,296.20,0.00,2935.00,0.00
1264,B,Snow Hunter,强力击·β型,No Module,48.57,301868.91,0.00,0.00,0.00,1008.68,390.22,0.00,1710.00,15.00
1265,B,Viviana,烛燃影息,AFT-Y: “最后一行”,48.53,0.00,139277.89,0.00,0.00,839.98,492.06,0.00,1200.00,0.00
1266,B,Mechanist,应力倒置,PRO-X: Mechanist证章,48.51,8050.00,0.00,0.00,0.00,1800.00,1800.00,0.00,1200.00,35.00
1267,B,Swire the Elegant Wit,RAW,No Module,48.50,130176.00,0.00,0.00,0.00,1800.00,1800.00,0.00,4248.00,0.00
1268,B,Eunectes,轻型挂斧,No Module,48.42,137820.31,0.00,0.00,0.00,1800.00,1800.00,0.00,7438.40,79.20
1269,B,Irene,起风,SWO-X: 审判官口粮,48.38,284801.94,0.00,0.00,0.00,700.56,109.43,0.00,2935.00,0.00
1270,B,Saga,RAW,No Module,48.28,65714.29,0.00,0.00,0.00,1800.00,1800.00,0.00,4939.20,0.00
1271,B,Pramanix the Prerita,RAW,No Module,48.28,0.00,0.00,0.00,0.00,1800.00,1800.00,0.00,4116.00,10.00
1272,B,Pramanix the Prerita,RAW,PLX-Y: 千分之一的心,48.28,0.00,0.00,0.00,0.00,1800.00,1800.00,0.00,4116.00,10.00
1273,B,Ch'en,鞘击,No Module,48.27,155115.24,0.00,0.00,0.00,1417.13,1620.11,0.00,2880.00,18.37
1274,B,Czerny,纷飞十指,AST-X: “日复一日”,48.11,0.00,109633.33,0.00,0.00,1800.00,874.11,0.00,3397.00,0.00
1275,B,Jaye,刺身拼盘,No Module,47.99,234256.32,0.00,0.00,0.00,1018.52,1036.28,0.00,2284.00,0.00
1276,B,Greyy the Lightningbearer,迅捷打击·γ型,BOM-X: Experimental ECU Prototype,47.95,155389.57,0.00,0.00,0.00,328.72,1800.00,0.00,1970.00,5.33
1277,B,Indra,裂魂,No Module,47.91,199384.62,0.00,0.00,0.00,1070.30,1800.00,0.00,2565.00,0.00
1278,B,Blemishine,光芒涌动,GUA-Y: Echo of Craftsman's Guild,47.91,146286.48,0.00,0.00,0.00,1800.00,1686.35,35462.55,4131.76,0.00
1279,B,Silence the Paradigmatic,俯瞰视界,BLS-X: Hard to Keep Awake,47.90,0.00,0.00,0.00,0.00,1800.00,1800.00,52626.00,4382.47,60.00
1280,B,Typhon,“永恒狩猎”,SIE-X: Ammadikshu,47.86,145398.81,0.00,0.00,0.00,341.88,719.00,0.00,1912.00,20.00
1281,B,Poncirus,工程者之愿,SOL-X: The Morning Star of the Homeseeker,47.86,98901.83,0.00,0.00,0.00,1800.00,1800.00,0.00,3489.75,0.00
1282,B,Sankta Miksaparato,八臂电锯侠,No Module,47.77,121682.00,0.00,0.00,0.00,1800.00,1800.00,0.00,1200.00,0.00
1283,B,Amiya (Medic),哀恸共情,No Module,47.72,0.00,105735.00,0.00,0.00,1800.00,1368.58,52867.50,1911.60,117.75
1284,B,Sand Reckoner,权知轻重,No Module,47.68,0.00,48960.00,0.00,0.00,1800.00,1642.13,0.00,1040.00,306.67
1285,B,Sankta Miksaparato,退休前布道,No Module,47.65,85654.80,0.00,0.00,0.00,753.14,1611.55,0.00,1200.00,0.00
1286,B,Gladiia,缺水的碎漩狂舞,HOK-Y: 淡金坠饰,47.60,182540.00,0.00,0.00,0.00,1800.00,1800.00,0.00,3848.33,0.00
1287,B,Bena,快速修剪,No Module,47.59,193290.12,0.00,0.00,0.00,1578.25,1800.00,0.00,4442.81,0.00
1288,B,Sharp,力战不竭,DRE-X: Sharp证章,47.59,208462.10,0.00,0.00,0.00,871.08,727.93,0.00,3812.00,0.00
1289,B,Angelina,秘杖·微粒模式,DEC-Y: Gravity Calibration Module,47.57,0.00,99740.16,0.00,0.00,1800.00,1501.71,0.00,2155.00,32.00
1290,B,Croissant,磁爆锤,No Module,47.53,20868.67,0.00,0.00,0.00,1800.00,1800.00,0.00,3520.00,48.99
1291,B,Spuria,临场铳械改装,No Module,47.52,137105.95,0.00,0.00,0.00,1800.00,696.14,0.00,1893.00,8.57
1292,B,Koromaru,RAW,No Module,47.24,28307.69,0.00,0.00,0.00,1800.00,1800.00,0.00,1075.00,26.13
1293,B,Fartooth,光羽箭,DEA-Y: Fan Letters,47.20,285967.47,0.00,0.00,0.00,1073.06,308.78,0.00,1642.00,0.00
1294,B,Scavenger,冲锋号令·攻击,SOL-X: 'Designer Dinnerware',47.17,80352.00,0.00,0.00,0.00,1800.00,1800.00,0.00,1835.00,0.00
1295,B,Blemishine,RAW,GUA-Y: Echo of Craftsman's Guild,47.13,91816.00,0.00,0.00,0.00,1800.00,1800.00,0.00,4131.76,0.00
1296,B,Taraxacum,何处着,No Module,47.13,0.00,0.00,0.00,0.00,1800.00,1800.00,83783.45,2056.82,96.00
1297,B,Blacknight,半醒,No Module,47.11,64669.62,0.00,0.00,0.00,1800.00,1800.00,0.00,3900.00,0.00
1298,B,Durin,RAW,No Module,47.10,0.00,27200.00,0.00,0.00,1800.00,1800.00,0.00,1138.00,250.00
1299,B,Gladiia,缺水的掌握怒海,No Module,47.10,171260.43,0.00,0.00,0.00,1522.88,1800.00,0.00,3848.33,0.00
1300,B,Mitm,承压功率,No Module,47.08,48096.00,0.00,0.00,0.00,1800.00,1800.00,0.00,2740.00,0.00
1301,B,Mizuki,镜花水月,AMB-X: Entreaty of the Herald,47.04,54827.43,0.00,0.00,0.00,1800.00,1800.00,0.00,3204.36,12.25
1302,B,Specter,攻击力强化·γ型,No Module,46.97,105000.00,0.00,0.00,0.00,272.07,1800.00,0.00,3682.00,0.00
1303,B,Hellagur,新月,"SBL-X: Zouhou, a Sheath for Contempt",46.96,191037.00,0.00,0.00,0.00,1800.00,1800.00,0.00,9283.33,0.00
1304,B,Astgenne the Lightchaser,星束引力,DEC-Y: 探索者的收藏,46.91,0.00,89111.70,0.00,0.00,1800.00,1229.44,0.00,1535.00,200.00
1305,B,Nearl the Radiant Knight,RAW,No Module,46.90,88853.33,0.00,0.00,0.00,1800.00,1800.00,0.00,3550.00,36.75
1306,B,Flint,锋芒毕露,No Module,46.86,136062.95,0.00,0.00,0.00,1800.00,1800.00,0.00,2495.00,2.00
1307,B,Scavenger,冲锋号令·β型,SOL-X: 'Designer Dinnerware',46.85,61461.33,0.00,0.00,0.00,1800.00,1800.00,0.00,1835.00,0.00
1308,B,Mechanist,RAW,PRO-X: Mechanist证章,46.80,8050.00,0.00,0.00,0.00,1800.00,1800.00,0.00,1200.00,35.00
1309,B,Phantom,暗夜魅影,EXE-X: Miss Christine's Felt,46.76,49827.96,0.00,0.00,0.00,1800.00,1800.00,0.00,5783.40,0.00
1310,B,Leizi the Thunderbringer,天地通明,No Module,46.73,4843.70,0.00,0.00,0.00,1800.00,1800.00,0.00,3863.00,0.00
1311,B,Swire,协同作战,INS-X: Self-defense Lipstick,46.59,176710.22,0.00,0.00,0.00,1226.44,1228.98,0.00,2084.00,0.00
1312,B,Bagpipe,闭膛连发,CHG-Y: Stick and Sack,46.56,134333.28,0.00,0.00,0.00,1800.00,1800.00,0.00,4471.20,0.00
1313,B,Rosa,攻击力强化·γ型,SIE-X: Siege Equipment Training Device,46.53,186346.00,0.00,0.00,0.00,267.49,450.99,0.00,1755.00,0.00
1314,B,Estelle,攻击力强化·β型,CEN-Y: Farewell Gifts from the Wildlands,46.51,91911.11,0.00,0.00,0.00,311.33,1800.00,0.00,5960.50,0.00
1315,B,Xingzhu,RAW,BLS-X: 别昔年,46.45,0.00,0.00,0.00,0.00,1800.00,1800.00,54000.00,2314.46,96.00
1316,B,Lemuen,RAW,No Module,46.42,71401.36,0.00,0.00,0.00,1800.00,1800.00,0.00,1448.00,270.00
1317,B,Wang,连星,No Module,46.34,39168.00,279026.80,0.00,0.00,184.84,182.62,0.00,1480.00,0.00
1318,B,Specter the Unchained,生存的技巧,No Module,46.33,119683.33,0.00,0.00,0.00,1800.00,1800.00,0.00,3447.69,0.00
1319,B,Virtuosa,RAW,RIT-Y: 音乐家的旅程,46.18,0.00,16000.00,0.00,212000.00,917.09,192.83,0.00,1441.00,1.33
1320,B,Carnelian,沙缚镣锁,No Module,46.18,0.00,125396.00,0.00,0.00,421.57,860.90,0.00,2106.00,2.00
1321,B,Vigil,领袖的馈赠,TAC-Y: 时光不再,46.16,88704.00,0.00,0.00,0.00,1800.00,1800.00,0.00,2286.00,0.00
1322,B,Crackborne,RAW,PRP-X: “漂洗”,46.14,43412.50,0.00,0.00,70960.75,1800.00,852.98,0.00,3545.00,120.00
1323,B,Harold,RAW,WDM-X: 腿部护理套装,46.13,0.00,0.00,0.00,0.00,1800.00,1800.00,60431.58,1490.00,108.00
1324,B,Courier,冲锋号令·β型,SOL-X: Low Temperature Resistant Communication Equipment,46.12,25874.29,0.00,0.00,0.00,1800.00,1800.00,0.00,2180.00,0.00
1325,B,Virtuosa,RAW,RIT-X: 强弱法,46.09,0.00,16000.00,0.00,212000.00,917.09,192.83,0.00,1411.00,1.33
1326,B,SilverAsh,真银斩,No Module,46.07,64389.15,0.00,0.00,0.00,384.66,1800.00,0.00,2560.00,0.00
1327,B,Nightmare,RAW,CCR-Y: 'The Double',45.95,0.00,79591.68,0.00,0.00,1800.00,997.50,0.00,1510.00,225.00
1328,B,Thumpy,RAW,PRP-X: 出发的勇气,45.93,70229.06,0.00,0.00,168897.55,1311.81,290.95,0.00,3964.00,0.00
1329,B,Ash,攻坚榴弹,No Module,45.91,62826.80,0.00,0.00,0.00,1800.00,1800.00,0.00,1689.00,48.99
1330,B,Viviana,烛燃影息,AFT-D: 目不能及之处,45.88,0.00,129364.80,0.00,0.00,927.05,537.56,0.00,1200.00,0.00
1331,B,Lucilla,迷惑性洋流图,UMD-X: 多功能测绘仪-改良版,45.87,0.00,100130.32,0.00,0.00,1441.71,1142.03,0.00,1625.00,270.00
1332,B,Santalla,RAW,SPC-Y: Ice Brazier,45.86,0.00,75148.14,0.00,0.00,780.16,1535.89,0.00,1795.00,0.00
1333,B,Violet Mizutsune Orchid,刚射,ARC-X: 梓兰特制箭靶,45.85,205908.84,0.00,0.00,0.00,1619.57,1051.42,0.00,1788.00,24.50
1334,B,Ash,突击战术,No Module,45.83,62153.82,0.00,0.00,0.00,1800.00,1800.00,0.00,1689.00,48.99
1335,B,Thorns,攻击力强化·γ型,No Module,45.76,176884.62,0.00,0.00,0.00,1800.00,1800.00,0.00,3656.80,0.00
1336,B,Uika Misumi,RAW,No Module,45.75,0.00,0.00,0.00,0.00,1800.00,1800.00,74623.50,1410.00,0.00
1337,B,Mutsumi Wakaba,多首野兽,No Module,45.66,86633.33,0.00,0.00,0.00,1800.00,1800.00,0.00,3474.43,0.00
1338,B,Gladiia,RAW,No Module,45.64,131560.00,0.00,0.00,0.00,1800.00,1800.00,0.00,3848.33,0.00
1339,B,Tsukinogi,RAW,BLS-X: Rouya Bimei,45.63,0.00,0.00,0.00,0.00,1800.00,1800.00,32400.00,4141.86,57.60
1340,B,Kirin R Yato,鬼人化,EXE-Y: 罗德岛制式双刀,45.53,214584.72,0.00,0.00,0.00,1289.23,1800.00,0.00,1829.00,0.00
1341,B,Lucilla,阻滞性显色剂,No Module,45.52,0.00,51920.00,0.00,0.00,1800.00,1546.67,0.00,1625.00,270.00
1342,B,Virtuosa,RAW,No Module,45.49,0.00,16000.00,0.00,212000.00,917.09,192.83,0.00,1201.00,1.33
1343,B,Kal'tsit the Esperanta,RAW,No Module,45.49,0.00,0.00,0.00,0.00,1800.00,1800.00,53684.21,3025.00,0.00
1344,B,Scavenger,冲锋号令·β型,No Module,45.45,35215.24,0.00,0.00,0.00,1800.00,1800.00,0.00,1835.00,0.00
1345,B,Delphine,RAW,No Module,45.36,0.00,104755.20,0.00,0.00,1800.00,1043.59,0.00,2757.60,300.00
1346,B,Укусик,RAW,XAH-X: “睡前故事”,45.33,0.00,0.00,0.00,0.00,1800.00,1800.00,103701.75,1855.00,0.00
1347,B,Courier,冲锋号令·β型,No Module,45.31,20571.43,0.00,0.00,0.00,1800.00,1800.00,0.00,1985.00,0.00
1348,B,Warmy,滔滔热流,PRI-X: 赠别之味,45.31,0.00,31288.89,0.00,301484.44,582.28,115.36,0.00,1438.00,0.00
1349,B,Eunectes,震慑劈砍,HES-X: Zumama's Tool Box,45.30,153956.02,0.00,0.00,0.00,1800.00,1532.58,0.00,7438.40,79.20
1350,B,Xingzhu,食不厌精,BLS-X: 别昔年,45.30,0.00,0.00,0.00,0.00,1800.00,1800.00,82648.12,2314.46,96.00
1351,B,Snow Hunter,风雪连弩,No Module,45.27,275641.30,0.00,0.00,0.00,1118.79,469.61,0.00,1710.00,15.00
1352,B,Tequila,RAW,LIB-X: “双重身份”,45.20,0.00,6016.80,0.00,0.00,1800.00,1800.00,0.00,4017.00,0.00
1353,B,Fartooth,光羽箭,DEA-X: First-show Support Set,45.14,235756.25,0.00,0.00,0.00,881.88,237.72,0.00,1522.00,0.00
1354,B,Surtr,熔核巨影,No Module,45.13,0.00,194396.16,0.00,0.00,554.59,290.28,0.00,2916.00,0.00
1355,B,Rose Salt,RAW,RIN-X: 多彩盐漠生活,45.12,0.00,0.00,0.00,0.00,1800.00,1800.00,106512.42,1775.00,0.00
1356,B,Xingzhu,RAW,No Module,45.11,0.00,0.00,0.00,0.00,1800.00,1800.00,54000.00,1984.09,96.00
1357,B,Warmy,滔滔热流,No Module,45.07,0.00,31288.89,0.00,301484.44,582.28,115.36,0.00,1358.00,0.00
1358,B,Wiš'adel,定点清算,No Module,45.00,187267.35,0.00,0.00,0.00,266.05,1472.39,0.00,1888.00,18.37
1359,B,Hoshiguma,荆棘,No Module,45.00,24916.67,0.00,0.00,0.00,1800.00,1800.00,0.00,3850.00,20.00
1360,B,Leto,一呼百应,LOR-Y: The Old Clothes,44.96,180630.58,0.00,0.00,0.00,618.34,1452.67,0.00,2280.00,0.00
1361,B,Terra Research Commission,RAW,No Module,44.94,1314.29,0.00,0.00,0.00,1800.00,1800.00,0.00,1149.00,2.45
1362,B,Violet Mizutsune Orchid,飞翔瞪射,ARC-X: 梓兰特制箭靶,44.93,220714.02,0.00,0.00,0.00,455.10,863.99,0.00,1788.00,0.00
1363,B,Sand Reckoner,RAW,SUM-X: 过往留痕,44.91,0.00,60963.84,0.00,0.00,1800.00,1312.41,0.00,1151.00,300.00
1364,B,Wang,RAW,No Module,44.89,54400.00,194812.93,0.00,0.00,360.80,281.56,0.00,1480.00,0.00
1365,B,Nasti,“执行”,CRA-X: 工程师们,44.86,0.00,104640.00,0.00,0.00,1800.00,1436.66,0.00,3329.27,144.00
1366,B,Ripresa,RAW,SPC-Y: “暮约”,44.80,0.00,64055.17,0.00,0.00,609.77,1247.49,0.00,1670.00,375.00
1367,B,Paprika,同伴意识,No Module,44.79,0.00,0.00,0.00,0.00,1800.00,1800.00,109527.65,3665.20,0.00
1368,B,Muelsyse,浅层非熵适应,No Module,44.67,24439.50,0.00,0.00,0.00,1800.00,1800.00,0.00,1813.00,0.00
1369,B,Scene,全景过载摄像,SUM-X: Improved Lens.P,44.65,0.00,81806.40,0.00,0.00,1800.00,1408.25,0.00,1105.00,61.24
1370,B,Lord/Sharp,RAW,No Module,44.64,57026.95,0.00,0.00,0.00,1800.00,1800.00,0.00,2362.00,125.00
1371,B,Penance,RAW,UNY-Y: “无罪”,44.63,106070.25,44006.11,0.00,0.00,1800.00,1800.00,0.00,6285.25,0.00
1372,B,Nine-Colored Deer,RAW,BLS-X: 'Elixir',44.61,0.00,0.00,0.00,0.00,1800.00,1800.00,32400.00,3718.01,57.60
1373,B,Nightmare,RAW,No Module,44.55,0.00,58716.80,0.00,0.00,1800.00,1363.88,0.00,1510.00,225.00
1374,B,Papyrus,临考发挥,No Module,44.54,0.00,0.00,0.00,0.00,1800.00,1800.00,118080.72,1715.00,50.00
1375,B,Hibiscus the Purifier,RAW,INC-X: Crystal Corsage,44.54,0.00,61306.46,0.00,0.00,1800.00,1304.89,30653.23,1648.00,210.00
1376,B,Specter the Unchained,RAW,PUM-X: 'Vinyl Record' Box,44.52,123241.67,0.00,0.00,0.00,1800.00,1800.00,0.00,3755.19,0.00
1377,B,Scavenger,冲锋号令·攻击,No Module,44.51,52761.90,0.00,0.00,0.00,1800.00,1800.00,0.00,1835.00,0.00
1378,B,Jessica the Liberated,坚守阵线,SPT-Y: 未曾风化,44.49,120164.57,0.00,0.00,0.00,1800.00,1800.00,0.00,1200.00,0.00
1379,B,Saria,RAW,GUA-Y: Technology Rising Star Award,44.45,59397.50,0.00,0.00,0.00,1800.00,1800.00,0.00,4023.53,0.00
1380,B,Crackborne,RAW,No Module,44.43,43412.50,0.00,0.00,64037.75,1800.00,952.40,0.00,3195.00,120.00
1381,B,Texas the Omertosa,RAW,EXE-X: “新车和新生活”,44.42,0.00,0.00,0.00,0.00,1664.88,762.15,0.00,5409.23,0.00
1382,B,Harold,RAW,No Module,44.42,0.00,0.00,0.00,0.00,1800.00,1800.00,57175.44,1400.00,108.00
1383,B,Haruka,夜啼彩羽,BLS-Y: 迟来的纪念,44.40,0.00,0.00,0.00,0.00,1800.00,1800.00,73171.28,2995.71,0.00
1384,B,Broca,通电,CEN-X: 'Buddies',44.34,88033.50,0.00,0.00,0.00,171.29,1101.58,0.00,2490.00,0.00
1385,B,Rhodes Island Recon,RAW,No Module,44.33,535.00,0.00,0.00,0.00,1800.00,1800.00,0.00,1155.00,24.50
1386,B,Toddifons,便携破城矢,SIE-X: Arrow Adjustment Box,44.31,219386.19,0.00,0.00,0.00,226.88,517.01,0.00,1667.00,0.00
1387,B,Vulpisfoglia,RAW,SOL-X: 杀手也有假期,44.28,101588.57,0.00,0.00,0.00,1800.00,1800.00,0.00,3495.00,0.00
1388,B,Saria,急救,GUA-Y: Technology Rising Star Award,44.27,59397.50,0.00,0.00,0.00,1800.00,1800.00,47974.73,4023.53,0.00
1389,B,Coldshot,攻击力强化·γ型,HUN-X: “桀骜”,44.22,259159.31,0.00,0.00,0.00,1140.75,486.44,0.00,2060.00,0.00
1390,B,Vina Victoria,重铸晖光,AFT-X: 城主的冒险,44.22,0.00,152107.88,0.00,0.00,1800.00,708.61,0.00,4631.94,194.00
1391,B,Nightmare,灵魂汲取,No Module,44.16,0.00,58716.80,0.00,0.00,1800.00,1363.88,0.00,1510.00,225.00
1392,B,Figurino,量衣尺,No Module,44.13,184883.58,0.00,0.00,0.00,1329.58,1800.00,0.00,2393.00,0.00
1393,B,Platinum,攻击力强化·γ型,No Module,44.10,182280.00,0.00,0.00,0.00,1184.52,827.83,0.00,1550.00,0.00
1394,B,Rose Salt,绝妙的长效药呀,No Module,44.10,0.00,0.00,0.00,0.00,1800.00,1800.00,125624.75,1675.00,0.00
1395,B,Varkáris,RAW,CEN-Y: 回家的路,44.09,78712.67,0.00,0.00,0.00,318.14,1800.00,0.00,5291.25,0.00
1396,B,Shining,自动掩护,No Module,44.05,0.00,0.00,0.00,0.00,1800.00,1800.00,77994.78,1613.00,111.88
1397,B,Varkáris,同胞的意志,No Module,44.04,104029.33,0.00,0.00,0.00,235.15,1800.00,0.00,3058.30,0.00
1398,B,Ebenholz,寂静之声,MSC-D: Lineage of Decay,44.04,0.00,275340.47,0.00,0.00,1120.17,393.48,0.00,1678.00,0.00
1399,B,Hoshiguma,RAW,No Module,44.02,24916.67,0.00,0.00,0.00,1800.00,1800.00,0.00,3850.00,20.00
1400,B,Bellone,RAW,No Module,44.01,66871.79,0.00,0.00,0.00,1800.00,1800.00,0.00,2625.00,105.00
1401,B,Melanite,饱和脉冲,No Module,44.00,136679.42,0.00,0.00,0.00,1800.00,1275.61,0.00,1664.00,240.00
1402,B,Scene,全景过载摄像,No Module,43.92,0.00,75513.60,0.00,0.00,1800.00,1528.30,0.00,1105.00,61.24
1403,B,Tequila,RAW,No Module,43.91,0.00,5556.80,0.00,0.00,1800.00,1800.00,0.00,3757.00,0.00
1404,B,Paprika,掩护作战·γ型,No Module,43.90,0.00,0.00,0.00,0.00,1800.00,1800.00,116620.35,2332.40,0.00
1405,B,Glaucus,反制电磁脉冲,DEC-X: Powered Exoskeleton,43.87,0.00,99219.54,0.00,0.00,831.09,769.51,0.00,1387.00,73.49
1406,B,Gladiia,缺水的大洋裂断,HOK-Y: 淡金坠饰,43.82,244491.94,0.00,0.00,0.00,1712.29,908.66,0.00,3848.33,0.00
1407,B,Mechanist,应力倒置,No Module,43.80,8050.00,0.00,0.00,0.00,1800.00,1800.00,0.00,1200.00,35.00
1408,B,Wiš'adel,RAW,No Module,43.80,118285.71,0.00,0.00,0.00,451.79,1800.00,0.00,1888.00,1.84
1409,B,Jessica the Liberated,坚守阵线,SPT-X: This Hero of Mine,43.78,115387.81,0.00,0.00,0.00,1800.00,1800.00,0.00,1200.00,0.00
1410,B,SilverAsh,强力击·γ型,LOR-X: Snow Realm Fowlcare Kit,43.70,308786.05,0.00,0.00,0.00,984.40,393.83,0.00,2890.00,0.00
1411,B,Dagda,反制技巧,FGT-Y: Backstreet Shield,43.69,150860.32,0.00,0.00,0.00,1800.00,1800.00,0.00,8118.00,0.00
1412,B,Stainless,铁钳号·原型机,CRA-Y: 海布里印记,43.67,0.00,173609.05,0.00,0.00,1800.00,841.01,0.00,3123.00,0.00
1413,B,Raidian,手牵手,No Module,43.67,0.00,83243.32,0.00,0.00,1800.00,916.81,0.00,1229.35,80.83
1414,B,Leizi the Thunderbringer,浩气长存,LIB-X: “一念”,43.66,26252.72,0.00,0.00,0.00,1800.00,1800.00,0.00,4223.00,0.00
1415,B,Nasti,“执行”,No Module,43.63,0.00,98240.00,0.00,0.00,1800.00,1532.37,0.00,3152.44,144.00
1416,B,Matterhorn,RAW,PRO-Y: Father's Robe,43.54,14375.00,0.00,0.00,0.00,1800.00,1800.00,0.00,3615.00,0.00
1417,B,Muelsyse,渐进性润化,No Module,43.53,32574.38,0.00,0.00,0.00,1800.00,1800.00,0.00,1813.00,0.00
1418,B,Mizuki,镜花水月,No Module,43.52,48368.00,0.00,0.00,0.00,1800.00,1800.00,0.00,2847.96,12.25
1419,B,Lessing,强力击·γ型,DRE-X: Blade Seal,43.51,341708.99,0.00,0.00,0.00,828.67,682.14,0.00,4082.00,0.00
1420,B,Shining,RAW,No Module,43.51,0.00,0.00,0.00,0.00,1800.00,1800.00,63932.28,1613.00,65.00
1421,B,Nearl,急救模式,No Module,43.48,10080.00,0.00,0.00,0.00,1800.00,1800.00,31791.51,2780.00,120.00
1422,B,Mechanist,结构稳定,PRO-X: Mechanist证章,43.47,10500.00,0.00,0.00,0.00,1800.00,1800.00,0.00,1200.00,35.00
1423,B,Nian,RAW,No Module,43.43,48913.33,0.00,0.00,0.00,1800.00,1800.00,0.00,4438.80,0.00
1424,B,SilverAsh,雪境生存法则,No Module,43.39,115052.31,0.00,0.00,0.00,1800.00,1800.00,0.00,4096.00,0.00
1425,B,Tsukinogi,迹无,No Module,43.39,0.00,0.00,0.00,0.00,1800.00,1800.00,54017.65,2594.83,129.66
1426,B,Mudrock,RAW,No Module,43.36,83662.50,0.00,0.00,0.00,1800.00,1800.00,0.00,6845.94,0.00
1427,B,Stainless,铁钳号·原型机,CRA-X: FMC-Crawler,43.28,0.00,180171.20,0.00,0.00,1800.00,810.90,0.00,2723.00,0.00
1428,B,Aurora,人工降雪,HES-X: Shield Photography Module,43.28,143434.67,0.00,0.00,0.00,1800.00,1800.00,0.00,7932.60,12.50
1429,B,Saria,药物配置,No Module,43.27,41035.83,0.00,0.00,0.00,1800.00,1800.00,59594.47,3150.00,0.00
1430,B,Gladiia,缺水的碎漩狂舞,No Module,43.27,141727.36,0.00,0.00,0.00,1800.00,1800.00,0.00,3848.33,0.00
1431,B,Sand Reckoner,RAW,No Module,43.24,0.00,43200.00,0.00,0.00,1800.00,1800.00,0.00,1040.00,300.00
1432,B,Nian,RAW,PRO-X: The Array of Chaos,43.23,63760.60,0.00,0.00,0.00,1800.00,1800.00,0.00,3527.60,0.00
1433,B,Gummy,备用军粮,No Module,43.23,28440.00,0.00,0.00,0.00,1800.00,1800.00,21158.40,2550.00,2.20
1434,B,Estelle,RAW,CEN-Y: Farewell Gifts from the Wildlands,43.15,58933.33,0.00,0.00,0.00,533.88,1800.00,0.00,5960.50,0.00
1435,B,Utage,RAW,SBL-X: Flip Phone,43.14,92598.00,0.00,0.00,0.00,1800.00,1800.00,0.00,9824.00,0.00
1436,B,Pith,“驭我所驭”,SPC-X: Pith证章,43.11,0.00,181961.86,0.00,0.00,274.52,556.41,0.00,1950.00,0.00
1437,B,Sora,RAW,BAR-X: “齐唱”,42.98,0.00,0.00,0.00,0.00,1800.00,1800.00,66509.10,1556.00,0.00
1438,B,Wiš'adel,RAW,BOM-X: 'Ancestor Launcher',42.96,113685.71,0.00,0.00,0.00,473.79,1800.00,0.00,1888.00,1.84
1439,B,Kroos the Keen Glint,RAW,MAR-X: Truth or Dare,42.94,68849.00,0.00,0.00,0.00,1800.00,1800.00,0.00,1710.00,0.49
1440,B,Fartooth,同盟支援,DEA-X: First-show Support Set,42.94,171823.05,0.00,0.00,0.00,1265.43,552.88,0.00,1522.00,0.00
1441,B,Xingzhu,盈帙满笥,BLS-X: 别昔年,42.92,0.00,0.00,0.00,0.00,1800.00,1800.00,83131.96,2314.46,96.00
1442,B,Croissant,RAW,PRO-Y: Combat Boots,42.91,15333.33,0.00,0.00,0.00,1800.00,1800.00,0.00,3870.00,0.00
1443,B,Eunectes,RAW,HES-X: Zumama's Tool Box,42.86,116725.00,0.00,0.00,0.00,1800.00,1800.00,0.00,7438.40,79.20
1444,B,Ambriel,阻挡弹,DEA-X: Portable Radar Equipment,42.82,54322.96,0.00,0.00,0.00,1800.00,1800.00,0.00,1690.00,44.75
1445,B,Nymph,怵然震爆,No Module,42.81,0.00,0.00,0.00,157525.33,478.46,287.33,0.00,1650.00,32.66
1446,B,Skyfire,天坠之火,No Module,42.69,0.00,63064.12,0.00,0.00,621.25,1205.26,0.00,1620.00,282.25
1447,B,Hibiscus the Purifier,攻击力强化·γ型,No Module,42.67,0.00,69904.80,0.00,0.00,1800.00,1140.34,34952.40,1508.00,210.00
1448,B,Aphrissa,连续映射,BLA-Y: 第三相态,42.65,0.00,206457.16,0.00,0.00,238.89,469.48,0.00,1860.00,0.00
1449,B,Dorothy,流沙区域生成,TRP-Y: Story Book,42.63,101816.94,127027.93,0.00,0.00,658.19,799.08,0.00,1657.00,0.00
1450,B,Frostleaf,RAW,LOR-X: The Seamless Mixtape,42.61,41000.00,0.00,0.00,0.00,1800.00,1800.00,0.00,2260.00,7.50
1451,B,Hellagur,新月,SBL-Y: 'Горячий снег',42.60,191037.00,0.00,0.00,0.00,1800.00,1800.00,0.00,8620.00,0.00
1452,B,Archetto,箭矢·暴风,MAR-X: Yesterday Once More,42.60,190572.48,0.00,0.00,0.00,893.60,1800.00,0.00,1865.00,0.00
1453,B,Irene,RAW,SWO-X: 审判官口粮,42.59,227186.22,0.00,0.00,0.00,920.92,135.39,0.00,2935.00,0.00
1454,B,Siege,RAW,SOL-Y: 'Thy First Vow',42.58,54354.29,0.00,0.00,0.00,1800.00,1800.00,0.00,2511.00,0.00
1455,B,Flametail,RAW,SOL-Y: The Origins of Pinus Sylvestris,42.58,58697.14,0.00,0.00,0.00,1800.00,1800.00,0.00,2438.00,0.00
1456,B,Вий,“用赤铁铭记”,No Module,42.57,0.00,228479.37,0.00,0.00,888.02,294.46,0.00,1500.00,0.00
1457,B,Penance,RAW,No Module,42.55,82800.00,37142.40,0.00,0.00,1800.00,1800.00,0.00,6285.25,0.00
1458,B,Cliffheart,束缚链,HOK-X: 'Reach the Top',42.50,45651.92,0.00,0.00,0.00,1800.00,1800.00,0.00,1970.00,36.75
1459,B,Vigil,领袖的馈赠,No Module,42.47,39510.00,0.00,0.00,0.00,1800.00,1800.00,0.00,2106.00,0.00
1460,B,Bagpipe,RAW,CHG-Y: Stick and Sack,42.40,107553.52,0.00,0.00,0.00,1800.00,1800.00,0.00,4471.20,0.00
1461,B,Odda,锻锤之力,No Module,42.34,119202.22,0.00,0.00,0.00,277.29,1800.00,0.00,2593.00,0.00
1462,B,Melanite,RAW,ARC-Y: Fragrance Earrings,42.33,130690.31,0.00,0.00,0.00,1800.00,1800.00,0.00,1664.00,240.00
1463,B,Qiubai,承影,LOR-X: A Weathered Snow Hat,42.27,246129.68,0.00,0.00,0.00,828.67,188.47,0.00,2480.00,0.00
1464,B,Silence the Paradigmatic,RAW,BLS-Y: 可控动量,42.23,0.00,0.00,0.00,0.00,1800.00,1800.00,0.00,5338.77,0.00
1465,B,Irene,RAW,SWO-Y: Liber Sacer,42.20,223809.48,0.00,0.00,0.00,937.11,1079.73,0.00,2935.00,0.00
1466,B,Bena,RAW,"PUM-Y: The Jeffreys Collection of Fairytales New and Old, Hardback Edition",42.20,80116.67,0.00,0.00,0.00,1800.00,1800.00,0.00,6265.38,0.00
1467,B,Silence the Paradigmatic,俯瞰视界,BLS-Y: 可控动量,42.11,0.00,0.00,0.00,0.00,1800.00,1800.00,3110.52,5338.77,60.00
1468,B,Eyjafjalla,二重咏唱,CCR-Y: 宠物大赛第一名,42.10,0.00,183028.25,0.00,0.00,1756.92,610.60,0.00,1973.00,48.00
1469,B,Blemishine,RAW,No Module,42.09,78016.00,0.00,0.00,0.00,1800.00,1800.00,0.00,3242.00,0.00
1470,B,Irene,裂潮,No Module,42.04,113562.42,0.00,0.00,0.00,297.36,1311.38,0.00,2935.00,0.00
1471,B,Fuze,RAW,CEN-Y: Sublinguistical Sign Showing System,42.04,65916.67,0.00,0.00,0.00,392.36,1800.00,0.00,5325.00,0.00
1472,B,Astgenne the Lightchaser,星束引力,No Module,41.98,0.00,45819.88,0.00,0.00,1800.00,1531.15,0.00,1420.00,200.00
1473,B,Lappland,日晷,LOR-X: 'The Young Fang',41.97,134551.74,0.00,0.00,0.00,1800.00,1800.00,0.00,2525.00,105.00
1474,B,Viviana,烛燃影息,No Module,41.96,0.00,118370.63,0.00,0.00,1027.16,596.86,0.00,1200.00,0.00
1475,B,Thumpy,RAW,No Module,41.89,53331.25,0.00,0.00,143719.81,1622.05,366.40,0.00,3514.00,0.00
1476,B,Lemuen,重逢问候,No Module,41.83,114486.99,0.00,0.00,0.00,1800.00,945.88,0.00,1448.00,270.00
1477,B,Poncirus,工程者之愿,No Module,41.77,63254.60,0.00,0.00,0.00,1800.00,1800.00,0.00,2613.70,0.00
1478,B,Beeswax,守卫尖碑,No Module,41.75,0.00,132300.00,0.00,0.00,542.19,1056.78,0.00,2807.00,36.75
1479,B,Kroos the Keen Glint,RAW,No Module,41.73,57692.80,0.00,0.00,0.00,1800.00,1800.00,0.00,1520.00,0.49
1480,B,Jessica the Liberated,RAW,SPT-Y: 未曾风化,41.68,58204.17,0.00,0.00,0.00,1800.00,1800.00,0.00,3933.00,0.00
1481,B,Carnelian,沙暴守卫,PLX-X: Hyacinth and Dagger,41.68,0.00,113582.00,0.00,0.00,651.68,1265.66,0.00,1200.00,0.00
1482,B,Nightmare,夜魇魔影,CCR-Y: 'The Double',41.66,0.00,79591.68,0.00,0.00,1159.92,997.50,0.00,1510.00,225.00
1483,B,Eunectes,RAW,No Module,41.65,101631.25,0.00,0.00,0.00,1800.00,1800.00,0.00,7438.40,79.20
1484,B,Leizi the Thunderbringer,浩气长存,No Module,41.65,21439.45,0.00,0.00,0.00,1800.00,1800.00,0.00,3863.00,0.00
1485,B,SilverAsh the Reignfrost,RAW,No Module,41.63,79500.00,0.00,0.00,0.00,1800.00,1800.00,0.00,2661.60,0.00
1486,B,Bagpipe,闭膛连发,CHG-X: Piledriver Spear Magazine,41.61,84090.78,0.00,0.00,0.00,1800.00,1800.00,0.00,2664.00,0.00
1487,B,Ptilopsis,脑啡肽,No Module,41.61,0.00,0.00,0.00,0.00,1800.00,1800.00,119612.63,1610.00,0.00
1488,B,Cliffheart,束缚链,No Module,41.59,33314.34,0.00,0.00,0.00,1800.00,1800.00,0.00,1970.00,36.75
1489,B,Puzzle,RAW,AGE-X: 首要任务,41.47,91557.00,0.00,0.00,0.00,1800.00,1800.00,0.00,6240.00,0.00
1490,B,Carnelian,RAW,PLX-X: Hyacinth and Dagger,41.46,0.00,0.00,0.00,0.00,1800.00,1800.00,0.00,5076.00,0.00
1491,B,Sesa,延时震荡零件,No Module,41.43,66251.25,0.00,0.00,0.00,585.51,1800.00,0.00,1655.00,340.00
1492,B,Weedy,炮管敲击,No Module,41.34,33149.40,0.00,0.00,0.00,1720.68,1800.00,0.00,2133.00,14.70
1493,B,Bassline,RAW,GUA-Y: Bestowed Trinket,41.33,39291.67,0.00,0.00,0.00,1800.00,1800.00,0.00,3741.18,0.00
1494,B,Ripresa,RAW,No Module,41.31,0.00,43310.34,0.00,0.00,973.59,1800.00,0.00,1550.00,375.00
1495,B,Tin Man,“大拉里”,ALC-X: “颅相学”,41.30,0.00,0.00,0.00,0.00,1800.00,1800.00,30240.00,1214.00,330.00
1496,B,Cantabile,观火,No Module,41.27,122901.12,0.00,0.00,0.00,1800.00,1800.00,0.00,1917.00,0.00
1497,B,Fartooth,迅捷打击·γ型,DEA-X: First-show Support Set,41.27,167097.12,0.00,0.00,0.00,1305.29,456.21,0.00,1522.00,0.00
1498,B,Hibiscus the Purifier,RAW,No Module,41.25,0.00,46603.20,0.00,0.00,1800.00,1726.80,23301.60,1508.00,210.00
1499,B,Blemishine,光芒涌动,No Module,41.24,127452.24,0.00,0.00,0.00,1800.00,1800.00,32185.05,3242.00,0.00
1500,B,Philae,灵河护佑,No Module,41.22,43556.25,0.00,0.00,65010.94,1800.00,937.12,0.00,6967.39,0.00
1501,B,Jessica the Liberated,坚守阵线,No Module,41.17,96243.50,0.00,0.00,0.00,1800.00,1800.00,0.00,1200.00,0.00
1502,B,Reed,RAW,CHG-Y: Spear Clean Suit,41.16,121051.88,0.00,0.00,0.00,1800.00,1800.00,0.00,4311.00,0.00
1503,B,Surfer,探寻,AGE-X: 佳肴,41.16,113160.00,0.00,0.00,0.00,1800.00,1800.00,0.00,2250.00,0.00
1504,B,Ptilopsis,RAW,RIN-X: Medic Environment Analyze System,41.07,0.00,0.00,0.00,0.00,1800.00,1800.00,92484.21,1710.00,0.00
1505,B,Bibeak,异刃斩,SWO-X: A Well-Made Shirt,41.04,87903.42,0.00,0.00,0.00,502.72,1800.00,0.00,2550.00,22.05
1506,B,Tin Man,“老科利”,ALC-X: “颅相学”,40.93,0.00,0.00,0.00,0.00,1800.00,1800.00,28743.12,1214.00,330.00
1507,B,Wulfenite,“驱兽专用”,TRP-Y: 矿石展览柜,40.92,77423.53,0.00,0.00,0.00,1800.00,1800.00,0.00,1450.00,36.75
1508,B,Heidi,RAW,BAR-X: 华贵璀璨的死斗,40.88,0.00,0.00,0.00,0.00,1800.00,1800.00,69205.95,1360.00,0.00
1509,B,Santalla,RAW,No Module,40.77,0.00,40103.72,0.00,0.00,1063.41,1800.00,0.00,1640.00,0.00
1510,B,Lin,RAW,PLX-X: 'Exquisite Heart',40.76,0.00,0.00,0.00,0.00,1800.00,1800.00,0.00,1200.00,12.25
1511,B,Thorns,RAW,LOR-X: The Salt and the Sand,40.75,115066.15,0.00,0.00,0.00,1800.00,1800.00,0.00,4020.80,0.00
1512,B,Sesa,攻击力强化·γ型,ART-X: 'Soul Resonance',40.67,129681.95,0.00,0.00,0.00,405.55,1427.13,0.00,1655.00,240.00
1513,B,SilverAsh,RAW,LOR-X: Snow Realm Fowlcare Kit,40.63,168613.40,0.00,0.00,0.00,1800.00,1800.00,0.00,2890.00,0.00
1514,B,Wind Chimes,攻击力强化·γ型,No Module,40.63,78240.96,0.00,0.00,0.00,1800.00,1778.26,0.00,5952.45,0.00
1515,B,Titi,RAW,INC-X: 远方的礼物,40.61,0.00,84320.30,0.00,0.00,1800.00,1365.29,42160.15,2332.50,0.00
1516,B,Vulpisfoglia,RAW,No Module,40.57,74857.14,0.00,0.00,0.00,1800.00,1800.00,0.00,3045.00,0.00
1517,B,Quercus,生灵的回响,No Module,40.55,0.00,0.00,0.00,0.00,1800.00,1800.00,52560.00,3233.70,93.44
1518,B,Xingzhu,盈帙满笥,No Module,40.53,0.00,0.00,0.00,0.00,1800.00,1800.00,80615.16,1984.09,96.00
1519,B,Windscoot,RAW,LIB-X: 义,40.49,0.00,0.00,0.00,0.00,1800.00,1800.00,0.00,3585.00,0.00
1520,C,Tin Man,“大拉里”,No Module,40.46,0.00,0.00,0.00,0.00,1800.00,1800.00,28140.00,1114.00,330.00
1521,C,Leto,迅捷打击·γ型,LOR-Y: The Old Clothes,40.45,144995.74,0.00,0.00,0.00,1525.87,1800.00,0.00,2280.00,0.00
1522,C,Jessica the Liberated,RAW,SPT-X: This Hero of Mine,40.44,55008.33,0.00,0.00,0.00,1800.00,1800.00,0.00,3518.40,0.00
1523,C,Thorns,RAW,LOR-D: 沙蚀,40.43,120004.62,0.00,0.00,0.00,1800.00,1800.00,0.00,3866.80,0.00
1524,C,Weedy,液氮大炮,PUS-X: Custom Bionic Seadragon,40.36,76368.00,0.00,0.00,0.00,252.09,1442.47,0.00,2343.00,0.00
1525,C,Umiri Yahata,RAW,AMB-Y: 额外训练,40.29,12213.59,0.00,0.00,0.00,1800.00,1800.00,0.00,1874.00,238.00
1526,C,Texas the Omertosa,RAW,No Module,40.29,0.00,0.00,0.00,0.00,1800.00,1062.46,0.00,4565.71,0.00
1527,C,Tequila,剑走偏锋,LIB-X: “双重身份”,40.26,23207.80,18050.40,0.00,0.00,1800.00,1800.00,0.00,4017.00,0.00
1528,C,Tragodia,RAW,RIT-X: 酒神之心,40.25,0.00,16000.00,0.00,212000.00,917.09,192.83,0.00,1400.00,200.00
1529,C,Stormeye,旋臂,MAR-X: Stormeye证章,40.23,124292.00,0.00,0.00,0.00,1162.98,1800.00,0.00,3150.00,0.00
1530,C,Papyrus,RAW,XAH-X: 小小的种子,40.20,0.00,0.00,0.00,0.00,1800.00,1800.00,99192.98,1715.00,0.00
1531,C,Hoshiguma,荆棘,PRO-X: Amulet,40.16,24916.67,0.00,0.00,0.00,1800.00,1800.00,0.00,1200.00,20.00
1532,C,Typhon,RAW,No Module,40.14,100433.33,0.00,0.00,0.00,357.61,1071.02,0.00,1702.00,20.00
1533,C,Tin Man,“老科利”,No Module,40.12,0.00,0.00,0.00,0.00,1800.00,1800.00,26747.07,1114.00,330.00
1534,C,Odda,火花溅射,HAM-X: 旧背包,40.07,211754.44,0.00,0.00,0.00,152.12,663.06,0.00,2843.00,0.00
1535,C,Marcille,RAW,SPC-Y: 才女的藏书,40.06,0.00,124019.17,0.00,0.00,426.94,917.63,0.00,1805.00,162.50
1536,C,Ambriel,阻挡弹,No Module,40.02,40118.52,0.00,0.00,0.00,1800.00,1800.00,0.00,1595.00,32.50
1537,C,Matoimaru,生命回复·β型,No Module,39.98,72106.67,0.00,0.00,0.00,1800.00,1800.00,0.00,4477.20,300.00
1538,C,Vina Victoria,重铸晖光,AFT-Y: 秩序圣“球”,39.94,0.00,156110.02,0.00,0.00,1800.00,690.76,0.00,3711.54,194.00
1539,C,Dorothy,流沙区域生成,TRP-X: 梦中人,39.92,95739.53,122809.19,0.00,0.00,696.79,827.70,0.00,1502.00,0.00
1540,C,Santalla,迅捷打击·γ型,No Module,39.85,0.00,58874.31,0.00,0.00,674.81,1299.47,0.00,1640.00,0.00
1541,C,Rosa,分裂射击,No Module,39.79,98640.00,0.00,0.00,0.00,365.34,617.24,0.00,1755.00,0.00
1542,C,Heavyrain,RAW,PRO-Y: Stickers of a Popular Character,39.78,14300.00,0.00,0.00,0.00,1800.00,1800.00,0.00,3755.00,0.00
1543,C,Stainless,铁钳号·原型机,No Module,39.75,0.00,159196.78,0.00,0.00,1800.00,919.70,0.00,2723.00,0.00
1544,C,Silence the Paradigmatic,无畏者协议,BLS-Y: 可控动量,39.66,0.00,0.00,0.00,0.00,1800.00,1800.00,5157.75,5355.79,0.00
1545,C,Tequila,当机立断,LIB-X: “双重身份”,39.62,32840.50,6016.80,0.00,0.00,1800.00,1800.00,0.00,4017.00,0.00
1546,C,Pallas,RAW,INS-X: 'Ούρος',39.52,148765.71,0.00,0.00,0.00,1483.64,1800.00,0.00,2173.00,0.00
1547,C,Degenbrecher,RAW,SWO-Y: 新合同,39.52,196035.20,0.00,0.00,0.00,1091.11,719.13,0.00,3041.00,0.00
1548,C,Saria,RAW,No Module,39.51,41035.83,0.00,0.00,0.00,1800.00,1800.00,0.00,3150.00,0.00
1549,C,Surtr,烈焰魔剑,AFT-Y: 旅游必需品,39.50,0.00,327426.53,0.00,0.00,918.15,243.55,0.00,2916.00,0.00
1550,C,Flamebringer,刃鬼,No Module,39.50,155025.86,0.00,0.00,0.00,1800.00,1800.00,0.00,5860.50,0.00
1551,C,Kroos the Keen Glint,封喉,MAR-X: Truth or Dare,39.48,89503.70,0.00,0.00,0.00,1800.00,1800.00,0.00,1710.00,0.49
1552,C,Fang the Fire-Sharpened,执守阵线,No Module,39.47,85860.00,0.00,0.00,0.00,639.41,1800.00,0.00,2226.00,0.00
1553,C,Glaucus,反制电磁脉冲,No Module,39.44,0.00,76110.76,0.00,0.00,1179.42,1044.65,0.00,1267.00,73.49
1554,C,Jessica the Liberated,RAW,No Module,39.44,42550.00,0.00,0.00,0.00,1800.00,1800.00,0.00,3608.00,0.00
1555,C,Verdant,双刃毒藤,PUM-Y: Trophies from the Jungle,39.43,145950.00,0.00,0.00,0.00,1800.00,1800.00,0.00,5470.63,0.00
1556,C,Windscoot,RAW,No Module,39.42,0.00,0.00,0.00,0.00,1800.00,1800.00,0.00,3355.00,0.00
1557,C,Mountain,震地碎岩击,FGT-Y: 'Price of Freedom',39.37,65991.05,0.00,0.00,0.00,675.16,1800.00,0.00,2945.00,0.00
1558,C,Astgenne the Lightchaser,并流连锁,No Module,39.35,0.00,70287.49,0.00,0.00,1673.71,988.05,0.00,1420.00,180.00
1559,C,Lin,RAW,No Module,39.33,0.00,0.00,0.00,0.00,1800.00,1800.00,0.00,2048.00,12.25
1560,C,Lin,RAW,PLX-Y: “情与义”,39.33,0.00,0.00,0.00,0.00,1800.00,1800.00,0.00,2048.00,12.25
1561,C,Sora,RAW,No Module,39.27,0.00,0.00,0.00,0.00,1800.00,1800.00,57787.50,1356.00,0.00
1562,C,Fartooth,同盟支援,DEA-Y: Fan Letters,39.25,200933.68,0.00,0.00,0.00,1588.02,893.32,0.00,1642.00,0.00
1563,C,Wulfenite,“驱兽专用”,No Module,39.24,65678.43,0.00,0.00,0.00,1800.00,1800.00,0.00,1450.00,36.75
1564,C,Hoshiguma,RAW,PRO-X: Amulet,39.18,24916.67,0.00,0.00,0.00,1800.00,1800.00,0.00,1200.00,20.00
1565,C,Philae,RAW,PRP-X: 被摩挲的日子,39.14,53618.75,0.00,0.00,173171.31,1390.93,282.58,0.00,4521.79,0.00
1566,C,Укусик,火钳秘咒,No Module,39.14,0.00,0.00,0.00,0.00,1800.00,1800.00,112648.03,1650.00,0.00
1567,C,Shining,信条,No Module,39.10,0.00,0.00,0.00,0.00,1800.00,1800.00,81953.52,1613.00,65.00
1568,C,Contrail,掠空飞翎,No Module,39.09,56403.84,0.00,0.00,0.00,754.88,1800.00,0.00,2255.00,10.00
1569,C,Vigil,领袖的呼唤,TAC-Y: 时光不再,39.09,76032.00,0.00,0.00,0.00,1800.00,1800.00,0.00,1905.00,0.00
1570,C,Hibiscus the Purifier,抚业之触,INC-X: Crystal Corsage,39.06,0.00,74753.02,0.00,0.00,1800.00,1060.05,37376.51,1648.00,210.00
1571,C,Lucilla,迷惑性洋流图,No Module,39.02,0.00,51836.93,0.00,0.00,1800.00,1545.83,0.00,1625.00,270.00
1572,C,Exusiai,扫射模式,No Module,38.98,188599.08,0.00,0.00,0.00,1700.95,1800.00,0.00,1890.49,0.00
1573,C,Shalem,速战速决,No Module,38.98,0.00,133410.06,0.00,0.00,1800.00,757.59,0.00,4635.00,0.00
1574,C,Shalem,速战速决,No Module,38.98,0.00,133410.06,0.00,0.00,1800.00,757.59,0.00,4635.00,0.00
1575,C,Wind Chimes,RAW,CRU-X: 致继任者,38.97,76127.76,0.00,0.00,0.00,1800.00,1528.62,0.00,6801.47,0.00
1576,C,Verdant,RAW,PUM-Y: Trophies from the Jungle,38.94,104250.00,0.00,0.00,0.00,1800.00,1800.00,0.00,5294.16,0.00
1577,C,Nine-Colored Deer,RAW,No Module,38.86,0.00,0.00,0.00,0.00,1800.00,1800.00,32400.00,2542.03,57.60
1578,C,Fartooth,迅捷打击·γ型,DEA-Y: Fan Letters,38.84,198222.52,0.00,0.00,0.00,1611.64,657.12,0.00,1642.00,0.00
1579,C,Astgenne the Lightchaser,RAW,No Module,38.83,0.00,41227.69,0.00,0.00,1800.00,1707.60,0.00,1420.00,180.00
1580,C,Fuze,霰射炸药,CEN-Y: Sublinguistical Sign Showing System,38.80,107332.87,0.00,0.00,0.00,222.05,1744.44,0.00,5325.00,0.00
1581,C,Violet Mizutsune Orchid,刚射,No Module,38.76,136155.75,0.00,0.00,0.00,1800.00,1800.00,0.00,1788.00,24.50
1582,C,Sora,睡眠之歌,BAR-X: “齐唱”,38.71,0.00,0.00,0.00,0.00,1800.00,1800.00,89787.29,1556.00,0.00
1583,C,Haruka,RAW,BLS-Y: 迟来的纪念,38.68,0.00,0.00,0.00,0.00,1800.00,1800.00,23707.25,2995.71,0.00
1584,C,Sankta Miksaparato,RAW,SPT-Y: “老朋友”,38.62,68867.52,0.00,0.00,0.00,1800.00,1800.00,0.00,3677.23,0.00
1585,C,Bassline,急救,GUA-Y: Bestowed Trinket,38.61,39291.67,0.00,0.00,0.00,1800.00,1800.00,39723.30,3741.18,0.00
1586,C,Specter,RAW,CEN-X: Dim Candlelight,38.58,75133.33,0.00,0.00,0.00,393.44,1800.00,0.00,3682.00,0.00
1587,C,Tequila,剑走偏锋,No Module,38.56,20256.13,16670.40,0.00,0.00,1800.00,1800.00,0.00,3757.00,0.00
1588,C,Specter the Unchained,RAW,No Module,38.51,58266.67,0.00,0.00,0.00,1800.00,1800.00,0.00,3447.69,0.00
1589,C,Kirin R Yato,鬼人化,No Module,38.46,172425.12,0.00,0.00,0.00,1602.51,1800.00,0.00,1629.00,0.00
1590,C,Umiri Yahata,RAW,No Module,38.41,10034.57,0.00,0.00,0.00,1800.00,1800.00,0.00,1729.00,229.20
1591,C,Nightmare,夜魇魔影,No Module,38.38,0.00,58716.80,0.00,0.00,1622.99,1363.88,0.00,1510.00,225.00
1592,C,Eyjafjalla,二重咏唱,No Module,38.38,0.00,169860.75,0.00,0.00,1800.00,660.68,0.00,1743.00,48.00
1593,C,Greyy the Lightningbearer,迅捷打击·γ型,No Module,38.37,128823.22,0.00,0.00,0.00,408.68,1800.00,0.00,1730.00,5.33
1594,C,Kichisei,吉星高照！,No Module,38.30,65337.71,0.00,0.00,0.00,920.57,1800.00,0.00,2310.00,28.37
1595,C,Titi,缓蚀,INC-X: 远方的礼物,38.29,0.00,108211.05,0.00,0.00,1800.00,1015.72,54105.53,2332.50,0.00
1596,C,Lessing,RAW,DRE-X: Blade Seal,38.19,193067.60,0.00,0.00,0.00,1800.00,1800.00,0.00,4082.00,0.00
1597,C,Amiya (Medic),RAW,INC-X: 带有灼痕的裙子,38.19,0.00,85800.00,0.00,0.00,1800.00,1759.20,42900.00,2956.61,24.00
1598,C,Titi,RAW,No Module,38.10,0.00,76884.40,0.00,0.00,1800.00,1500.47,38442.20,2107.50,0.00
1599,C,Archetto,箭矢·暴风,MAR-Y: 'Seeds of Tomorrow',38.08,173101.68,0.00,0.00,0.00,983.67,1800.00,0.00,1705.00,0.00
1600,C,Surfer,探寻,No Module,38.01,98400.00,0.00,0.00,0.00,1800.00,1800.00,0.00,1950.00,0.00
1601,C,Mountain,RAW,FGT-Y: 'Price of Freedom',37.99,100195.90,0.00,0.00,0.00,1800.00,1800.00,0.00,2945.00,0.00
1602,C,Melanite,临界爆发,ARC-Y: Fragrance Earrings,37.98,200084.99,0.00,0.00,0.00,1595.35,925.79,0.00,1664.00,240.00
1603,C,Rose Salt,上佳的应急药呀,RIN-X: 多彩盐漠生活,37.98,0.00,0.00,0.00,0.00,1800.00,1800.00,121740.21,1775.00,0.00
1604,C,Ebenholz,寂静之声,No Module,37.96,0.00,252937.44,0.00,0.00,1232.31,431.70,0.00,1678.00,0.00
1605,C,Mechanist,结构稳定,No Module,37.95,8050.00,0.00,0.00,0.00,1800.00,1800.00,0.00,1250.00,35.00
1606,C,Pepe,RAW,HAM-X: 晴雨,37.91,81807.00,0.00,0.00,0.00,300.67,1092.46,0.00,3151.00,0.00
1607,C,Gladiia,缺水的大洋裂断,No Module,37.88,192806.24,0.00,0.00,0.00,1800.00,1477.60,0.00,3848.33,0.00
1608,C,Tequila,当机立断,No Module,37.82,27386.33,5556.80,0.00,0.00,1800.00,1800.00,0.00,3757.00,0.00
1609,C,Nearl,RAW,GUA-X: Improved Knight Shield,37.79,42550.00,0.00,0.00,0.00,1800.00,1800.00,0.00,4620.00,0.00
1610,C,Tsukinogi,RAW,No Module,37.79,0.00,0.00,0.00,0.00,1800.00,1800.00,32400.00,2594.83,57.60
1611,C,Fiammetta,“你须愧悔”,ART-X: A Long Journey,37.78,245015.12,0.00,0.00,0.00,198.89,446.43,0.00,1945.26,0.00
1612,C,Mountain,震地碎岩击,FGT-X: “夜深人静”,37.74,60464.98,0.00,0.00,0.00,753.16,1800.00,0.00,2995.00,0.00
1613,C,Conviction,断罪,DRE-X: The Fist of Conviction,37.73,80515.82,0.00,0.00,0.00,1800.00,1800.00,0.00,3483.00,122.49
1614,C,Angelina,秘杖·速充模式,DEC-X: Experimental Anti-Gravity Module,37.65,0.00,147729.09,0.00,0.00,1800.00,995.50,0.00,1735.00,24.00
1615,C,Asbestos,火电模式,AST-X: “石棉大战双头钳兽”,37.64,0.00,68342.40,0.00,0.00,880.67,1074.92,0.00,3285.00,0.00
1616,C,Bagpipe,迅捷打击·γ型,No Module,37.61,95847.48,0.00,0.00,0.00,1800.00,1800.00,0.00,2484.00,0.00
1617,C,Stainless,RAW,CRA-Y: 海布里印记,37.58,0.00,106265.60,0.00,0.00,1800.00,1414.19,0.00,3123.00,0.00
1618,C,Quartz,全力相搏,CRU-X: 钟表修理套组,37.56,79725.48,0.00,0.00,0.00,1767.09,1800.00,0.00,7107.68,0.00
1619,C,Mountain,RAW,FGT-X: “夜深人静”,37.56,91909.74,0.00,0.00,0.00,1800.00,1800.00,0.00,2995.00,0.00
1620,C,Melanite,RAW,No Module,37.53,82041.00,0.00,0.00,0.00,1800.00,1800.00,0.00,1664.00,240.00
1621,C,Thorns,RAW,No Module,37.46,94846.15,0.00,0.00,0.00,1800.00,1800.00,0.00,3656.80,0.00
1622,C,Franka,迅捷打击·γ型,DRE-X: Cutting-edge Thermite Unit,37.45,134829.91,0.00,0.00,0.00,1800.00,1800.00,0.00,3988.00,0.00
1623,C,Doc,以暴制暴,INS-Y: 'The Third Power',37.44,242529.52,0.00,0.00,0.00,948.77,1800.00,0.00,3116.10,0.00
1624,C,Tulip,RAW,SOL-X: 郁金香证章,37.36,55878.10,0.00,0.00,0.00,1800.00,1800.00,0.00,2095.00,0.00
1625,C,Akafuyu,信影流·十文字胜,No Module,37.34,147148.89,0.00,0.00,0.00,1800.00,1800.00,0.00,8178.75,0.00
1626,C,Nyamu Yūtenji,RAW,HAM-X: 年轻的麦子,37.29,92480.47,0.00,0.00,0.00,431.06,1800.00,0.00,2660.00,120.00
1627,C,Corroserum,专注力超载,BLA-X: Unerasable,37.27,0.00,109908.28,0.00,0.00,493.19,1026.22,0.00,1762.00,122.49
1628,C,Quartz,攻击力强化·β型,CRU-X: 钟表修理套组,37.26,72857.28,0.00,0.00,0.00,1800.00,1581.86,0.00,7107.68,0.00
1629,C,Siege,RAW,SOL-X: 'Candy Box',37.26,67565.71,0.00,0.00,0.00,1800.00,1800.00,0.00,2251.00,0.00
1630,C,Stormeye,心手合一,MAR-X: Stormeye证章,37.26,109159.92,0.00,0.00,0.00,1545.62,1800.00,0.00,1750.00,0.00
1631,C,Ashlock,攻击力强化·γ型,FOR-X: Outdoor Essential Kit,37.19,107452.57,0.00,0.00,0.00,319.62,788.97,0.00,3532.00,0.00
1632,C,Phantom,暗夜魅影,EXE-Y: 'Think of Me',37.15,54361.29,0.00,0.00,0.00,1800.00,1800.00,0.00,5329.80,0.00
1633,C,Paprika,RAW,No Module,37.10,0.00,0.00,0.00,0.00,1800.00,1800.00,81838.84,2332.40,0.00
1634,C,Saria,急救,No Module,37.00,41035.83,0.00,0.00,0.00,1800.00,1800.00,40439.11,3150.00,0.00
1635,C,Rose Salt,RAW,No Module,36.99,0.00,0.00,0.00,0.00,1800.00,1800.00,89412.63,1675.00,0.00
1636,C,Degenbrecher,纯粹的武力,SWO-Y: 新合同,36.98,144020.81,0.00,0.00,0.00,210.94,171.89,0.00,3041.00,0.00
1637,C,Kroos the Keen Glint,封喉,No Module,36.96,75000.64,0.00,0.00,0.00,1800.00,1800.00,0.00,1520.00,0.49
1638,C,Frost,陷阱部署,TRP-Y: Metallic Spring Loaded Trap,36.93,112173.18,0.00,0.00,0.00,1800.00,1800.00,0.00,1359.00,18.37
1639,C,Mechanist,不变性原理,PRO-X: Mechanist证章,36.92,8050.00,0.00,0.00,0.00,1800.00,1800.00,0.00,1200.00,35.00
1640,C,Sankta Miksaparato,RAW,No Module,36.92,38522.00,0.00,0.00,0.00,1800.00,1800.00,0.00,3677.18,0.00
1641,C,Crackborne,溃决,PRP-X: “漂洗”,36.91,30200.00,0.00,0.00,49964.39,1800.00,840.85,0.00,3545.00,120.00
1642,C,Mutsumi Wakaba,RAW,PUM-Y: 睦的新朋友,36.87,86633.33,0.00,0.00,0.00,1800.00,1800.00,0.00,4626.14,0.00
1643,C,Bison,深化阵线,PRO-X: 'The Journey Thus Far',36.82,13750.00,0.00,0.00,0.00,1800.00,1800.00,0.00,1200.00,166.67
1644,C,Haruka,RAW,No Module,36.77,0.00,0.00,0.00,0.00,1800.00,1800.00,21390.00,2695.71,0.00
1645,C,Franka,极致锋度,DRE-X: Cutting-edge Thermite Unit,36.76,151347.54,0.00,0.00,0.00,1800.00,1683.86,0.00,3988.00,0.00
1646,C,Dagda,反制技巧,No Module,36.76,114346.20,0.00,0.00,0.00,1800.00,1800.00,0.00,7518.00,0.00
1647,C,Ch'en the Dawnstreak,RAW,AFT-X: 记忆残页,36.73,0.00,185477.65,0.00,0.00,1731.90,570.65,0.00,3330.00,0.00
1648,C,Vina Victoria,重铸晖光,No Module,36.69,0.00,122173.06,0.00,0.00,1800.00,901.08,0.00,3711.54,194.00
1649,C,Hoshiguma,力之锯,PRO-X: Amulet,36.69,44088.89,0.00,0.00,0.00,1246.02,1800.00,0.00,1200.00,20.00
1650,C,Mudrock,防御力强化·γ型,UNY-Y: 沃土的愿景,36.66,137027.10,0.00,0.00,0.00,1800.00,1800.00,0.00,1846.15,0.00
1651,C,Irene,起风,No Module,36.66,186144.00,0.00,0.00,0.00,1156.90,1523.19,0.00,2935.00,0.00
1652,C,Nine-Colored Deer,仙山去远,No Module,36.64,0.00,0.00,0.00,0.00,1800.00,1800.00,32400.00,4357.76,57.60
1653,C,Aroma,小心地滑,BLA-X: Lemon-flavored Childhood,36.62,0.00,109192.90,0.00,0.00,497.02,1046.79,0.00,1781.00,225.00
1654,C,Rathalos S Noir Corne,RAW,SBL-X: Noir Corne's Personal Notes,36.59,111918.00,0.00,0.00,0.00,1800.00,1800.00,0.00,8036.00,0.00
1655,C,Aegis,全弹发射,BRK-X: 约定的证明,36.54,265559.93,0.00,0.00,0.00,1166.83,534.43,0.00,1960.00,150.00
1656,C,Vigna,槌音,No Module,36.53,178178.13,0.00,0.00,0.00,1800.00,1585.17,0.00,1845.00,0.00
1657,C,Valarqvin,我见枯朽之后,RIT-X: 启行未来的灯,36.48,0.00,61105.07,0.00,126610.62,1145.99,274.88,0.00,1242.00,8.00
1658,C,Mayer,爆破回收,SUM-X: 'Meeboo' Control Terminal XP,36.46,0.00,47913.60,0.00,0.00,1800.00,1642.67,0.00,1188.00,174.50
1659,C,Tulip,RAW,No Module,36.42,38095.24,0.00,0.00,0.00,1800.00,1800.00,0.00,2095.00,0.00
1660,C,Bison,深化阵线,No Module,36.40,13750.00,0.00,0.00,0.00,1800.00,1800.00,0.00,1200.00,166.67
1661,C,Silence the Paradigmatic,RAW,BLS-X: Hard to Keep Awake,36.39,0.00,0.00,0.00,0.00,1800.00,1800.00,0.00,4382.47,0.00
1662,C,Heidi,虚构故事·怒士,BAR-X: 华贵璀璨的死斗,36.35,0.00,0.00,0.00,0.00,1800.00,1800.00,61940.26,1360.00,110.00
1663,C,Fang the Fire-Sharpened,贯敌刺枪,CHG-X: The Dauntless,36.34,69826.67,0.00,0.00,0.00,1800.00,1800.00,0.00,2226.00,0.00
1664,C,Hoshiguma,力之锯,No Module,36.33,44088.89,0.00,0.00,0.00,1246.02,1800.00,0.00,1200.00,20.00
1665,C,Skadi,RAW,DRE-X: No Ending to This Dream,36.32,143289.60,0.00,0.00,0.00,1800.00,1800.00,0.00,4186.00,0.00
1666,C,Nyamu Yūtenji,如焰般热烈,HAM-X: 年轻的麦子,36.31,113662.95,0.00,0.00,0.00,304.15,1800.00,0.00,2660.00,120.00
1667,C,Qiubai,承影,No Module,36.29,206681.44,0.00,0.00,0.00,1027.26,261.64,0.00,2480.00,0.00
1668,C,Conviction,断罪,No Module,36.22,57343.24,0.00,0.00,0.00,1800.00,1800.00,0.00,3483.00,122.49
1669,C,Lessing,虔修对决,No Module,36.19,143494.40,0.00,0.00,0.00,1800.00,1743.01,0.00,3682.00,0.00
1670,C,Vigil,领袖的呼唤,No Module,36.16,32580.00,0.00,0.00,0.00,1800.00,1800.00,0.00,1755.00,0.00
1671,C,Stainless,RAW,CRA-X: FMC-Crawler,36.15,0.00,107184.00,0.00,0.00,1800.00,1401.79,0.00,2723.00,0.00
1672,C,Silence the Paradigmatic,进取之心,BLS-Y: 可控动量,36.12,0.00,0.00,0.00,0.00,1800.00,1800.00,4820.51,5338.77,0.00
1673,C,Aroma,RAW,BLA-X: Lemon-flavored Childhood,36.06,0.00,74789.66,0.00,0.00,784.65,1543.41,0.00,1781.00,225.00
1674,C,Sharp,力战不竭,No Module,36.01,138820.73,0.00,0.00,0.00,1800.00,1800.00,0.00,3472.00,0.00
1675,C,Flametail,RAW,SOL-X: Their Future,35.99,52370.29,0.00,0.00,0.00,1800.00,1800.00,0.00,2138.00,0.00
1676,C,Friston-3,RAW,No Module,35.94,825.00,0.00,0.00,0.00,1800.00,1800.00,0.00,1152.00,0.00
1677,C,Zinogre S Catapult,RAW,MCN-X: 狩猎之路,35.88,47898.88,0.00,0.00,0.00,1800.00,1800.00,0.00,3290.00,0.00
1678,C,Platinum,天马视域,No Module,35.82,190280.00,0.00,0.00,0.00,1128.57,523.09,0.00,1550.00,0.00
1679,C,Virtuosa,“黄金的狂喜”,RIT-Y: 音乐家的旅程,35.80,0.00,12586.67,0.00,273013.33,700.51,142.41,0.00,1441.00,1.33
1680,C,Heidi,RAW,No Module,35.78,0.00,0.00,0.00,0.00,1800.00,1800.00,55968.00,1260.00,0.00
1681,C,Siege,RAW,No Module,35.74,40609.52,0.00,0.00,0.00,1800.00,1800.00,0.00,2251.00,0.00
1682,C,Weedy,液氮大炮,PUS-Y: New Bionic Prototype,35.72,59450.00,0.00,0.00,0.00,333.06,1475.15,0.00,2133.00,0.00
1683,C,Virtuosa,“黄金的狂喜”,RIT-X: 强弱法,35.71,0.00,12586.67,0.00,273013.33,700.51,142.41,0.00,1411.00,1.33
1684,C,Surtr,RAW,AFT-Y: 旅游必需品,35.70,0.00,192603.84,0.00,0.00,1662.71,465.65,0.00,2916.00,0.00
1685,C,Quartz,RAW,CRU-X: 钟表修理套组,35.55,55133.28,0.00,0.00,0.00,1800.00,1800.00,0.00,7107.68,0.00
1686,C,Firewatch,环境伪装,DEA-Y: Field Sniper Equipment,35.53,140109.43,0.00,0.00,0.00,1583.96,524.51,0.00,1580.00,0.00
1687,C,Specter,RAW,No Module,35.52,56666.67,0.00,0.00,0.00,557.47,1800.00,0.00,3682.00,0.00
1688,C,Phantom,暗夜魅影,No Module,35.50,30516.13,0.00,0.00,0.00,1800.00,1800.00,0.00,5329.80,0.00
1689,C,Vigil,领袖的尊严,TAC-Y: 时光不再,35.50,76032.00,0.00,0.00,0.00,1800.00,1800.00,0.00,1905.00,0.00
1690,C,Nearl,急救,GUA-X: Improved Knight Shield,35.47,42550.00,0.00,0.00,0.00,1800.00,1800.00,41060.52,4620.00,0.00
1691,C,Nyamu Yūtenji,RAW,No Module,35.47,83756.40,0.00,0.00,0.00,1595.73,1800.00,0.00,2482.00,120.00
1692,C,Enforcer,惊爆射击,"PUS-X: Heaven, Here, Now",35.46,35650.00,0.00,0.00,0.00,379.31,1800.00,0.00,2177.00,48.99
1693,C,Typhon,“永恒狩猎”,No Module,35.46,90617.00,0.00,0.00,0.00,390.04,962.97,0.00,1702.00,20.00
1694,C,Mountain,RAW,No Module,35.41,74525.13,0.00,0.00,0.00,1800.00,1800.00,0.00,2745.00,0.00
1695,C,Whislash,鞭刃,INS-X: Whipsword Wire.L,35.35,50171.28,0.00,0.00,0.00,799.71,1800.00,0.00,1932.00,0.00
1696,C,Blitz,RAW,SPT-X: Shield Maintenance Oil,35.35,118727.92,0.00,0.00,0.00,1800.00,1800.00,0.00,3463.00,0.00
1697,C,Bibeak,异刃斩,No Module,35.35,55521.51,0.00,0.00,0.00,820.95,1800.00,0.00,2550.00,22.05
1698,C,Nian,锡灼,PRO-X: The Array of Chaos,35.32,86841.10,0.00,0.00,0.00,1800.00,1800.00,0.00,1200.00,0.00
1699,C,Mulberry,RAW,WDM-X: 宁心静神,35.30,0.00,0.00,0.00,0.00,1800.00,1800.00,58433.37,1447.00,0.00
1700,C,Rathalos S Noir Corne,气刃兜割,SBL-X: Noir Corne's Personal Notes,35.26,210213.09,0.00,0.00,0.00,1511.75,1800.00,0.00,8036.00,0.00
1701,C,Astgenne the Lightchaser,星图闪烁,No Module,35.23,0.00,57718.77,0.00,0.00,1568.81,1210.43,0.00,1420.00,180.00
1702,C,Brigid,可驯服的,LPS-X: 风的颜色,35.22,156156.00,0.00,0.00,0.00,1800.00,1800.00,0.00,2560.00,6.67
1703,C,Frostleaf,寒霜枪刃,LOR-X: The Seamless Mixtape,35.21,58750.00,0.00,0.00,0.00,1800.00,1800.00,0.00,2260.00,7.50
1704,C,Mayer,迷惑装置,No Module,35.21,0.00,35440.00,0.00,0.00,1800.00,1800.00,0.00,1070.00,175.00
1705,C,Kroos the Keen Glint,无痕,MAR-X: Truth or Dare,35.20,95818.80,0.00,0.00,0.00,1800.00,1800.00,0.00,1710.00,0.49
1706,C,Chestnut,厚土迸发,WDM-X: 地上巡旅纪念灯,35.17,0.00,0.00,0.00,0.00,1800.00,1800.00,84946.74,1207.00,0.00
1707,C,Stainless,RAW,No Module,35.16,0.00,94880.00,0.00,0.00,1800.00,1587.78,0.00,2723.00,0.00
1708,C,Virtuosa,“黄金的狂喜”,No Module,35.11,0.00,12586.67,0.00,273013.33,700.51,142.41,0.00,1201.00,1.33
1709,C,Flametail,RAW,No Module,35.08,34438.10,0.00,0.00,0.00,1800.00,1800.00,0.00,2138.00,0.00
1710,C,Saileach,RAW,BEA-Y: “友谊万岁”,35.07,33910.15,0.00,0.00,0.00,1800.00,1800.00,0.00,2035.00,60.00
1711,C,Укусик,RAW,No Module,35.06,0.00,0.00,0.00,0.00,1800.00,1800.00,82025.26,1650.00,0.00
1712,C,Underflow,行动能力剥夺,SPT-X: 基于咖啡的神经活性剂,35.04,40498.40,0.00,0.00,0.00,1656.39,1800.00,0.00,3253.00,6.67
1713,C,Lappland,狼魂,LOR-X: 'The Young Fang',35.03,128632.94,0.00,0.00,0.00,1800.00,1800.00,0.00,2525.00,105.00
1714,C,Ela,RAW,TRP-D: Social Expectation Backpack,35.02,137634.71,0.00,0.00,0.00,1800.00,1800.00,0.00,1468.00,0.00
1715,C,Ambriel,雷达定位,DEA-X: Portable Radar Equipment,34.99,79294.77,0.00,0.00,0.00,1800.00,1330.74,0.00,1690.00,36.75
1716,C,Sand Reckoner,上紧发条,SUM-X: 过往留痕,34.98,0.00,69995.52,0.00,0.00,1800.00,1138.82,0.00,1151.00,300.00
1717,C,Valarqvin,RAW,RIT-X: 启行未来的灯,34.93,0.00,51984.91,0.00,113158.39,1322.43,316.41,0.00,1242.00,8.00
1718,C,Crackborne,溃决,No Module,34.91,30200.00,0.00,0.00,45430.93,1800.00,930.94,0.00,3195.00,120.00
1719,C,Xingzhu,食不厌精,No Module,34.83,0.00,0.00,0.00,0.00,1800.00,1800.00,59234.62,1984.09,96.00
1720,C,Manticore,蓄力毒尾击,AMB-X: Tail-Protection Training Tool,34.79,42551.89,0.00,0.00,0.00,1468.53,1800.00,0.00,1630.00,12.25
1721,C,Ripresa,合奏起拍,SPC-Y: “暮约”,34.74,0.00,84488.77,0.00,0.00,437.57,929.97,0.00,1670.00,375.00
1722,C,Touch,RAW,PHY-X: Touch证章,34.73,0.00,0.00,0.00,0.00,1800.00,1800.00,53364.04,2265.00,0.00
1723,C,Stormeye,破空,MAR-X: Stormeye证章,34.69,163991.02,0.00,0.00,0.00,1800.00,1800.00,0.00,1750.00,0.00
1724,C,Titi,缓蚀,No Module,34.63,0.00,98668.31,0.00,0.00,1800.00,1117.17,49334.16,2107.50,0.00
1725,C,Stainless,高效补给,CRA-Y: 海布里印记,34.60,0.00,131769.34,0.00,0.00,1800.00,1134.13,0.00,3123.00,0.00
1726,C,Heavyrain,应急迷彩,PRO-Y: Stickers of a Popular Character,34.58,19500.00,0.00,0.00,0.00,1800.00,1800.00,0.00,4455.00,0.00
1727,C,Zinogre S Catapult,RAW,No Module,34.54,44896.00,0.00,0.00,0.00,1800.00,1800.00,0.00,3010.00,0.00
1728,C,Pepe,RAW,No Module,34.52,62400.00,0.00,0.00,0.00,408.99,1800.00,0.00,2851.00,0.00
1729,C,Ch'en,RAW,SWO-Y: Good Old School Days,34.46,152098.46,0.00,0.00,0.00,1448.04,1800.00,0.00,2880.00,0.00
1730,C,Doc,RAW,INS-Y: 'The Third Power',34.46,151580.95,0.00,0.00,0.00,1800.00,1800.00,0.00,3116.10,0.00
1731,C,Saileach,RAW,No Module,34.46,33910.15,0.00,0.00,0.00,1800.00,1800.00,0.00,1835.00,60.00
1732,C,Ripresa,直到终曲,SPC-Y: “暮约”,34.36,0.00,80453.30,0.00,0.00,464.18,973.63,0.00,1670.00,375.00
1733,C,Hibiscus the Purifier,抚业之触,No Module,34.34,0.00,56824.84,0.00,0.00,1800.00,1404.87,28412.42,1508.00,210.00
1734,C,Frost,陷阱部署,No Module,34.34,77667.22,0.00,0.00,0.00,1800.00,1800.00,0.00,1359.00,18.37
1735,C,Frostleaf,凝冰枪刃,LOR-X: The Seamless Mixtape,34.32,47833.33,0.00,0.00,0.00,1800.00,1800.00,0.00,2260.00,7.50
1736,C,Raidian,律动线,No Module,34.31,0.00,80385.00,0.00,0.00,1800.00,1800.00,0.00,4596.70,37.50
1737,C,Mulberry,安全区域,WDM-X: 宁心静神,34.29,0.00,0.00,0.00,0.00,1800.00,1800.00,66250.70,1447.00,65.62
1738,C,Sharp,快刀,No Module,34.27,116270.00,0.00,0.00,0.00,1800.00,1800.00,0.00,3472.00,0.00
1739,C,Silence,治疗强化·γ型,PHY-Y: Emergency Self-Defense Procedures,34.21,0.00,0.00,0.00,0.00,1800.00,1800.00,90159.33,1715.00,42.00
1740,C,Stormeye,旋臂,No Module,34.19,100464.00,0.00,0.00,0.00,1472.86,1800.00,0.00,2862.00,0.00
1741,C,Dorothy,高速共振排障,TRP-Y: Story Book,34.16,101816.94,127027.93,0.00,0.00,1377.16,799.08,0.00,1657.00,33.33
1742,C,Windscoot,招无虚发,LIB-X: 义,34.16,16560.00,0.00,0.00,0.00,1800.00,1800.00,0.00,3585.00,0.00
1743,C,Wild Mane,骑枪刺击,CHG-X: Spear Replacement Suit,34.16,129744.00,0.00,0.00,0.00,1800.00,1800.00,0.00,2225.00,0.00
1744,C,Coldshot,攻击力强化·γ型,No Module,34.14,221541.38,0.00,0.00,0.00,1359.01,687.40,0.00,1855.00,0.00
1745,C,Marcille,RAW,No Module,34.11,0.00,90612.07,0.00,0.00,621.60,1268.22,0.00,1805.00,162.50
1746,C,Flint,不息,FGT-Y: Meaning of Flowers,34.08,149476.68,0.00,0.00,0.00,1800.00,1800.00,0.00,2680.00,6.67
1747,C,Angelina,秘杖·速充模式,No Module,34.07,0.00,126656.84,0.00,0.00,1800.00,1142.11,0.00,1635.00,24.00
1748,C,Eunectes,钢铁意志,No Module,34.07,132562.50,0.00,0.00,0.00,1800.00,1800.00,0.00,7438.40,79.20
1749,C,Verdant,苍翠屏障,No Module,34.06,93000.00,0.00,0.00,0.00,1800.00,1800.00,0.00,3965.50,0.00
1750,C,Honeyberry,RAW,WDM-X: 落地之后,34.05,0.00,0.00,0.00,0.00,1800.00,1800.00,53000.00,2087.22,0.00
1751,C,Texas,RAW,SOL-Y: Private Field Supply Package,34.04,0.00,66072.38,0.00,0.00,1800.00,1800.00,0.00,2105.00,0.00
1752,C,Mountain,震地碎岩击,No Module,34.04,50465.89,0.00,0.00,0.00,914.99,1800.00,0.00,2745.00,0.00
1753,C,Enforcer,惊爆射击,No Module,33.93,27650.00,0.00,0.00,0.00,1630.67,1800.00,0.00,1937.00,48.99
1754,C,Bellone,家主的余裕,No Module,33.91,113335.79,0.00,0.00,0.00,1800.00,1800.00,0.00,2625.00,105.00
1755,C,Executor the Ex Foedere,近身铳斗,REA-X: Unanswered,33.91,79076.52,0.00,0.00,0.00,238.52,1773.39,0.00,2491.00,0.00
1756,C,Underflow,行动能力剥夺,No Module,33.90,31878.68,0.00,0.00,0.00,1800.00,1800.00,0.00,3253.00,6.67
1757,C,Mitm,遥控解体,TAC-Y: 内敛锋芒,33.80,30269.61,0.00,0.00,0.00,1800.00,1800.00,0.00,1520.00,0.00
1758,C,Kal'tsit,指令：结构加固,PHY-Y: Panacea,33.70,0.00,0.00,0.00,0.00,1800.00,1800.00,75331.05,1828.00,0.00
1759,C,Pallas,RAW,INS-Y: 'Light of Heria',33.69,86460.00,0.00,0.00,0.00,1800.00,1800.00,0.00,1963.00,0.00
1760,C,Delphine,“贯注”,No Module,33.68,0.00,103118.40,0.00,0.00,1800.00,1060.69,0.00,2757.60,300.00
1761,C,Cairn,RAW,PRP-X: “降落伞”,33.62,35362.50,0.00,0.00,140492.62,1800.00,380.81,0.00,3833.00,0.00
1762,C,Irene,RAW,No Module,33.57,140285.54,0.00,0.00,0.00,1800.00,1800.00,0.00,2935.00,0.00
1763,C,Kal'tsit,RAW,PHY-Y: Panacea,33.57,0.00,0.00,0.00,0.00,1800.00,1800.00,57753.81,1828.00,0.00
1764,C,Qiubai,问雪,LOR-Y: 欲雪时,33.56,98988.70,0.00,0.00,0.00,1800.00,1800.00,0.00,2760.00,0.00
1765,C,Nyamu Yūtenji,如麦般生长,HAM-X: 年轻的麦子,33.55,101894.90,0.00,0.00,0.00,387.85,1800.00,0.00,2660.00,120.00
1766,C,PhonoR-0,RAW,No Module,33.52,0.00,11275.00,0.00,10570.31,1800.00,1785.42,0.00,1170.00,150.00
1767,C,Asbestos,火电模式,No Module,33.50,0.00,63806.40,0.00,0.00,951.10,1160.38,0.00,3135.00,0.00
1768,C,Courier,冲锋号令·防御,SOL-X: Low Temperature Resistant Communication Equipment,33.45,25874.29,0.00,0.00,0.00,1800.00,1800.00,0.00,2180.00,0.00
1769,C,Kroos the Keen Glint,无痕,No Module,33.38,82431.36,0.00,0.00,0.00,1800.00,1800.00,0.00,1520.00,0.49
1770,C,Magallan,高效制冷模块,SUM-Y: Instructional Soaring Dragon Drone,33.34,0.00,40720.00,0.00,0.00,1800.00,1800.00,0.00,1103.00,6.67
1771,C,Odda,RAW,HAM-X: 旧背包,33.34,137465.42,0.00,0.00,0.00,272.77,1334.04,0.00,2843.00,0.00
1772,C,Stainless,极致火力,CRA-Y: 海布里印记,33.32,0.00,139916.37,0.00,0.00,1800.00,1052.42,0.00,3123.00,0.00
1773,C,Sankta Miksaparato,RAW,SPT-X: 毛刷套装,33.30,51084.00,0.00,0.00,0.00,1800.00,1800.00,0.00,1200.00,0.00
1774,C,Stainless,高效补给,CRA-X: FMC-Crawler,33.27,0.00,132908.16,0.00,0.00,1800.00,1099.76,0.00,2723.00,0.00
1775,C,Sora,睡眠之歌,No Module,33.18,0.00,0.00,0.00,0.00,1800.00,1800.00,78013.12,1356.00,0.00
1776,C,Gracebearer,破膛弥撒,No Module,33.14,109000.92,0.00,0.00,69495.00,315.94,634.89,0.00,2600.00,0.00
1777,C,Tippi,专业喷绘技巧,No Module,33.13,100444.44,0.00,0.00,0.00,1800.00,1800.00,0.00,2368.00,0.00
1778,C,Magallan,高效制冷模块,No Module,33.12,0.00,37520.00,0.00,0.00,1800.00,1800.00,0.00,1103.00,6.67
1779,C,Nyamu Yūtenji,如焰般热烈,No Module,33.11,103368.55,0.00,0.00,0.00,336.27,1800.00,0.00,2482.00,120.00
1780,C,Executor the Ex Foedere,近身铳斗,REA-Y: 已知悉,32.98,70016.12,0.00,0.00,0.00,275.46,1800.00,0.00,2841.00,0.00
1781,C,Degenbrecher,RAW,SWO-X: 'Footnotes of the Past',32.91,129569.23,0.00,0.00,0.00,1724.09,1800.00,0.00,3011.00,0.00
1782,C,Weedy,水炮模式,PUS-X: Custom Bionic Seadragon,32.90,53031.71,0.00,0.00,0.00,382.80,1499.09,0.00,2343.00,0.00
1783,C,Violet Mizutsune Orchid,龙之箭,ARC-X: 梓兰特制箭靶,32.88,182220.55,0.00,0.00,0.00,891.94,1595.30,0.00,1788.00,0.00
1784,C,Dorothy,高速共振排障,TRP-X: 梦中人,32.88,95739.53,122809.19,0.00,0.00,1448.72,827.70,0.00,1502.00,33.33
1785,C,Windflit,RAW,CRA-X: 'A Bright Idea Occurs',32.81,0.00,157908.80,0.00,0.00,1800.00,940.86,0.00,2900.00,0.00
1786,C,Carnelian,沙暴守卫,PLX-Y: Always Have Your Back,32.79,0.00,152366.72,0.00,0.00,458.64,958.96,0.00,2106.00,0.00
1787,C,Sharp,RAW,DRE-X: Sharp证章,32.76,136559.50,0.00,0.00,0.00,1800.00,1800.00,0.00,3812.00,0.00
1788,C,Windscoot,招无虚发,No Module,32.76,14311.11,0.00,0.00,0.00,1800.00,1800.00,0.00,3355.00,0.00
1789,C,Indra,RAW,No Module,32.74,155897.44,0.00,0.00,0.00,1800.00,1800.00,0.00,2565.00,0.00
1790,C,Touch,恳切福音,PHY-X: Touch证章,32.71,0.00,0.00,0.00,0.00,1800.00,1800.00,70997.37,3020.00,0.00
1791,C,Pallas,RAW,No Module,32.71,72057.14,0.00,0.00,0.00,1800.00,1800.00,0.00,1963.00,0.00
1792,C,Ch'en,RAW,SWO-X: Rhodes Island Standard Combat Sword,32.70,132888.07,0.00,0.00,0.00,1677.58,1800.00,0.00,2880.00,0.00
1793,C,Hung,RAW,GUA-Y: Popular Sitcom Tapes,32.67,27216.67,0.00,0.00,0.00,1800.00,1800.00,0.00,3709.41,0.00
1794,C,Tragodia,暗夜回声,RIT-X: 酒神之心,32.64,0.00,10624.00,0.00,324896.00,576.51,112.78,0.00,1400.00,200.00
1795,C,Sand Reckoner,上紧发条,No Module,32.64,0.00,50112.00,0.00,0.00,1800.00,1603.64,0.00,1040.00,300.00
1796,C,Amiya (Medic),RAW,No Module,32.59,0.00,79800.00,0.00,0.00,1800.00,1800.00,39900.00,1911.60,24.00
1797,C,Angelina,RAW,DEC-X: Experimental Anti-Gravity Module,32.58,0.00,84477.47,0.00,0.00,1800.00,1787.25,0.00,1735.00,24.00
1798,C,Wind Chimes,RAW,No Module,32.58,52356.96,0.00,0.00,0.00,1800.00,1800.00,0.00,5952.45,0.00
1799,C,Asbestos,RAW,AST-X: “石棉大战双头钳兽”,32.58,0.00,77970.00,0.00,0.00,1800.00,1387.34,0.00,3285.00,0.00
1800,C,Courier,冲锋号令·防御,No Module,32.55,20571.43,0.00,0.00,0.00,1800.00,1800.00,0.00,1985.00,0.00
1801,C,Broca,RAW,CEN-X: 'Buddies',32.52,66596.70,0.00,0.00,0.00,236.10,1800.00,0.00,2490.00,0.00
1802,C,Utage,落地斩·破门,No Module,32.51,220469.75,0.00,0.00,0.00,1428.01,1800.00,0.00,5166.00,0.00
1803,C,Heidi,虚构故事·怒士,No Module,32.45,0.00,0.00,0.00,0.00,1800.00,1800.00,51483.52,1260.00,110.00
1804,C,Nian,锡灼,No Module,32.41,70268.83,0.00,0.00,0.00,1800.00,1800.00,0.00,1200.00,0.00
1805,C,Chiave,RAW,SOL-Y: Homemade Jack,32.34,65640.11,0.00,0.00,0.00,1800.00,1800.00,0.00,1824.00,0.00
1806,C,Exusiai,RAW,MAR-X: Exusiai's Surprise,32.33,101985.91,0.00,0.00,0.00,1800.00,1800.00,0.00,2421.90,0.00
1807,C,Fiammetta,RAW,ART-X: A Long Journey,32.30,170760.50,0.00,0.00,0.00,295.19,954.06,0.00,1945.26,0.00
1808,C,Broca,通电,No Module,32.30,60939.00,0.00,0.00,0.00,257.19,1800.00,0.00,2335.00,0.00
1809,C,Ch'en,赤霄·拔刀,SWO-Y: Good Old School Days,32.24,107939.94,0.00,0.00,0.00,380.34,1009.64,0.00,2880.00,0.00
1810,C,Mechanist,不变性原理,No Module,32.22,8050.00,0.00,0.00,0.00,1800.00,1800.00,0.00,1200.00,35.00
1811,C,Matterhorn,体能强化,No Module,32.19,18750.00,0.00,0.00,0.00,1800.00,1800.00,0.00,5899.50,0.00
1812,C,Sakiko Togawa,RAW,LOR-Y: 无言的约定,32.19,96036.92,0.00,0.00,0.00,1800.00,1800.00,0.00,2356.00,0.00
1813,C,Stainless,极致火力,CRA-X: FMC-Crawler,32.15,0.00,142912.00,0.00,0.00,1800.00,1010.49,0.00,2723.00,0.00
1814,C,Silence,RAW,PHY-Y: Emergency Self-Defense Procedures,32.15,0.00,0.00,0.00,0.00,1800.00,1800.00,62178.85,1715.00,42.00
1815,C,Windscoot,以攻为守,LIB-X: 义,32.13,2018.25,0.00,0.00,0.00,1800.00,1800.00,0.00,3585.00,0.00
1816,C,Eyjafjalla,RAW,CCR-X: 'Missed Sounds',32.12,0.00,128598.75,0.00,0.00,1800.00,826.39,0.00,1923.00,48.00
1817,C,Ch'en the Dawnstreak,RAW,No Module,32.11,0.00,159250.15,0.00,0.00,1800.00,675.81,0.00,2910.00,0.00
1818,C,Kestrel,RAW,SOL-Y: Intimidator,32.11,44475.73,0.00,0.00,0.00,1800.00,1800.00,0.00,2140.00,0.00
1819,C,Degenbrecher,归于宁静,SWO-Y: 新合同,32.11,121618.82,0.00,0.00,0.00,524.08,662.33,0.00,3041.00,0.00
1820,C,Figurino,RAW,MER-X: “头面人物”,32.09,117526.50,0.00,0.00,0.00,1800.00,1800.00,0.00,2613.00,0.00
1821,C,Luo Xiaohei,碎金为刃,LOR-Y: Ball of Yarn,32.07,158338.24,0.00,0.00,0.00,1800.00,1800.00,0.00,4280.00,0.00
1822,C,Goldenglow,澄净闪耀,FUN-Y: 梦想终将实现,32.07,0.00,84561.69,0.00,0.00,1800.00,622.47,0.00,1480.00,3.33
1823,C,Bagpipe,闭膛连发,No Module,32.07,70188.37,0.00,0.00,0.00,1800.00,1800.00,0.00,2484.00,0.00
1824,C,Jessica,掩护烟幕,MAR-Y: Jessica's Order,32.06,86365.44,0.00,0.00,0.00,1800.00,1800.00,0.00,1320.00,144.23
1825,C,Vetochki,生存决心,No Module,32.04,114887.50,0.00,0.00,0.00,697.52,974.37,0.00,5996.80,0.00
1826,C,Haruka,夜啼彩羽,No Module,32.01,0.00,0.00,0.00,0.00,1800.00,1800.00,41804.80,2695.71,0.00
1827,C,Savage,RAW,CEN-X: Hit the Road,31.98,56390.62,0.00,0.00,0.00,285.17,1800.00,0.00,2430.00,0.00
1828,C,Bagpipe,RAW,CHG-X: Piledriver Spear Magazine,31.98,66296.96,0.00,0.00,0.00,1800.00,1800.00,0.00,2664.00,0.00
1829,C,Lappland,RAW,LOR-X: 'The Young Fang',31.96,67423.83,0.00,0.00,0.00,1800.00,1800.00,0.00,2525.00,105.00
1830,C,Stormeye,心手合一,No Module,31.93,62568.00,0.00,0.00,0.00,1800.00,1800.00,0.00,1590.00,0.00
1831,C,Qiubai,RAW,LOR-Y: 欲雪时,31.82,68544.00,0.00,0.00,0.00,1800.00,1800.00,0.00,2760.00,0.00
1832,C,Vigil,RAW,TAC-X: La Punciuta,31.80,54099.00,0.00,0.00,0.00,1800.00,1800.00,0.00,1935.00,0.00
1833,C,Mutsumi Wakaba,RAW,No Module,31.78,86633.33,0.00,0.00,0.00,1800.00,1800.00,0.00,3474.43,0.00
1834,C,Ambriel,RAW,DEA-X: Portable Radar Equipment,31.77,54322.96,0.00,0.00,0.00,1800.00,1800.00,0.00,1690.00,36.75
1835,C,Poncirus,RAW,SOL-X: The Morning Star of the Homeseeker,31.72,41925.71,0.00,0.00,0.00,1800.00,1800.00,0.00,3489.75,0.00
1836,C,Varkáris,奔流,CEN-Y: 回家的路,31.72,86672.55,0.00,0.00,0.00,288.66,1800.00,0.00,5291.25,0.00
1837,C,Hoshiguma,战意,PRO-X: Amulet,31.71,38103.33,0.00,0.00,0.00,1800.00,1800.00,0.00,1200.00,20.00
1838,C,Mountain,左勾扫拳,FGT-Y: 'Price of Freedom',31.69,154402.42,0.00,0.00,0.00,891.92,1799.37,0.00,2945.00,0.00
1839,C,Dorothy,RAW,TRP-Y: Story Book,31.67,101816.94,127027.93,0.00,0.00,1377.16,799.08,0.00,1657.00,0.00
1840,C,Skadi,RAW,No Module,31.66,105288.00,0.00,0.00,0.00,1800.00,1800.00,0.00,3866.00,0.00
1841,C,Entelechia,RAW,No Module,31.66,49230.77,0.00,0.00,0.00,828.58,1800.00,0.00,5463.53,0.00
1842,C,Rosa,RAW,SIE-Y: “心”,31.65,139161.65,0.00,0.00,0.00,373.51,670.66,0.00,1755.00,0.00
1843,C,Pepe,盖戳！,HAM-X: 晴雨,31.65,130365.39,0.00,0.00,0.00,176.88,234.71,0.00,3151.00,0.00
1844,C,Blitz,RAW,No Module,31.61,83231.25,0.00,0.00,0.00,1800.00,1800.00,0.00,3213.00,0.00
1845,C,Tuye,RAW,PHY-X: Water Still Device,31.61,0.00,0.00,0.00,0.00,1800.00,1800.00,77115.79,2445.00,0.00
1846,C,Bagpipe,高效冲击,CHG-Y: Stick and Sack,31.60,142864.22,0.00,0.00,0.00,1800.00,1800.00,0.00,4471.20,0.00
1847,C,Ashlock,RAW,FOR-X: Outdoor Essential Kit,31.58,78066.86,0.00,0.00,0.00,469.74,1800.00,0.00,3532.00,0.00
1848,C,Figurino,缝线缠身,MER-X: “头面人物”,31.58,113113.70,0.00,0.00,0.00,408.07,1800.00,0.00,2613.00,0.00
1849,C,Archetto,箭矢·暴风,No Module,31.57,138110.40,0.00,0.00,0.00,1278.33,1800.00,0.00,1705.00,0.00
1850,C,La Pluma,收割,No Module,31.54,69116.47,0.00,0.00,0.00,279.11,1800.00,0.00,3375.00,0.00
1851,C,Укусик,“捉迷藏！”,XAH-X: “睡前故事”,31.51,0.00,0.00,0.00,0.00,1800.00,1800.00,103701.75,2133.25,0.00
1852,C,Bena,RAW,No Module,31.48,70033.33,0.00,0.00,0.00,1800.00,1800.00,0.00,4271.93,0.00
1853,C,Chestnut,厚土迸发,No Module,31.47,0.00,0.00,0.00,0.00,1800.00,1800.00,78864.63,1137.00,0.00
1854,C,Angelina,RAW,No Module,31.46,0.00,73940.21,0.00,0.00,1800.00,1800.00,0.00,1635.00,24.00
1855,C,Matterhorn,抗寒体质,No Module,31.44,14375.00,0.00,0.00,0.00,1800.00,1800.00,0.00,4852.50,0.00
1856,C,Skybox,RAW,No Module,31.42,62752.38,0.00,0.00,0.00,1800.00,1800.00,0.00,1558.00,31.98
1857,C,Shalem,RAW,No Module,31.41,0.00,111579.32,0.00,0.00,1800.00,931.13,0.00,3090.00,0.00
1858,C,Shalem,RAW,No Module,31.41,0.00,111579.32,0.00,0.00,1800.00,931.13,0.00,3090.00,0.00
1859,C,Gracebearer,RAW,No Module,31.39,167093.33,0.00,0.00,123546.67,675.75,686.74,0.00,2600.00,0.00
1860,C,Weedy,水炮模式,PUS-Y: New Bionic Prototype,31.36,47056.62,0.00,0.00,0.00,436.07,1361.21,0.00,2133.00,0.00
1861,C,Hoshiguma,战意,No Module,31.36,38103.33,0.00,0.00,0.00,1800.00,1800.00,0.00,1200.00,20.00
1862,C,Nowell,步履不停,WAH-Y: 致祖父,31.33,0.00,0.00,0.00,0.00,1800.00,1800.00,63522.22,1512.00,120.00
1863,C,Amiya (Guard),影霄·绝影,AFT-X: 待调弦的怒火,31.28,0.00,141246.14,3694.20,0.00,1800.00,736.86,0.00,2629.00,38.50
1864,C,Degenbrecher,RAW,No Module,31.20,114775.38,0.00,0.00,0.00,1800.00,1800.00,0.00,2891.00,0.00
1865,C,Surtr,RAW,AFT-X: 萨米的不灭心脏碎片,31.19,0.00,145463.04,0.00,0.00,1800.00,440.63,0.00,2916.00,0.00
1866,C,Angelina,秘杖·微粒模式,DEC-X: Experimental Anti-Gravity Module,31.16,0.00,104813.88,0.00,0.00,1800.00,1430.85,0.00,1735.00,24.00
1867,C,Papyrus,RAW,No Module,31.15,0.00,0.00,0.00,0.00,1800.00,1800.00,78458.95,1715.00,0.00
1868,C,Kirara,锚点捕捉,AMB-X: We Will Survive 3 Online,31.09,42685.71,0.00,0.00,0.00,1800.00,1800.00,0.00,7385.00,0.00
1869,C,April,灵活伪装,MAR-Y: Hi-Fi Headset,31.08,159408.00,0.00,0.00,0.00,1564.66,1800.00,0.00,1470.00,0.00
1870,C,Exusiai,RAW,MAR-Y: 欢迎光临，企鹅物流,31.07,107801.74,0.00,0.00,0.00,1800.00,1800.00,0.00,1890.49,0.00
1871,C,Czerny,纷飞十指,No Module,31.07,0.00,95333.33,0.00,0.00,1800.00,1024.49,0.00,3122.00,0.00
1872,C,Windscoot,以攻为守,No Module,31.06,1875.94,0.00,0.00,0.00,1800.00,1800.00,0.00,3355.00,0.00
1873,C,Stainless,高效补给,No Module,31.04,0.00,117651.20,0.00,0.00,1800.00,1274.18,0.00,2723.00,0.00
1874,C,Fiammetta,“你须愧悔”,ART-Y: 'Out-Law' Special Ammunition Surplus,31.01,221212.09,0.00,0.00,0.00,221.46,732.24,0.00,1935.63,0.00
1875,C,Croissant,自动防御,PRO-Y: Combat Boots,30.98,15333.33,0.00,0.00,0.00,1800.00,1800.00,0.00,1200.00,0.00
1876,C,Philae,RAW,No Module,30.96,43556.25,0.00,0.00,65010.94,1800.00,937.12,0.00,3667.05,0.00
1877,C,Tomimi,部族技艺,No Module,30.91,0.00,210540.00,0.00,0.00,1437.44,501.64,0.00,1920.00,0.00
1878,C,Thorns the Lodestar,RAW,ALC-X: 三面的金币,30.89,0.00,0.00,0.00,0.00,1800.00,1800.00,43969.80,1293.00,0.00
1879,C,Grani,永不后退！,CHG-X: Cavalry Policeman Suit,30.88,53827.20,0.00,0.00,0.00,1800.00,1800.00,0.00,2435.00,0.00
1880,C,Bena,奋力修剪,"PUM-Y: The Jeffreys Collection of Fairytales New and Old, Hardback Edition",30.87,139290.56,0.00,0.00,0.00,1800.00,1800.00,0.00,3654.81,0.00
1881,C,Eunectes,震慑劈砍,No Module,30.86,101631.25,0.00,0.00,0.00,1800.00,1800.00,0.00,7438.40,79.20
1882,C,Record Keeper,RAW,PHY-X: 未完成的录武簿,30.82,0.00,0.00,0.00,0.00,1800.00,1800.00,67554.23,2550.00,0.00
1883,C,Mutsumi Wakaba,破坏与滋养,PUM-Y: 睦的新朋友,30.80,111539.27,0.00,0.00,0.00,1800.00,1800.00,0.00,4626.14,0.00
1884,C,Enforcer,护身射击,"PUS-X: Heaven, Here, Now",30.80,35650.00,0.00,0.00,0.00,379.31,1800.00,0.00,2177.00,24.50
1885,C,Sesa,RAW,ART-X: 'Soul Resonance',30.79,76926.06,0.00,0.00,0.00,758.48,1800.00,0.00,1655.00,240.00
1886,C,Swire,指挥调度,INS-X: Self-defense Lipstick,30.78,124579.47,0.00,0.00,0.00,1798.65,1800.00,0.00,2084.00,0.00
1887,C,Zuo Le,RAW,No Module,30.76,92000.00,0.00,0.00,0.00,1800.00,1800.00,0.00,5787.00,0.00
1888,C,Pith,“为我所为”,SPC-X: Pith证章,30.74,0.00,153902.52,0.00,0.00,332.30,677.09,0.00,1950.00,0.00
1889,C,Manticore,蓄力毒尾击,No Module,30.72,27505.00,0.00,0.00,0.00,1800.00,1800.00,0.00,1630.00,12.25
1890,C,Rosmontis,RAW,No Module,30.70,135380.19,0.00,0.00,0.00,385.77,1800.00,0.00,1944.00,0.00
1891,C,Pallas,胜利的连击,INS-X: 'Ούρος',30.68,197264.16,0.00,0.00,0.00,1083.39,752.22,0.00,2173.00,0.00
1892,C,Nyamu Yūtenji,如麦般生长,No Module,30.67,92472.91,0.00,0.00,0.00,1505.62,1800.00,0.00,2482.00,120.00
1893,C,Akafuyu,RAW,SBL-X: Samurai Armor,30.65,95450.00,0.00,0.00,0.00,1800.00,1800.00,0.00,7270.00,0.00
1894,C,Weedy,水炮模式,No Module,30.64,41726.62,0.00,0.00,0.00,1485.81,1800.00,0.00,2133.00,0.00
1895,C,Qiubai,问雪,LOR-X: A Weathered Snow Hat,30.61,90434.22,0.00,0.00,0.00,1800.00,1800.00,0.00,2480.00,0.00
1896,C,SilverAsh,RAW,No Module,30.60,61453.27,0.00,0.00,0.00,1800.00,1800.00,0.00,2560.00,0.00
1897,C,Bagpipe,RAW,No Module,30.59,53635.84,0.00,0.00,0.00,1800.00,1800.00,0.00,2484.00,0.00
1898,C,Jaye,RAW,MER-X: Steel Tool Set,30.57,154512.00,0.00,0.00,0.00,1618.65,1800.00,0.00,2284.00,0.00
1899,C,Honeyberry,振奋,WDM-X: 落地之后,30.57,0.00,0.00,0.00,0.00,1800.00,1800.00,68807.02,2087.22,0.00
1900,C,Ela,RAW,No Module,30.53,81651.76,0.00,0.00,0.00,1800.00,1800.00,0.00,1468.00,0.00
1901,C,Mountain,左勾扫拳,FGT-X: “夜深人静”,30.52,141700.62,0.00,0.00,0.00,984.71,1800.00,0.00,2995.00,0.00
1902,C,Stormeye,RAW,MAR-X: Stormeye证章,30.51,88780.00,0.00,0.00,0.00,1800.00,1800.00,0.00,1750.00,0.00
1903,C,Alanna,气动增压,CRA-X: “随身保险杠”,30.47,0.00,121032.00,0.00,0.00,1800.00,1237.67,0.00,2560.00,0.00
1904,C,Dorothy,RAW,TRP-X: 梦中人,30.40,95739.53,122809.19,0.00,0.00,1448.72,827.70,0.00,1502.00,0.00
1905,C,Qiubai,RAW,LOR-X: A Weathered Snow Hat,30.35,62290.46,0.00,0.00,0.00,1800.00,1800.00,0.00,2480.00,0.00
1906,C,Fang the Fire-Sharpened,RAW,CHG-X: The Dauntless,30.33,56280.00,0.00,0.00,0.00,1800.00,1800.00,0.00,2226.00,0.00
1907,C,Czerny,RAW,AST-X: “日复一日”,30.32,0.00,79062.50,0.00,0.00,1800.00,1301.54,0.00,3397.00,0.00
1908,C,Weedy,RAW,PUS-X: Custom Bionic Seadragon,30.32,44910.00,0.00,0.00,0.00,466.27,1800.00,0.00,2343.00,0.00
1909,C,Ambriel,雷达定位,No Module,30.31,60710.62,0.00,0.00,0.00,1800.00,1800.00,0.00,1595.00,24.50
1910,C,Vigil,领袖的尊严,No Module,30.28,32580.00,0.00,0.00,0.00,1800.00,1800.00,0.00,1755.00,0.00
1911,C,Misery,RAW,EXE-X: Misery证章,30.25,0.00,0.00,0.00,0.00,1800.00,1800.00,0.00,1594.00,0.00
1912,C,Aroma,RAW,No Module,30.23,0.00,38576.55,0.00,0.00,1111.36,1800.00,0.00,1591.00,225.00
1913,C,Fang the Fire-Sharpened,贯敌刺枪,No Module,30.22,55360.00,0.00,0.00,0.00,1800.00,1800.00,0.00,2226.00,0.00
1914,C,Franka,极致锋度,No Module,30.18,127744.00,0.00,0.00,0.00,1800.00,1800.00,0.00,3768.00,0.00
1915,C,Bassline,RAW,No Module,30.18,33158.33,0.00,0.00,0.00,1800.00,1800.00,0.00,2770.00,0.00
1916,C,Ambriel,RAW,No Module,30.16,40118.52,0.00,0.00,0.00,1800.00,1800.00,0.00,1595.00,24.50
1917,C,Kjera,心随意动,FUN-Y: In the Woolen of Snow,30.14,0.00,105671.48,0.00,0.00,1800.00,1029.43,0.00,1577.00,12.50
1918,C,Mulberry,RAW,No Module,30.10,0.00,0.00,0.00,0.00,1800.00,1800.00,46845.89,1367.00,0.00
1919,C,Flint,不息,No Module,30.02,110874.50,0.00,0.00,0.00,1800.00,1800.00,0.00,2495.00,6.67
1920,C,Franka,迅捷打击·γ型,No Module,30.02,112487.68,0.00,0.00,0.00,1800.00,1800.00,0.00,3768.00,0.00
1921,C,Platinum,RAW,MAR-X: Solo Travel Kit,30.00,194235.00,0.00,0.00,0.00,1647.58,1800.00,0.00,1720.00,0.00
1922,C,Varkáris,RAW,No Module,29.99,64306.67,0.00,0.00,0.00,1471.45,1800.00,0.00,2622.00,0.00
1923,C,Misery,RAW,No Module,29.94,0.00,0.00,0.00,0.00,1800.00,1800.00,0.00,1480.00,0.00
1924,C,Lutonada,RAW,UNY-X: Survivors,29.91,166965.62,0.00,0.00,0.00,1800.00,1800.00,0.00,5460.00,0.00
1925,C,Viviana,RAW,AFT-Y: “最后一行”,29.91,0.00,121956.52,0.00,0.00,1800.00,902.79,0.00,3220.00,0.00
1926,C,Stainless,极致火力,No Module,29.83,0.00,124925.33,0.00,0.00,1800.00,1182.68,0.00,2723.00,0.00
1927,C,Liskarm,RAW,SPT-X: Stunner's Storage,29.82,33925.00,0.00,0.00,0.00,1800.00,1800.00,0.00,3240.00,0.00
1928,C,Senshi,RAW,GUA-Y: 非魔法厨艺,29.78,31166.67,0.00,0.00,0.00,1800.00,1800.00,0.00,3611.76,0.00
1929,C,Qiubai,RAW,No Module,29.72,51446.15,0.00,0.00,0.00,1800.00,1800.00,0.00,2480.00,0.00
1930,C,Viviana,RAW,AFT-D: 目不能及之处,29.69,0.00,113276.29,0.00,0.00,1800.00,976.98,0.00,3340.00,0.00
1931,C,Luo Xiaohei,掠光尾影,LOR-Y: Ball of Yarn,29.67,97643.13,0.00,0.00,0.00,1111.46,1800.00,0.00,3210.00,0.00
1932,C,Executor the Ex Foedere,RAW,REA-X: Unanswered,29.64,56817.00,0.00,0.00,0.00,349.36,1800.00,0.00,2491.00,0.00
1933,C,Record Keeper,一点关窍,PHY-X: 未完成的录武簿,29.63,0.00,0.00,0.00,0.00,1800.00,1800.00,90072.30,2550.00,0.00
1934,C,Asbestos,RAW,No Module,29.63,0.00,72795.00,0.00,0.00,1800.00,1494.91,0.00,3135.00,0.00
1935,C,Figurino,RAW,No Module,29.62,96052.50,0.00,0.00,0.00,1800.00,1800.00,0.00,2393.00,0.00
1936,C,Kirin R Yato,RAW,EXE-Y: 罗德岛制式双刀,29.61,0.00,0.00,0.00,0.00,1800.00,1800.00,0.00,1829.00,0.00
1937,C,Ch'en,赤霄·拔刀,SWO-X: Rhodes Island Standard Combat Sword,29.58,97920.29,0.00,0.00,0.00,393.23,1720.38,0.00,2880.00,0.00
1938,C,Cairn,RAW,No Module,29.57,35362.50,0.00,0.00,58080.75,1800.00,1063.21,0.00,3483.00,0.00
1939,C,Sakiko Togawa,RAW,No Module,29.54,73526.15,0.00,0.00,0.00,1800.00,1800.00,0.00,2056.00,0.00
1940,C,Ripresa,合奏起拍,No Module,29.52,0.00,57126.34,0.00,0.00,700.41,1391.28,0.00,1550.00,375.00
1941,C,Phantom,RAW,EXE-X: Miss Christine's Felt,29.48,0.00,0.00,0.00,0.00,1800.00,1800.00,0.00,1785.00,0.00
1942,C,Executor the Ex Foedere,RAW,REA-Y: 已知悉,29.48,45083.96,0.00,0.00,0.00,464.24,1800.00,0.00,2841.00,0.00
1943,C,Liskarm,RAW,No Module,29.41,23958.33,0.00,0.00,0.00,1800.00,1800.00,0.00,3240.00,0.00
1944,C,Kirin R Yato,RAW,EXE-X: Training Dummy,29.39,0.00,0.00,0.00,0.00,1800.00,1800.00,0.00,1752.00,0.00
1945,C,Vetochki,RAW,No Module,29.37,81218.75,0.00,0.00,0.00,1800.00,1800.00,0.00,5996.80,0.00
1946,C,Alanna,气动增压,No Module,29.32,0.00,110208.00,0.00,0.00,1800.00,1362.44,0.00,2560.00,0.00
1947,C,Ripresa,直到终曲,No Module,29.31,0.00,54397.79,0.00,0.00,743.57,1455.79,0.00,1550.00,375.00
1948,C,Vigna,攻击力强化·β型,No Module,29.30,169248.00,0.00,0.00,0.00,1800.00,1800.00,0.00,1845.00,0.00
1949,C,Touch,宛如天启,PHY-X: Touch证章,29.29,0.00,0.00,0.00,0.00,1800.00,1800.00,64036.84,2265.00,0.00
1950,C,Enforcer,护身射击,No Module,29.27,27650.00,0.00,0.00,0.00,1630.67,1800.00,0.00,1937.00,24.50
1951,C,Croissant,RAW,No Module,29.27,15333.33,0.00,0.00,0.00,1800.00,1800.00,0.00,3520.00,0.00
1952,C,Eyjafjalla,RAW,CCR-Y: 宠物大赛第一名,29.27,0.00,92713.00,0.00,0.00,1800.00,1238.74,0.00,1973.00,48.00
1953,C,Melanite,临界爆发,No Module,29.25,132754.34,0.00,0.00,0.00,1800.00,1385.04,0.00,1664.00,240.00
1954,C,Angelina,秘杖·微粒模式,No Module,29.23,0.00,91316.16,0.00,0.00,1800.00,1643.22,0.00,1635.00,24.00
1955,C,Greyy the Lightningbearer,RAW,BOM-X: Experimental ECU Prototype,29.22,89388.95,0.00,0.00,0.00,631.75,1800.00,0.00,1970.00,5.33
1956,C,Mulberry,安全区域,No Module,29.15,0.00,0.00,0.00,0.00,1800.00,1800.00,55281.97,1367.00,65.62
1957,C,Savage,RAW,No Module,29.11,35662.50,0.00,0.00,0.00,1463.52,1800.00,0.00,2430.00,0.00
1958,C,Phantom,RAW,No Module,29.08,0.00,0.00,0.00,0.00,1800.00,1800.00,0.00,1645.00,0.00
1959,C,Phantom,RAW,EXE-Y: 'Think of Me',29.08,0.00,0.00,0.00,0.00,1800.00,1800.00,0.00,1645.00,0.00
1960,C,Myrrh,RAW,PHY-X: 'Brevity of Life',29.06,0.00,0.00,0.00,0.00,1800.00,1800.00,74865.00,2280.00,0.00
1961,C,Kirin R Yato,RAW,No Module,29.04,0.00,0.00,0.00,0.00,1800.00,1800.00,0.00,1629.00,0.00
1962,C,Nine-Colored Deer,人间降吉,No Module,28.95,0.00,0.00,0.00,0.00,1800.00,1800.00,32400.00,2542.03,57.60
1963,C,Vulcan,武力模式,No Module,28.94,163500.00,0.00,0.00,0.00,1546.76,1634.15,0.00,6085.20,0.00
1964,C,Surtr,烈焰魔剑,AFT-X: 萨米的不灭心脏碎片,28.90,0.00,246815.76,0.00,0.00,1266.46,227.68,0.00,2916.00,0.00
1965,C,Ch'en,RAW,No Module,28.90,85316.92,0.00,0.00,0.00,1800.00,1800.00,0.00,2880.00,0.00
1966,C,Ptilopsis,治疗强化·γ型,No Module,28.87,0.00,0.00,0.00,0.00,1800.00,1800.00,86367.61,1610.00,0.00
1967,C,Asbestos,固守模式,AST-X: “石棉大战双头钳兽”,28.86,0.00,103440.20,0.00,0.00,1800.00,975.66,0.00,3285.00,0.00
1968,C,Hung,RAW,No Module,28.86,27216.67,0.00,0.00,0.00,1800.00,1800.00,0.00,2823.00,0.00
1969,C,Degenbrecher,无声的嘲笑,SWO-Y: 新合同,28.85,110269.80,0.00,0.00,0.00,737.48,719.13,0.00,3041.00,0.00
1970,C,Rosa,RAW,SIE-X: Siege Equipment Training Device,28.83,124519.13,0.00,0.00,0.00,424.98,785.40,0.00,1755.00,0.00
1971,C,Rose Salt,上佳的应急药呀,No Module,28.82,0.00,0.00,0.00,0.00,1800.00,1800.00,103722.09,1675.00,0.00
1972,C,Misery,战争的恭顺,EXE-X: Misery证章,28.81,110894.19,0.00,0.00,0.00,1800.00,1800.00,0.00,1594.00,0.00
1973,C,Leto,一呼百应,No Module,28.77,116870.83,0.00,0.00,0.00,1040.63,1800.00,0.00,2280.00,0.00
1974,C,Beanstalk,定点指令,TAC-Y: All-You-Crabs-Eat,28.74,36855.00,0.00,0.00,0.00,1800.00,1800.00,0.00,1709.00,0.00
1975,C,Weedy,液氮大炮,No Module,28.74,51970.00,0.00,0.00,0.00,391.40,1800.00,0.00,2133.00,0.00
1976,C,Surtr,RAW,No Module,28.73,0.00,123648.00,0.00,0.00,1800.00,1136.72,0.00,2916.00,0.00
1977,C,Goldenglow,澄净闪耀,FUN-X: 'Industrious Wings',28.72,0.00,63891.54,0.00,0.00,1800.00,1105.72,0.00,1605.00,3.33
1978,C,Archetto,RAW,MAR-X: Yesterday Once More,28.71,76728.00,0.00,0.00,0.00,1800.00,1800.00,0.00,1865.00,0.00
1979,C,Flint,RAW,FGT-Y: Meaning of Flowers,28.69,104923.08,0.00,0.00,0.00,1800.00,1800.00,0.00,2680.00,0.00
1980,C,Exusiai,RAW,No Module,28.66,74906.40,0.00,0.00,0.00,1800.00,1800.00,0.00,1890.49,0.00
1981,C,Silence the Paradigmatic,RAW,No Module,28.62,0.00,0.00,0.00,0.00,1800.00,1800.00,0.00,2909.77,0.00
1982,C,Fiammetta,“你须直面”,No Module,28.59,149550.72,0.00,0.00,0.00,343.18,1267.57,0.00,1935.63,0.00
1983,C,Fiammetta,RAW,ART-Y: 'Out-Law' Special Ammunition Surplus,28.58,153493.48,0.00,0.00,0.00,333.30,1800.00,0.00,1935.63,0.00
1984,C,Sussurro,治疗强化·β型,No Module,28.55,0.00,0.00,0.00,0.00,1800.00,1800.00,43919.32,1345.00,0.00
1985,C,Honeyberry,RAW,No Module,28.50,0.00,0.00,0.00,0.00,1800.00,1800.00,40789.47,1632.96,0.00
1986,C,Umiri Yahata,颤栗之弦,AMB-Y: 额外训练,28.49,18711.22,0.00,0.00,0.00,1800.00,1800.00,0.00,1874.00,238.00
1987,C,Nearl,RAW,No Module,28.47,21600.00,0.00,0.00,0.00,1800.00,1800.00,0.00,2780.00,0.00
1988,C,Closure,递归策略,TAC-X: 给自己的小奖杯,28.46,24408.00,0.00,0.00,0.00,1800.00,1800.00,0.00,1942.00,0.00
1989,C,Elysium,RAW,BEA-X: Emergency Callbook,28.44,43302.15,0.00,0.00,0.00,1800.00,1800.00,0.00,1819.00,0.00
1990,C,Silence the Paradigmatic,俯瞰视界,No Module,28.42,0.00,0.00,0.00,0.00,1800.00,1800.00,2013.70,2909.77,60.00
1991,C,Weedy,RAW,PUS-Y: New Bionic Prototype,28.41,33375.00,0.00,0.00,0.00,660.36,1800.00,0.00,2133.00,0.00
1992,C,Beanstalk,“大家一起上”,TAC-Y: All-You-Crabs-Eat,28.38,36855.00,0.00,0.00,0.00,1800.00,1800.00,0.00,1709.00,0.00
1993,C,Broca,RAW,No Module,28.37,42651.00,0.00,0.00,0.00,389.72,1800.00,0.00,2335.00,0.00
1994,C,Highmore,RAW,REA-X: 'Weighing Anchor',28.35,33556.15,0.00,0.00,0.00,656.35,1800.00,0.00,2420.00,0.00
1995,C,Aurora,RAW,HES-X: Shield Photography Module,28.29,129562.50,0.00,0.00,0.00,1800.00,1800.00,0.00,7932.60,0.00
1996,C,Viviana,“明灭”,AFT-Y: “最后一行”,28.27,0.00,145941.31,0.00,0.00,1800.00,741.30,0.00,3220.00,0.00
1997,C,Vanilla,冲锋号令·援军,No Module,28.26,10698.57,0.00,0.00,0.00,1800.00,1800.00,0.00,1270.00,0.00
1998,C,Magallan,RAW,SUM-Y: Instructional Soaring Dragon Drone,28.25,0.00,40720.00,0.00,0.00,1800.00,1800.00,0.00,1103.00,0.00
1999,C,Quartz,RAW,No Module,28.18,43625.88,0.00,0.00,0.00,1800.00,1800.00,0.00,5920.88,0.00
2000,C,Jaye,RAW,No Module,28.15,127980.00,0.00,0.00,0.00,1800.00,1800.00,0.00,2284.00,0.00
2001,C,Akafuyu,信影流·雷刀之势,SBL-X: Samurai Armor,28.13,146025.47,0.00,0.00,0.00,1800.00,1800.00,0.00,7270.00,0.00
2002,C,Ch'en the Holungday,“假日风暴”,RPR-Y: 假期的最后一天,28.10,52388.08,0.00,0.00,0.00,246.36,987.50,0.00,2681.00,0.00
2003,C,Magallan,RAW,No Module,28.09,0.00,37520.00,0.00,0.00,1800.00,1800.00,0.00,1103.00,0.00
2004,C,Heavyrain,群体迷彩,PRO-Y: Stickers of a Popular Character,28.07,14300.00,0.00,0.00,0.00,1800.00,1800.00,0.00,1200.00,0.00
2005,C,Mizuki,囚徒困境,AMB-Y: Caerulorum Semina,28.00,81008.78,0.00,0.00,0.00,460.37,1800.00,0.00,3691.80,0.00
2006,C,Texas,RAW,No Module,28.00,0.00,60952.38,0.00,0.00,1800.00,1800.00,0.00,1950.00,0.00
2007,C,Skybox,电磁脉冲恩宠,No Module,27.98,126481.49,0.00,0.00,0.00,1800.00,1334.12,0.00,1558.00,31.98
2008,C,Eyjafjalla,RAW,No Module,27.94,0.00,86043.00,0.00,0.00,1800.00,1337.30,0.00,1743.00,48.00
2009,C,Weedy,RAW,No Module,27.94,28275.00,0.00,0.00,0.00,1800.00,1800.00,0.00,2133.00,0.00
2010,C,Vulcan,RAW,No Module,27.89,97500.00,0.00,0.00,0.00,1800.00,1800.00,0.00,5532.00,0.00
2011,C,Puzzle,RAW,No Module,27.88,73350.00,0.00,0.00,0.00,1800.00,1800.00,0.00,3720.00,0.00
2012,C,Cliffheart,RAW,HOK-X: 'Reach the Top',27.87,70648.89,0.00,0.00,0.00,1800.00,1800.00,0.00,1970.00,0.00
2013,C,Entelechia,绯红壁合,No Module,27.86,80605.13,0.00,0.00,0.00,461.27,1800.00,0.00,5463.53,0.00
2014,C,Rathalos S Noir Corne,居合拔刀气刃斩,No Module,27.80,308732.45,0.00,0.00,0.00,982.92,1800.00,0.00,3518.00,0.00
2015,C,Executor the Ex Foedere,近身铳斗,No Module,27.77,47990.33,0.00,0.00,0.00,426.89,1800.00,0.00,2491.00,0.00
2016,C,Figurino,缝线缠身,No Module,27.73,94445.64,0.00,0.00,0.00,500.83,1800.00,0.00,2393.00,0.00
2017,C,Viviana,“明灭”,AFT-D: 目不能及之处,27.70,0.00,135553.96,0.00,0.00,1800.00,803.20,0.00,3340.00,0.00
2018,C,Qiubai,问雪,No Module,27.70,76089.94,0.00,0.00,0.00,1800.00,1800.00,0.00,2480.00,0.00
2019,C,Swire,RAW,INS-X: Self-defense Lipstick,27.69,116470.25,0.00,0.00,0.00,1800.00,1800.00,0.00,2084.00,0.00
2020,C,Thorns the Lodestar,RAW,No Module,27.69,0.00,0.00,0.00,0.00,1800.00,1800.00,34268.40,1173.00,0.00
2021,C,Ray,RAW,HUN-Y: 证明什么？,27.67,163799.55,0.00,0.00,0.00,1800.00,1800.00,0.00,2133.00,0.00
2022,C,Tomimi,RAW,CCR-Y: Broken Tail Corrector,27.66,0.00,250250.00,0.00,0.00,1186.57,416.11,0.00,1920.00,0.00
2023,C,Corroserum,专注力超载,No Module,27.64,0.00,60716.14,0.00,0.00,649.92,1317.90,0.00,1572.00,122.49
2024,C,Firewatch,环境伪装,No Module,27.63,118959.01,0.00,0.00,0.00,1800.00,699.22,0.00,1450.00,0.00
2025,C,Closure,递归策略,No Module,27.61,17928.00,0.00,0.00,0.00,1800.00,1800.00,0.00,1762.00,0.00
2026,C,Brigid,可驯服的,No Module,27.60,110000.00,0.00,0.00,0.00,1800.00,1800.00,0.00,2350.00,6.67
2027,C,Stormeye,RAW,No Module,27.58,49920.00,0.00,0.00,0.00,1800.00,1800.00,0.00,1590.00,0.00
2028,C,Quartz,攻击力强化·β型,No Module,27.58,60269.88,0.00,0.00,0.00,1800.00,1800.00,0.00,5920.88,0.00
2029,C,Poncirus,RAW,No Module,27.56,23619.05,0.00,0.00,0.00,1800.00,1800.00,0.00,2613.70,0.00
2030,C,Fang,冲锋号令·α型,No Module,27.53,2142.86,0.00,0.00,0.00,1800.00,1800.00,0.00,1325.00,0.00
2031,C,Archetto,RAW,MAR-Y: 'Seeds of Tomorrow',27.47,64915.20,0.00,0.00,0.00,1800.00,1800.00,0.00,1705.00,0.00
2032,C,April,灵活伪装,No Module,27.45,136080.00,0.00,0.00,0.00,1800.00,1800.00,0.00,1280.00,0.00
2033,C,Degenbrecher,纯粹的武力,SWO-X: 'Footnotes of the Past',27.42,103103.52,0.00,0.00,0.00,280.23,1248.26,0.00,3011.00,0.00
2034,C,Leto,迅捷打击·γ型,No Module,27.38,97517.78,0.00,0.00,0.00,1800.00,1800.00,0.00,2280.00,0.00
2035,C,Jessica,掩护烟幕,No Module,27.37,58598.40,0.00,0.00,0.00,1800.00,1800.00,0.00,1320.00,144.23
2036,C,Tragodia,RAW,No Module,27.36,0.00,16000.00,0.00,212000.00,917.09,192.83,0.00,1200.00,80.00
2037,C,Verdant,RAW,No Module,27.34,93000.00,0.00,0.00,0.00,1800.00,1800.00,0.00,3172.40,0.00
2038,C,Almond,RAW,HOK-X: 'Capstone Project',27.32,35111.11,0.00,0.00,0.00,1800.00,1800.00,0.00,2410.00,0.00
2039,C,Muelsyse,RAW,TAC-X: Dresser Flowing Shape,27.30,59913.00,0.00,0.00,0.00,1800.00,1800.00,0.00,2003.00,0.00
2040,C,Blue Poison,毒液散射,MAR-Y: Standard Color Chart,27.29,109461.33,0.00,0.00,0.00,1800.00,1800.00,0.00,1230.00,0.00
2041,C,Violet Mizutsune Orchid,飞翔瞪射,No Module,27.29,146734.42,0.00,0.00,0.00,682.44,1432.06,0.00,1788.00,0.00
2042,C,Swire,协同作战,No Module,27.26,107827.20,0.00,0.00,0.00,1800.00,1800.00,0.00,1914.00,0.00
2043,C,Mountain,左勾扫拳,No Module,27.25,118675.04,0.00,0.00,0.00,1190.78,1800.00,0.00,2745.00,0.00
2044,C,Highmore,RAW,No Module,27.21,32019.23,0.00,0.00,0.00,691.77,1800.00,0.00,2120.00,0.00
2045,C,Zima,RAW,SOL-X: A Graduation Gift for Генерал Мороз,27.17,31634.29,0.00,0.00,0.00,1800.00,1800.00,0.00,2410.00,0.00
2046,C,Goldenglow,澄净闪耀,No Module,27.16,0.00,56816.55,0.00,0.00,1800.00,1247.51,0.00,1480.00,3.33
2047,C,Pith,“驭我所驭”,No Module,27.15,0.00,142124.06,0.00,0.00,364.33,722.30,0.00,1760.00,0.00
2048,C,Kal'tsit,RAW,No Module,27.13,0.00,0.00,0.00,0.00,1800.00,1800.00,39543.86,1633.00,0.00
2049,C,Nowell,步履不停,No Module,27.11,0.00,0.00,0.00,0.00,1800.00,1800.00,52734.11,1367.00,120.00
2050,C,Kafka,诡异剪刀,EXE-Y: Rubik's Cube Pendant,27.10,99027.02,0.00,0.00,0.00,1031.81,1800.00,0.00,1795.00,0.00
2051,C,Zinogre S Catapult,高压回填斩,MCN-X: 狩猎之路,27.06,26409.95,0.00,0.00,0.00,1800.00,1800.00,0.00,3290.00,0.00
2052,C,Dur-nar,起盾回击,AST-X: 守护的道路,27.04,0.00,80840.48,0.00,0.00,1706.85,1025.50,0.00,3277.00,0.00
2053,C,Viviana,RAW,No Module,27.03,0.00,103649.41,0.00,0.00,1800.00,1073.76,0.00,2920.00,0.00
2054,C,Touch,慨赠,PHY-X: Touch证章,26.98,0.00,0.00,0.00,0.00,1800.00,1800.00,64036.84,2265.00,0.00
2055,C,Whislash,鞭刃,No Module,26.97,30023.31,0.00,0.00,0.00,1430.16,1800.00,0.00,1932.00,0.00
2056,C,Sharp,RAW,No Module,26.97,81953.67,0.00,0.00,0.00,1800.00,1800.00,0.00,3472.00,0.00
2057,C,Leonhardt,解构与爆破,SPC-X: Inheritance and Development,26.93,0.00,87934.49,0.00,0.00,644.19,1211.47,0.00,1792.00,300.00
2058,C,Lappland,日晷,No Module,26.93,98728.00,0.00,0.00,0.00,1800.00,1800.00,0.00,2350.00,0.00
2059,C,Exusiai,冲锋模式,MAR-X: Exusiai's Surprise,26.92,191740.97,0.00,0.00,0.00,1670.81,1800.00,0.00,2421.90,0.00
2060,C,Windflit,RAW,No Module,26.90,0.00,105768.00,0.00,0.00,1800.00,1421.00,0.00,2600.00,0.00
2061,C,Contrail,紧急升空,No Module,26.90,116807.68,0.00,0.00,0.00,1800.00,1800.00,0.00,2255.00,0.00
2062,C,Ashlock,专注轰击,FOR-X: Outdoor Essential Kit,26.88,102156.25,0.00,0.00,0.00,345.23,1013.15,0.00,3532.00,0.00
2063,C,Dagda,RAW,FGT-Y: Backstreet Shield,26.87,86884.43,0.00,0.00,0.00,1800.00,1800.00,0.00,3247.20,0.00
2064,C,Amiya (Guard),影霄·绝影,No Module,26.86,0.00,114001.41,3257.93,0.00,1800.00,1297.80,0.00,2629.00,38.50
2065,C,Mizuki,RAW,AMB-Y: Caerulorum Semina,26.85,46610.42,0.00,0.00,0.00,1800.00,1800.00,0.00,3691.80,0.00
2066,C,Lunacub,伏击之影,DEA-Y: 'A Hidey-Hole That Moves',26.85,117626.67,0.00,0.00,0.00,1800.00,1800.00,0.00,1696.00,0.00
2067,C,Click,同步索敌攻击,FUN-Y: Big Feline Desensitization Experiment,26.83,0.00,66846.72,0.00,0.00,1800.00,1194.02,0.00,1440.00,3.31
2068,C,Lessing,RAW,No Module,26.75,85030.40,0.00,0.00,0.00,1800.00,1800.00,0.00,3682.00,0.00
2069,C,Stormeye,破空,No Module,26.75,96136.53,0.00,0.00,0.00,1800.00,1800.00,0.00,1590.00,0.00
2070,C,Myrtle,RAW,BEA-X: Private Collections,26.74,50769.23,0.00,0.00,0.00,1800.00,1800.00,0.00,2325.00,0.00
2071,C,Archetto,RAW,No Module,26.74,52440.00,0.00,0.00,0.00,1800.00,1800.00,0.00,1705.00,0.00
2072,C,Bassline,急救,No Module,26.74,33158.33,0.00,0.00,0.00,1800.00,1800.00,37206.18,2770.00,0.00
2073,C,Flamebringer,RAW,No Module,26.72,57680.00,0.00,0.00,0.00,1800.00,1800.00,0.00,5860.50,0.00
2074,C,Cliffheart,RAW,No Module,26.68,50853.33,0.00,0.00,0.00,1800.00,1800.00,0.00,1970.00,0.00
2075,C,Czerny,RAW,No Module,26.68,0.00,68750.00,0.00,0.00,1800.00,1800.00,0.00,3122.00,0.00
2076,C,Fartooth,光羽箭,No Module,26.61,152036.50,0.00,0.00,0.00,1448.69,456.52,0.00,1522.00,0.00
2077,C,Violet Mizutsune Orchid,RAW,ARC-X: 梓兰特制箭靶,26.58,149805.00,0.00,0.00,0.00,1800.00,1800.00,0.00,1788.00,0.00
2078,C,Quartz,全力相搏,No Module,26.54,63423.33,0.00,0.00,0.00,1800.00,1800.00,0.00,5920.88,0.00
2079,C,Laios,胆小剑助,No Module,26.53,110400.00,0.00,0.00,0.00,1800.00,1800.00,0.00,3868.00,0.00
2080,C,Catherine,战火淬炼,CRA-X: 闲暇时分,26.53,0.00,92800.00,0.00,0.00,1800.00,1624.08,0.00,4896.00,0.00
2081,C,Dorothy,高速共振排障,No Module,26.53,55081.41,77435.68,0.00,0.00,1682.66,916.69,0.00,1502.00,33.33
2082,C,Executor the Ex Foedere,RAW,No Module,26.51,28176.92,0.00,0.00,0.00,812.39,1800.00,0.00,2491.00,0.00
2083,C,Exusiai,冲锋模式,MAR-Y: 欢迎光临，企鹅物流,26.50,203943.35,0.00,0.00,0.00,1562.52,1800.00,0.00,1890.49,0.00
2084,C,Dur-nar,RAW,AST-X: 守护的道路,26.44,0.00,85257.55,0.00,0.00,1800.00,1257.97,0.00,3277.00,0.00
2085,C,Umiri Yahata,颤栗之弦,No Module,26.40,15092.00,0.00,0.00,0.00,1800.00,1800.00,0.00,1729.00,229.20
2086,C,Ptilopsis,RAW,No Module,26.40,0.00,0.00,0.00,0.00,1800.00,1800.00,56421.05,1610.00,0.00
2087,C,Almond,RAW,No Module,26.40,35111.11,0.00,0.00,0.00,1800.00,1800.00,0.00,2130.00,0.00
2088,C,Windflit,此身为源,CRA-X: 'A Bright Idea Occurs',26.38,0.00,180589.80,0.00,0.00,1800.00,818.43,0.00,2900.00,0.00
2089,C,Underflow,RAW,SPT-X: 基于咖啡的神经活性剂,26.33,35016.67,0.00,0.00,0.00,1800.00,1800.00,0.00,3253.00,0.00
2090,C,Hellagur,RAW,No Module,26.30,115500.00,0.00,0.00,0.00,1800.00,1800.00,0.00,4525.00,0.00
2091,C,Earthspirit,RAW,"DEC-Y: Application Forms, To Be Confirmed",26.27,0.00,32336.84,0.00,0.00,1800.00,1800.00,0.00,1335.00,8.00
2092,C,Mudrock,防御力强化·γ型,No Module,26.27,83662.50,0.00,0.00,0.00,1800.00,1800.00,0.00,1714.29,0.00
2093,C,Vulcan,坚守模式,No Module,26.24,97500.00,0.00,0.00,0.00,1800.00,1800.00,0.00,1200.00,0.00
2094,C,Senshi,RAW,No Module,26.19,31166.67,0.00,0.00,0.00,1800.00,1800.00,0.00,2770.00,0.00
2095,C,Alanna,RAW,CRA-X: “随身保险杠”,26.16,0.00,98400.00,0.00,0.00,1800.00,1529.82,0.00,2560.00,0.00
2096,C,Aegis,全弹发射,No Module,26.15,206676.42,0.00,0.00,0.00,1540.01,761.97,0.00,1762.22,150.00
2097,C,Bubble,RAW,PRO-X: Bubble's Shining Sword,26.13,13416.67,0.00,0.00,0.00,1800.00,1800.00,0.00,3666.00,0.00
2098,C,Catherine,岁月锻打,CRA-X: 闲暇时分,26.13,0.00,92800.00,0.00,0.00,1800.00,1624.08,0.00,2880.00,0.00
2099,C,Aroma,强效清洁,BLA-X: Lemon-flavored Childhood,26.12,0.00,96261.77,0.00,0.00,577.96,1181.82,0.00,1781.00,225.00
2100,C,Verdant,双刃毒藤,No Module,26.11,130200.00,0.00,0.00,0.00,1800.00,1800.00,0.00,3299.30,0.00
2101,C,Zima,RAW,No Module,26.07,25904.76,0.00,0.00,0.00,1800.00,1800.00,0.00,2150.00,0.00
2102,C,Kestrel,RAW,No Module,26.07,39502.02,0.00,0.00,0.00,1800.00,1800.00,0.00,1960.00,0.00
2103,C,Rosmontis,思维膨大,No Module,26.06,178218.92,0.00,0.00,0.00,280.90,1800.00,0.00,1944.00,0.00
2104,C,Heavyrain,RAW,No Module,26.05,14300.00,0.00,0.00,0.00,1800.00,1800.00,0.00,3380.00,0.00
2105,C,Matterhorn,RAW,No Module,26.04,14375.00,0.00,0.00,0.00,1800.00,1800.00,0.00,3235.00,0.00
2106,C,Misery,战争的恭顺,No Module,26.04,87706.67,0.00,0.00,0.00,1800.00,1800.00,0.00,1480.00,0.00
2107,C,Pepe,盖戳！,No Module,25.98,101223.84,0.00,0.00,0.00,237.32,818.69,0.00,2851.00,0.00
2108,C,Doc,RAW,No Module,25.96,75733.33,0.00,0.00,0.00,1800.00,1800.00,0.00,2483.04,0.00
2109,C,Underflow,RAW,No Module,25.93,25483.33,0.00,0.00,0.00,1800.00,1800.00,0.00,3253.00,0.00
2110,C,Marcille,才女的实力,SPC-Y: 才女的藏书,25.92,0.00,126584.87,0.00,0.00,417.02,892.09,0.00,1805.00,157.18
2111,C,Rosa,雪崩击,SIE-Y: “心”,25.92,145641.72,0.00,0.00,0.00,353.91,629.50,0.00,1755.00,15.79
2112,C,Timeslot,科技与传统仪式,FUN-X: 突发性创造思维,25.89,0.00,105065.23,0.00,0.00,1800.00,1040.42,0.00,1540.00,1.50
2113,C,Flint,RAW,No Module,25.89,75410.26,0.00,0.00,0.00,1800.00,1800.00,0.00,2495.00,0.00
2114,C,Chiave,RAW,No Module,25.88,44031.11,0.00,0.00,0.00,1800.00,1800.00,0.00,1824.00,0.00
2115,C,Silence the Paradigmatic,无畏者协议,No Module,25.84,0.00,0.00,0.00,0.00,1800.00,1800.00,3339.05,2925.19,0.00
2116,C,Zinogre S Catapult,高压回填斩,No Module,25.80,24754.25,0.00,0.00,0.00,1800.00,1800.00,0.00,3010.00,0.00
2117,C,Executor,铳口收束,RPR-X: 执行者随身包,25.78,172063.36,0.00,0.00,0.00,292.61,803.61,0.00,2330.00,0.00
2118,C,Earthspirit,RAW,No Module,25.76,0.00,32336.84,0.00,0.00,1800.00,1800.00,0.00,1205.00,0.87
2119,C,Greyy the Lightningbearer,RAW,No Module,25.76,71847.62,0.00,0.00,0.00,823.19,1800.00,0.00,1730.00,5.33
2120,C,Mutsumi Wakaba,破坏与滋养,No Module,25.71,111539.27,0.00,0.00,0.00,1800.00,1800.00,0.00,3474.43,0.00
2121,C,Ray,脱身矢,HUN-Y: 证明什么？,25.70,261773.08,0.00,0.00,0.00,1185.82,563.70,0.00,2133.00,0.00
2122,C,Arene,致命恶作剧,LOR-Y: The Book of Arene,25.65,143642.86,0.00,0.00,0.00,943.11,1800.00,0.00,2435.00,0.00
2123,C,Matsukiri,RAW,No Module,25.64,43400.00,0.00,0.00,0.00,1800.00,1800.00,0.00,2002.00,0.00
2124,C,Wanqing,RAW,BEA-X: With My Wind,25.63,23046.15,0.00,0.00,0.00,1800.00,1800.00,0.00,2047.24,0.00
2125,C,Rosa,攻击力强化·γ型,No Module,25.63,102080.00,0.00,0.00,0.00,350.75,622.99,0.00,1755.00,0.00
2126,C,Touch,恳切福音,No Module,25.53,0.00,0.00,0.00,0.00,1800.00,1800.00,61010.53,2040.00,0.00
2127,C,Papyrus,巧思乍现,XAH-X: 小小的种子,25.52,0.00,0.00,0.00,0.00,1800.00,1800.00,99192.98,1715.00,0.00
2128,C,Beehunter,急速拳,FGT-Y: Strong Jaw,25.50,160111.86,0.00,0.00,0.00,1800.00,1800.00,0.00,2605.00,0.00
2129,C,Gavial,RAW,PHY-Y: 'Follow Your Doctor's Orders',25.49,0.00,0.00,0.00,0.00,1800.00,1800.00,55814.14,1650.00,36.00
2130,C,Alanna,RAW,No Module,25.47,0.00,89600.00,0.00,0.00,1800.00,1683.24,0.00,2560.00,0.00
2131,C,Chestnut,RAW,WDM-X: 地上巡旅纪念灯,25.46,0.00,0.00,0.00,0.00,1800.00,1800.00,45575.44,1207.00,0.00
2132,C,Asbestos,固守模式,No Module,25.44,0.00,96574.70,0.00,0.00,1800.00,1054.11,0.00,3135.00,0.00
2133,C,Sankta Miksaparato,铳骑主考官,SPT-Y: “老朋友”,25.42,78957.66,0.00,0.00,0.00,1800.00,1800.00,0.00,3677.23,0.00
2134,C,Estelle,舍身突击,No Module,25.38,62887.50,0.00,0.00,0.00,249.51,1800.00,0.00,2850.00,0.00
2135,C,Archetto,箭矢·散逸,MAR-X: Yesterday Once More,25.34,124089.60,0.00,0.00,0.00,930.40,1800.00,0.00,1865.00,0.00
2136,C,Cuora,壳状防御,PRO-X: Super Baseball Suit,25.32,16250.00,0.00,0.00,0.00,1800.00,1800.00,0.00,1200.00,0.00
2137,C,Highmore,泡影，殆尽,REA-X: 'Weighing Anchor',25.25,48139.48,0.00,0.00,0.00,425.46,1800.00,0.00,2662.00,0.00
2138,C,Mitm,遥控解体,No Module,25.17,23787.00,0.00,0.00,0.00,1800.00,1800.00,0.00,1370.00,0.00
2139,C,Luo Xiaohei,RAW,LOR-Y: Ball of Yarn,25.14,104339.89,0.00,0.00,0.00,1800.00,1800.00,0.00,3210.00,0.00
2140,C,Sesa,攻击力强化·γ型,No Module,25.14,62938.29,0.00,0.00,0.00,622.73,1800.00,0.00,1655.00,240.00
2141,C,Ju,良翼难乘,SIE-X: 田间吓兽人,25.14,130800.69,0.00,0.00,0.00,381.27,1235.91,0.00,3460.00,0.00
2142,C,CONFESS-47,RAW,No Module,25.12,914.29,0.00,0.00,0.00,1800.00,1800.00,0.00,1046.00,0.00
2143,C,Aroma,小心地滑,No Module,25.10,0.00,56321.77,0.00,0.00,712.71,1423.26,0.00,1591.00,225.00
2144,C,Bubble,RAW,No Module,25.10,13416.67,0.00,0.00,0.00,1800.00,1800.00,0.00,3416.00,0.00
2145,C,Ray,RAW,HUN-X: 《跳舞的月光》,25.05,135812.13,0.00,0.00,0.00,1800.00,1800.00,0.00,2133.00,0.00
2146,C,Odda,RAW,No Module,25.03,85882.22,0.00,0.00,0.00,1572.76,1800.00,0.00,2593.00,0.00
2147,C,Sakiko Togawa,新月的苏醒,LOR-Y: 无言的约定,25.03,72134.40,115513.80,0.00,0.00,1146.46,486.24,0.00,2356.00,0.00
2148,C,Sesa,RAW,No Module,24.98,35330.29,0.00,0.00,0.00,1226.90,1800.00,0.00,1655.00,240.00
2149,C,Cantabile,RAW,AGE-Y: “不发声者”,24.97,79534.90,0.00,0.00,0.00,1800.00,1800.00,0.00,2137.00,0.00
2150,C,Touch,RAW,No Module,24.96,0.00,0.00,0.00,0.00,1800.00,1800.00,29473.68,1360.00,0.00
2151,C,Catherine,岁月锻打,No Module,24.94,0.00,88000.00,0.00,0.00,1800.00,1714.42,0.00,2680.00,0.00
2152,C,Cuora,壳状防御,No Module,24.92,16250.00,0.00,0.00,0.00,1800.00,1800.00,0.00,1200.00,0.00
2153,C,Beehunter,高机动,FGT-Y: Strong Jaw,24.87,75842.46,0.00,0.00,0.00,1800.00,1800.00,0.00,2605.00,0.00
2154,C,Estelle,RAW,No Module,24.86,29250.00,0.00,0.00,0.00,1657.84,1800.00,0.00,2850.00,0.00
2155,C,Ayerscarpe,多导向散射弹丸,LOR-X: Portable Wildland Stimulants,24.85,47238.23,0.00,0.00,0.00,1456.46,1800.00,0.00,2615.00,6.67
2156,C,Blacknight,安眠,TAC-X: The Stars and The Sleepyhead,24.80,83676.81,0.00,0.00,0.00,1326.43,1800.00,0.00,1775.00,0.00
2157,C,Kirara,RAW,AMB-X: We Will Survive 3 Online,24.77,42685.71,0.00,0.00,0.00,1800.00,1800.00,0.00,4853.00,0.00
2158,C,Fuze,RAW,No Module,24.77,24750.00,0.00,0.00,0.00,1564.89,1800.00,0.00,2660.00,0.00
2159,C,Totter,破虹,No Module,24.74,122266.67,0.00,0.00,0.00,285.49,795.20,0.00,1550.00,0.00
2160,C,Degenbrecher,纯粹的武力,No Module,24.74,92315.48,0.00,0.00,0.00,317.65,1800.00,0.00,2891.00,0.00
2161,C,Andreana,阻滞射击战术,No Module,24.71,138759.11,0.00,0.00,0.00,1600.73,575.43,0.00,1498.00,0.00
2162,C,Mostima,攻击力强化·γ型,SPC-Y: Home of 'Black Lock' and 'White Key',24.62,0.00,99499.08,0.00,0.00,555.13,1152.01,0.00,1831.00,1.20
2163,C,Reed,迅捷打击·γ型,No Module,24.56,78103.84,0.00,0.00,0.00,1800.00,1800.00,0.00,2215.00,0.00
2164,C,Roberta,全自动造型仪,CRA-X: Semi-Auto Stylist Toolkit,24.54,0.00,85600.00,0.00,0.00,1800.00,1763.39,0.00,2720.00,0.00
2165,C,Warfarin,RAW,PHY-X: Emergency Reserves,24.47,0.00,0.00,0.00,0.00,1800.00,1800.00,51229.47,2400.00,0.00
2166,C,Ceobe,RAW,"CCR-Y: 'Knife, I Made'",24.46,0.00,125790.07,0.00,0.00,1800.00,904.24,0.00,1685.00,0.00
2167,C,Amiya (Guard),RAW,AFT-X: 待调弦的怒火,24.46,0.00,129457.34,0.00,0.00,1800.00,846.68,0.00,2629.00,38.50
2168,C,Dagda,RAW,No Module,24.45,64633.33,0.00,0.00,0.00,1800.00,1800.00,0.00,3007.20,0.00
2169,C,Dobermann,鞭策,INS-Y: Military Telescope,24.40,108630.86,0.00,0.00,0.00,1800.00,1800.00,0.00,2104.00,0.00
2170,C,Fang the Fire-Sharpened,RAW,No Module,24.39,43200.00,0.00,0.00,0.00,1800.00,1800.00,0.00,2226.00,0.00
2171,C,Catherine,战火淬炼,No Module,24.38,0.00,88000.00,0.00,0.00,1800.00,1714.42,0.00,4556.00,0.00
2172,C,Myrrh,医疗力场,PHY-X: 'Brevity of Life',24.37,0.00,0.00,0.00,0.00,1800.00,1800.00,91085.75,2280.00,0.00
2173,C,Raidian,RAW,No Module,24.34,0.00,42872.00,0.00,0.00,1800.00,1800.00,0.00,1229.35,37.50
2174,C,Perfumer,RAW,RIN-Y: 'Aegean's Kiss',24.31,0.00,0.00,0.00,0.00,1800.00,1800.00,60631.58,1650.00,0.00
2175,C,Dur-nar,RAW,No Module,24.29,0.00,71738.15,0.00,0.00,1800.00,1800.00,0.00,3007.00,0.00
2176,C,Alanna,“万斤顶”,CRA-X: “随身保险杠”,24.28,0.00,153750.00,0.00,0.00,1800.00,967.22,0.00,2560.00,0.00
2177,C,Catherine,RAW,CRA-X: 闲暇时分,24.27,0.00,92800.00,0.00,0.00,1800.00,1624.08,0.00,2880.00,0.00
2178,C,Windflit,此身为筑,CRA-X: 'A Bright Idea Occurs',24.21,0.00,205281.44,0.00,0.00,1800.00,715.84,0.00,2900.00,0.00
2179,C,Aegis,RAW,BRK-X: 约定的证明,24.17,94369.00,0.00,0.00,0.00,1800.00,1800.00,0.00,1960.00,150.00
2180,C,Dorothy,RAW,No Module,24.05,55081.41,77435.68,0.00,0.00,1682.66,916.69,0.00,1502.00,0.00
2181,C,Ashlock,RAW,No Module,24.01,25945.71,0.00,0.00,0.00,891.86,1800.00,0.00,3207.00,0.00
2182,C,Chestnut,RAW,No Module,24.00,0.00,0.00,0.00,0.00,1800.00,1800.00,42312.28,1137.00,0.00
2183,C,Surtr,烈焰魔剑,No Module,23.99,0.00,210201.60,0.00,0.00,1511.84,420.75,0.00,2916.00,0.00
2184,C,Firewhistle,RAW,FOR-X: 'Footprints Growing',23.98,34893.00,0.00,0.00,0.00,616.32,1800.00,0.00,2983.00,0.00
2185,C,Mizuki,唤醒,AMB-Y: Caerulorum Semina,23.97,114434.08,0.00,0.00,0.00,308.12,1018.51,0.00,3691.80,0.00
2186,C,Hung,反制治疗,GUA-Y: Popular Sitcom Tapes,23.90,27216.67,0.00,0.00,0.00,1800.00,1800.00,14418.78,3709.41,0.00
2187,C,Frost,RAW,TRP-Y: Metallic Spring Loaded Trap,23.86,112173.18,0.00,0.00,0.00,1800.00,1800.00,0.00,1359.00,0.00
2188,C,Cuora,RAW,No Module,23.83,12458.33,0.00,0.00,0.00,1800.00,1800.00,0.00,3105.00,0.00
2189,C,Viviana,“明灭”,No Module,23.80,0.00,124033.79,0.00,0.00,1800.00,883.93,0.00,2920.00,0.00
2190,C,Degenbrecher,归于宁静,SWO-X: 'Footnotes of the Past',23.79,83044.67,0.00,0.00,0.00,758.16,1800.00,0.00,3011.00,0.00
2191,C,Lutonada,强力击·β型,UNY-X: Survivors,23.72,234698.84,0.00,0.00,0.00,1339.25,567.51,0.00,5460.00,0.00
2192,C,Ch'en the Holungday,RAW,RPR-Y: 假期的最后一天,23.71,136568.16,0.00,0.00,0.00,381.85,1800.00,0.00,2681.00,0.00
2193,C,Grani,永不后退！,No Module,23.68,53827.20,0.00,0.00,0.00,1800.00,1800.00,0.00,2235.00,0.00
2194,C,Roberta,全自动造型仪,No Module,23.65,0.00,85600.00,0.00,0.00,1800.00,1763.39,0.00,2470.00,0.00
2195,C,Estelle,攻击力强化·β型,No Module,23.58,46500.00,0.00,0.00,0.00,1252.86,1800.00,0.00,2850.00,0.00
2196,C,Highmore,泡影，殆尽,No Module,23.55,45934.62,0.00,0.00,0.00,447.57,1800.00,0.00,2332.00,0.00
2197,C,Vendela,荆藤庇荫,INC-X: Broken Rose,23.54,0.00,60211.20,0.00,0.00,1800.00,1329.22,30105.60,1513.00,80.00
2198,C,Gavial,活力再生,PHY-Y: 'Follow Your Doctor's Orders',23.51,0.00,0.00,0.00,0.00,1800.00,1800.00,72801.05,2475.00,36.00
2199,C,Noir Corne,RAW,No Module,23.50,1600.00,0.00,0.00,0.00,1800.00,1800.00,0.00,1870.40,0.00
2200,C,Swire,RAW,No Module,23.49,66243.05,0.00,0.00,0.00,1800.00,1800.00,0.00,1914.00,0.00
2201,C,Ray,RAW,No Module,23.46,124844.00,0.00,0.00,0.00,1800.00,1800.00,0.00,1933.00,0.00
2202,D,Ayerscarpe,浮游刃启动,LOR-X: Portable Wildland Stimulants,23.46,93604.10,0.00,0.00,0.00,1554.18,1800.00,0.00,2615.00,0.00
2203,D,Sankta Miksaparato,铳骑主考官,No Module,23.41,46172.72,0.00,0.00,0.00,1800.00,1800.00,0.00,3677.18,0.00
2204,D,Honeyberry,振奋,No Module,23.40,0.00,0.00,0.00,0.00,1800.00,1800.00,54166.67,1632.96,0.00
2205,D,Mayer,RAW,SUM-X: 'Meeboo' Control Terminal XP,23.35,0.00,38640.00,0.00,0.00,1800.00,1800.00,0.00,1188.00,150.00
2206,D,Warmy,炎炎火焰,PRI-X: 赠别之味,23.35,0.00,0.00,0.00,202500.00,1051.55,205.87,0.00,1438.00,0.00
2207,D,Ceobe,RAW,CCR-X: 'Really Dry Bread',23.33,0.00,110461.00,0.00,0.00,1800.00,967.65,0.00,1745.00,0.00
2208,D,Kjera,心随意动,No Module,23.30,0.00,39007.02,0.00,0.00,1800.00,1795.76,0.00,1475.00,12.50
2209,D,Ayerscarpe,多导向散射弹丸,No Module,23.30,35774.72,0.00,0.00,0.00,1800.00,1800.00,0.00,2420.00,6.67
2210,D,Chilchuck,RAW,AGE-X: 原版开锁工具,23.29,50076.00,0.00,0.00,0.00,1800.00,1800.00,0.00,2180.00,0.00
2211,D,Hellagur,弦月,No Module,23.29,168332.00,0.00,0.00,0.00,1800.00,1800.00,0.00,4525.00,0.00
2212,D,Click,同步索敌攻击,No Module,23.26,0.00,44463.66,0.00,0.00,1800.00,1800.00,0.00,1440.00,3.31
2213,D,Scavenger,RAW,SOL-X: 'Designer Dinnerware',23.19,61461.33,0.00,0.00,0.00,1800.00,1800.00,0.00,1835.00,0.00
2214,D,Catherine,RAW,No Module,23.17,0.00,88000.00,0.00,0.00,1800.00,1714.42,0.00,2680.00,0.00
2215,D,Mayer,爆破回收,No Module,23.14,0.00,43945.60,0.00,0.00,1800.00,1793.89,0.00,1070.00,24.50
2216,D,Ch'en the Holungday,高压冲击,RPR-Y: 假期的最后一天,23.14,192003.66,0.00,0.00,0.00,258.87,1112.95,0.00,2681.00,0.00
2217,D,Warmy,炎炎火焰,No Module,23.11,0.00,0.00,0.00,202500.00,1051.55,205.87,0.00,1358.00,0.00
2218,D,Dorothy,流沙区域生成,No Module,23.08,55081.41,77435.68,0.00,0.00,822.76,916.69,0.00,1502.00,0.00
2219,D,Dur-nar,攻击力强化·β型,AST-X: 守护的道路,23.03,0.00,109139.22,0.00,0.00,1800.00,954.82,0.00,3277.00,0.00
2220,D,Fartooth,迅捷打击·γ型,No Module,22.96,101264.05,0.00,0.00,0.00,1800.00,1242.56,0.00,1522.00,0.00
2221,D,Leto,RAW,LOR-Y: The Old Clothes,22.95,92392.62,0.00,0.00,0.00,1800.00,1800.00,0.00,2280.00,0.00
2222,D,Archetto,箭矢·散逸,MAR-Y: 'Seeds of Tomorrow',22.94,111128.64,0.00,0.00,0.00,1021.93,1800.00,0.00,1705.00,0.00
2223,D,Wild Mane,骑枪刺击,No Module,22.93,84882.00,0.00,0.00,0.00,1800.00,1800.00,0.00,2225.00,0.00
2224,D,Rosa,雪崩击,SIE-X: Siege Equipment Training Device,22.91,131113.99,0.00,0.00,0.00,400.43,729.43,0.00,1755.00,15.79
2225,D,Corroserum,传导蚀滞弹,BLA-X: Unerasable,22.90,0.00,90614.71,0.00,0.00,621.58,1268.18,0.00,1762.00,22.84
2226,D,Firewhistle,RAW,No Module,22.87,22676.14,0.00,0.00,0.00,1057.11,1800.00,0.00,2983.00,0.00
2227,D,Surfer,RAW,AGE-X: 佳肴,22.81,35880.00,0.00,0.00,0.00,1800.00,1800.00,0.00,2250.00,0.00
2228,D,Indra,碎甲拳,No Module,22.79,193571.77,0.00,0.00,0.00,1106.88,1402.89,0.00,2565.00,0.00
2229,D,Misery,物理的服从,EXE-X: Misery证章,22.75,46129.03,0.00,0.00,0.00,1800.00,1800.00,0.00,1594.00,0.00
2230,D,Toddifons,RAW,SIE-X: Arrow Adjustment Box,22.65,138891.25,0.00,0.00,0.00,374.36,1366.86,0.00,1667.00,0.00
2231,D,Mostima,RAW,SPC-Y: Home of 'Black Lock' and 'White Key',22.64,0.00,62186.92,0.00,0.00,974.89,1800.00,0.00,1831.00,1.20
2232,D,Beehunter,RAW,FGT-Y: Strong Jaw,22.61,75842.46,0.00,0.00,0.00,1800.00,1800.00,0.00,2605.00,0.00
2233,D,Savage,强力击·β型,CEN-X: Hit the Road,22.59,81824.96,0.00,0.00,0.00,180.99,995.41,0.00,2430.00,0.00
2234,D,Alanna,“万斤顶”,No Module,22.59,0.00,140000.00,0.00,0.00,1800.00,1065.50,0.00,2560.00,0.00
2235,D,Whislash,RAW,INS-X: Whipsword Wire.L,22.58,90510.93,0.00,0.00,0.00,1800.00,1800.00,0.00,1932.00,0.00
2236,D,Bison,RAW,PRO-X: 'The Journey Thus Far',22.56,13750.00,0.00,0.00,0.00,1800.00,1800.00,0.00,1200.00,0.00
2237,D,Tippi,RAW,No Module,22.56,47466.67,0.00,0.00,0.00,1800.00,1800.00,0.00,2368.00,0.00
2238,D,Vigna,RAW,No Module,22.56,139488.00,0.00,0.00,0.00,1800.00,1800.00,0.00,1845.00,0.00
2239,D,Bryophyta,RAW,INS-X: Sobremesa,22.54,83066.67,0.00,0.00,0.00,1800.00,1800.00,0.00,2090.00,0.00
2240,D,Bibeak,RAW,SWO-X: A Well-Made Shirt,22.49,129131.71,0.00,0.00,0.00,1800.00,1800.00,0.00,2550.00,0.00
2241,D,Courier,RAW,SOL-X: Low Temperature Resistant Communication Equipment,22.47,25874.29,0.00,0.00,0.00,1800.00,1800.00,0.00,2180.00,0.00
2242,D,Pallas,胜利的连击,INS-Y: 'Light of Heria',22.47,120075.00,0.00,0.00,0.00,1800.00,1800.00,0.00,1963.00,0.00
2243,D,Ayerscarpe,RAW,LOR-X: Portable Wildland Stimulants,22.46,66953.85,0.00,0.00,0.00,1800.00,1800.00,0.00,2615.00,0.00
2244,D,Lutonada,强磁防卫,UNY-X: Survivors,22.41,116150.00,0.00,0.00,0.00,556.20,1800.00,0.00,1200.00,0.00
2245,D,Pozëmka,RAW,ARC-Y: Typewriter Ribbon,22.38,93581.25,0.00,0.00,0.00,1800.00,1800.00,0.00,1972.00,0.00
2246,D,FEater,崩拳式,PUS-Y: Shangshu-Style Homemade Chili Sauce,22.36,47109.38,0.00,0.00,0.00,435.54,1800.00,0.00,2015.00,0.00
2247,D,Silence the Paradigmatic,进取之心,No Module,22.35,0.00,0.00,0.00,0.00,1800.00,1800.00,3120.73,2909.77,0.00
2248,D,Ashlock,攻击力强化·γ型,No Module,22.32,39847.50,0.00,0.00,0.00,532.88,1800.00,0.00,3207.00,0.00
2249,D,Rope,RAW,HOK-X: Tin Casket,22.31,40800.00,0.00,0.00,0.00,1800.00,1800.00,0.00,1920.00,0.00
2250,D,Cantabile,RAW,No Module,22.26,46293.12,0.00,0.00,0.00,1800.00,1800.00,0.00,1917.00,0.00
2251,D,Fartooth,RAW,DEA-Y: Fan Letters,22.26,135788.87,0.00,0.00,0.00,1800.00,1337.85,0.00,1642.00,0.00
2252,D,Wulfenite,RAW,TRP-Y: 矿石展览柜,22.24,88063.53,0.00,0.00,0.00,1800.00,1800.00,0.00,1450.00,0.00
2253,D,Robin,RAW,TRP-Y: Calendar the Limited Edition,22.23,115508.84,0.00,0.00,0.00,1800.00,1800.00,0.00,1627.00,0.00
2254,D,Vendela,荆藤庇荫,No Module,22.21,0.00,56320.00,0.00,0.00,1800.00,1423.31,28160.00,1370.00,80.00
2255,D,Amiya,奇美拉,CCR-Y: DWDB-221E,22.18,0.00,111149.80,0.00,0.00,1800.00,1027.77,0.00,3260.00,0.00
2256,D,Bison,RAW,No Module,22.14,13750.00,0.00,0.00,0.00,1800.00,1800.00,0.00,1200.00,0.00
2257,D,Goldenglow,电流翻涌,FUN-Y: 梦想终将实现,22.13,0.00,89550.34,0.00,0.00,1800.00,540.18,0.00,1480.00,0.00
2258,D,Odda,火花溅射,No Module,22.12,136339.81,0.00,0.00,0.00,239.55,1336.10,0.00,2593.00,0.00
2259,D,Carnelian,沙暴守卫,No Module,22.10,0.00,103212.00,0.00,0.00,732.93,1396.10,0.00,2106.00,0.00
2260,D,Scene,保护色隐蔽,SUM-X: Improved Lens.P,22.07,0.00,55411.20,0.00,0.00,1800.00,1336.21,0.00,1105.00,0.00
2261,D,Roberta,RAW,CRA-X: Semi-Auto Stylist Toolkit,22.05,0.00,85600.00,0.00,0.00,1800.00,1763.39,0.00,2720.00,0.00
2262,D,Violet Mizutsune Orchid,RAW,No Module,22.01,96068.12,0.00,0.00,0.00,1800.00,1800.00,0.00,1788.00,0.00
2263,D,Beehunter,高机动,No Module,22.01,50006.15,0.00,0.00,0.00,1800.00,1800.00,0.00,2435.00,0.00
2264,D,Silence,RAW,No Module,21.95,0.00,0.00,0.00,0.00,1800.00,1800.00,30848.00,1595.00,42.00
2265,D,Nearl,急救,No Module,21.94,21600.00,0.00,0.00,0.00,1800.00,1800.00,25280.64,2780.00,0.00
2266,D,Wild Mane,夹枪冲锋,CHG-X: Spear Replacement Suit,21.92,86179.80,0.00,0.00,0.00,1800.00,1800.00,0.00,2225.00,0.00
2267,D,Toddifons,信号矢,SIE-X: Arrow Adjustment Box,21.92,140158.13,0.00,0.00,0.00,245.47,605.92,0.00,1667.00,0.00
2268,D,Nymph,RAW,PRI-X: 心声,21.91,0.00,0.00,0.00,167900.00,1800.00,404.25,0.00,1800.00,0.00
2269,D,Tuye,RAW,No Module,21.91,0.00,0.00,0.00,0.00,1800.00,1800.00,58987.02,1550.00,0.00
2270,D,Fartooth,同盟支援,No Module,21.90,99658.49,0.00,0.00,0.00,1800.00,1800.00,0.00,1522.00,0.00
2271,D,Ch'en,赤霄·拔刀,No Module,21.89,65061.01,0.00,0.00,0.00,601.55,1800.00,0.00,2880.00,0.00
2272,D,Amiya (Guard),RAW,No Module,21.87,0.00,103480.13,0.00,0.00,1800.00,1728.00,0.00,2629.00,38.50
2273,D,Franka,RAW,DRE-X: Cutting-edge Thermite Unit,21.82,82592.21,0.00,0.00,0.00,1800.00,1800.00,0.00,3988.00,0.00
2274,D,Scavenger,RAW,No Module,21.79,35215.24,0.00,0.00,0.00,1800.00,1800.00,0.00,1835.00,0.00
2275,D,Mizuki,RAW,AMB-X: Entreaty of the Herald,21.74,35181.71,0.00,0.00,0.00,1800.00,1800.00,0.00,2967.00,0.00
2276,D,Scene,保护色隐蔽,No Module,21.72,0.00,51148.80,0.00,0.00,1800.00,1450.27,0.00,1105.00,0.00
2277,D,Nymph,RAW,PRI-Y: 烦恼问诊匣,21.71,0.00,0.00,0.00,161000.00,1800.00,423.21,0.00,1820.00,0.00
2278,D,Perfumer,RAW,No Module,21.70,0.00,0.00,0.00,0.00,1800.00,1800.00,53894.74,1560.00,0.00
2279,D,Jackie,RAW,FGT-X: D32 Steel Chair,21.66,65878.97,0.00,0.00,0.00,1800.00,1800.00,0.00,2518.00,0.00
2280,D,Courier,RAW,No Module,21.66,20571.43,0.00,0.00,0.00,1800.00,1800.00,0.00,1985.00,0.00
2281,D,Surfer,RAW,No Module,21.65,31200.00,0.00,0.00,0.00,1800.00,1800.00,0.00,1950.00,0.00
2282,D,Astesia,星辉剑,AFT-Y: 未卜星图,21.64,0.00,119263.59,0.00,0.00,1141.69,584.85,0.00,2523.00,0.00
2283,D,Aegis,RAW,No Module,21.63,70117.14,0.00,0.00,0.00,1800.00,1800.00,0.00,1762.22,150.00
2284,D,Timeslot,RAW,FUN-X: 突发性创造思维,21.63,0.00,61430.77,0.00,0.00,1800.00,1800.00,0.00,1540.00,1.50
2285,D,Degenbrecher,归于宁静,No Module,21.59,73893.75,0.00,0.00,0.00,867.01,1800.00,0.00,2891.00,0.00
2286,D,Rope,RAW,No Module,21.59,38044.44,0.00,0.00,0.00,1800.00,1800.00,0.00,1720.00,0.00
2287,D,Blue Poison,毒液散射,No Module,21.58,88933.33,0.00,0.00,0.00,1800.00,1800.00,0.00,1230.00,0.00
2288,D,Ascalon,降临,AMB-Y: “阿斯卡纶的眼睛”,21.53,42029.15,0.00,0.00,0.00,1479.42,1800.00,0.00,1915.14,0.00
2289,D,Perfumer,治疗强化·β型,RIN-Y: 'Aegean's Kiss',21.52,0.00,0.00,0.00,0.00,1800.00,1800.00,79023.16,1650.00,0.00
2290,D,Dagda,精准捕杀,FGT-Y: Backstreet Shield,21.51,104783.54,0.00,0.00,0.00,1800.00,1800.00,0.00,3247.20,0.00
2291,D,Misery,物理的服从,No Module,21.46,31131.18,0.00,0.00,0.00,1800.00,1800.00,0.00,1480.00,0.00
2292,D,SilverAsh,强力击·γ型,No Module,21.44,123668.69,0.00,0.00,0.00,1800.00,1631.86,0.00,2560.00,0.00
2293,D,Chilchuck,RAW,No Module,21.43,31200.00,0.00,0.00,0.00,1800.00,1800.00,0.00,1880.00,0.00
2294,D,Muelsyse,RAW,TAC-Y: 落叶四季,21.41,50962.50,0.00,0.00,0.00,1800.00,1800.00,0.00,1983.00,0.00
2295,D,Mint,聚能涡旋,PLX-X: Attention-holding Device,21.39,0.00,131712.00,0.00,0.00,545.17,1134.64,0.00,2115.00,0.00
2296,D,Reed,生灵火花,No Module,21.38,76689.07,0.00,0.00,0.00,1800.00,1800.00,0.00,2215.00,0.00
2297,D,Wulfenite,RAW,No Module,21.36,75385.10,0.00,0.00,0.00,1800.00,1800.00,0.00,1450.00,0.00
2298,D,Degenbrecher,无声的嘲笑,SWO-X: 'Footnotes of the Past',21.36,72882.69,0.00,0.00,0.00,1200.61,1800.00,0.00,3011.00,0.00
2299,D,Morgan,街头好手,DRE-X: 'Iron Heart',21.31,119253.82,0.00,0.00,0.00,1800.00,1800.00,0.00,4659.20,0.00
2300,D,Ascalon,降临,AMB-X: 'Hidden Blade',21.31,40624.24,0.00,0.00,0.00,1800.00,1800.00,0.00,2044.44,0.00
2301,D,Executor the Ex Foedere,遗嘱执行,REA-Y: 已知悉,21.31,71714.36,0.00,0.00,0.00,268.83,1327.53,0.00,2841.00,0.00
2302,D,Reed,RAW,No Module,21.30,41920.00,0.00,0.00,0.00,1800.00,1800.00,0.00,2215.00,0.00
2303,D,Valarqvin,我见崩毁之前,RIT-X: 启行未来的灯,21.29,0.00,54538.56,0.00,113158.39,1300.11,312.43,0.00,1242.00,8.00
2304,D,Frost,RAW,No Module,21.28,77667.22,0.00,0.00,0.00,1800.00,1800.00,0.00,1359.00,0.00
2305,D,Dur-nar,起盾回击,No Module,21.22,0.00,39404.97,0.00,0.00,1800.00,1217.43,0.00,3007.00,0.00
2306,D,Platinum,RAW,No Module,21.22,105520.00,0.00,0.00,0.00,1800.00,1800.00,0.00,1550.00,0.00
2307,D,Roberta,RAW,No Module,21.17,0.00,85600.00,0.00,0.00,1800.00,1763.39,0.00,2470.00,0.00
2308,D,Dobermann,RAW,INS-Y: Military Telescope,21.16,78089.14,0.00,0.00,0.00,1800.00,1800.00,0.00,2104.00,0.00
2309,D,Beeswax,沙暴扩散,PLX-X: 'Beeswax's Blessing',21.13,0.00,82432.00,0.00,0.00,956.88,1800.00,0.00,4585.05,0.00
2310,D,Qiubai,留羽,LOR-Y: 欲雪时,21.12,38556.00,0.00,0.00,0.00,1209.03,1800.00,0.00,2760.00,0.00
2311,D,Укусик,“捉迷藏！”,No Module,21.10,0.00,0.00,0.00,0.00,1800.00,1800.00,82025.26,1897.50,0.00
2312,D,Pozëmka,RAW,No Module,21.09,82800.00,0.00,0.00,0.00,1800.00,1800.00,0.00,1802.00,0.00
2313,D,Roberta,叙拉古式上妆,CRA-X: Semi-Auto Stylist Toolkit,21.04,0.00,110566.67,0.00,0.00,1800.00,1357.91,0.00,2720.00,0.00
2314,D,Arene,RAW,LOR-Y: The Book of Arene,21.01,107837.05,0.00,0.00,0.00,1800.00,1800.00,0.00,2435.00,0.00
2315,D,Lunacub,伏击之影,No Module,21.00,67547.19,0.00,0.00,0.00,1800.00,1800.00,0.00,1536.00,0.00
2316,D,Pallas,胜利的连击,No Module,20.95,101426.39,0.00,0.00,0.00,1800.00,1800.00,0.00,1963.00,0.00
2317,D,Mostima,序时之匙,SPC-Y: Home of 'Black Lock' and 'White Key',20.94,0.00,90730.72,0.00,0.00,620.63,1266.52,0.00,1831.00,1.20
2318,D,Sakiko Togawa,新月的苏醒,No Module,20.92,55208.00,91412.21,0.00,0.00,1507.41,1046.95,0.00,2056.00,0.00
2319,D,Skyfire,攻击力强化·γ型,SPC-Y: Fire Retardant Treatment,20.91,0.00,88267.93,0.00,0.00,415.89,896.14,0.00,1620.00,270.00
2320,D,Laios,RAW,No Module,20.90,76800.00,0.00,0.00,0.00,1800.00,1800.00,0.00,3868.00,0.00
2321,D,Ray,脱身矢,HUN-X: 《跳舞的月光》,20.89,222656.28,0.00,0.00,0.00,1419.38,738.81,0.00,2133.00,0.00
2322,D,Gavial,活力再生·广域,PHY-Y: 'Follow Your Doctor's Orders',20.88,0.00,0.00,0.00,0.00,1800.00,1800.00,72801.05,2475.00,36.00
2323,D,Mantra,RAW,PRI-X: 中枢神经探测模块,20.87,0.00,0.00,0.00,160000.00,1369.53,284.38,0.00,1573.00,0.00
2324,D,Hellagur,满月,No Module,20.86,92080.00,0.00,0.00,0.00,1130.45,1800.00,0.00,4525.00,0.00
2325,D,Kafka,RAW,EXE-Y: Rubik's Cube Pendant,20.82,0.00,0.00,0.00,0.00,1800.00,1800.00,0.00,1795.00,0.00
2326,D,Leonhardt,解构与爆破,No Module,20.80,0.00,53519.26,0.00,0.00,758.38,1389.38,0.00,1637.00,300.00
2327,D,Ch'en the Holungday,“假日风暴”,RPR-X: 沙滩战斗套装,20.78,35070.11,0.00,0.00,0.00,388.94,1333.93,0.00,2501.00,0.00
2328,D,Doc,激素手枪,INS-Y: 'The Third Power',20.74,151580.95,0.00,0.00,0.00,1800.00,1800.00,0.00,3116.10,0.00
2329,D,Ayerscarpe,RAW,No Module,20.73,50092.31,0.00,0.00,0.00,1800.00,1800.00,0.00,2420.00,0.00
2330,D,Cuora,RAW,PRO-X: Super Baseball Suit,20.72,12458.33,0.00,0.00,0.00,1800.00,1800.00,0.00,1200.00,0.00
2331,D,Heavyrain,应急迷彩,No Module,20.71,19500.00,0.00,0.00,0.00,1800.00,1800.00,0.00,4080.00,0.00
2332,D,Leto,RAW,No Module,20.66,57993.85,0.00,0.00,0.00,1800.00,1800.00,0.00,2280.00,0.00
2333,D,Spot,次级治疗模式,No Module,20.66,1555.56,0.00,0.00,0.00,1800.00,1800.00,12373.33,1833.00,51.92
2334,D,Vendela,战术咏唱·γ型,INC-X: Broken Rose,20.64,0.00,68208.00,0.00,0.00,1800.00,1169.53,34104.00,1513.00,0.00
2335,D,Exusiai,冲锋模式,No Module,20.64,146518.19,0.00,0.00,0.00,1800.00,1800.00,0.00,1890.49,0.00
2336,D,Kal'tsit,指令：结构加固,No Module,20.62,0.00,0.00,0.00,0.00,1800.00,1800.00,39543.86,1633.00,0.00
2337,D,Mizuki,囚徒困境,AMB-X: Entreaty of the Herald,20.62,63943.71,0.00,0.00,0.00,1632.29,1800.00,0.00,2967.00,0.00
2338,D,Mulberry,治愈云雾,WDM-X: 宁心静神,20.61,0.00,0.00,0.00,0.00,1800.00,1800.00,58433.37,1447.00,0.00
2339,D,Lappland,RAW,No Module,20.59,47384.62,0.00,0.00,0.00,1800.00,1800.00,0.00,2350.00,0.00
2340,D,Savage,微差爆破,CEN-X: Hit the Road,20.59,68697.56,0.00,0.00,0.00,222.93,1800.00,0.00,2430.00,0.00
2341,D,Robin,RAW,No Module,20.59,101213.91,0.00,0.00,0.00,1800.00,1800.00,0.00,1442.00,0.00
2342,D,Entelechia,玫影觅迹,No Module,20.59,70726.15,0.00,0.00,0.00,533.83,1800.00,0.00,5463.53,0.00
2343,D,Sussurro,RAW,PHY-X: ...Who Heals Not Herself,20.58,0.00,0.00,0.00,0.00,1800.00,1800.00,52930.02,2167.50,0.00
2344,D,Andreana,攻击力强化·γ型,DEA-X: Gunsmithing Toolkit,20.55,137227.02,0.00,0.00,0.00,1620.15,759.15,0.00,1619.00,0.00
2345,D,Ceobe,“很热的刀”,"CCR-Y: 'Knife, I Made'",20.52,0.00,114319.06,0.00,0.00,1800.00,998.35,0.00,1685.00,0.00
2346,D,Kafka,RAW,No Module,20.47,0.00,0.00,0.00,0.00,1800.00,1800.00,0.00,1675.00,0.00
2347,D,Beehunter,RAW,No Module,20.45,50006.15,0.00,0.00,0.00,1800.00,1800.00,0.00,2435.00,0.00
2348,D,Mantra,RAW,No Module,20.43,0.00,0.00,0.00,160000.00,1369.53,284.38,0.00,1428.00,0.00
2349,D,Gavial,RAW,No Module,20.42,0.00,0.00,0.00,0.00,1800.00,1800.00,40673.68,1580.00,36.00
2350,D,Skybox,源石火药驾临,No Module,20.41,100989.85,0.00,0.00,0.00,1800.00,1800.00,0.00,1558.00,31.98
2351,D,Jacinta,RAW,BEA-X: 弹射起步,20.40,24861.54,0.00,0.00,0.00,1800.00,1800.00,0.00,2052.44,0.00
2352,D,Jackie,RAW,No Module,20.40,52611.28,0.00,0.00,0.00,1800.00,1800.00,0.00,2378.00,0.00
2353,D,Goldenglow,电流翻涌,FUN-X: 'Industrious Wings',20.32,0.00,67660.77,0.00,0.00,1800.00,963.33,0.00,1605.00,0.00
2354,D,Archetto,箭矢·散逸,No Module,20.29,91908.00,0.00,0.00,0.00,1250.49,1800.00,0.00,1705.00,0.00
2355,D,Vendela,RAW,INC-X: Broken Rose,20.27,0.00,47040.00,0.00,0.00,1800.00,1710.46,23520.00,1513.00,0.00
2356,D,Pith,“为我所为”,No Module,20.27,0.00,124026.79,0.00,0.00,426.91,848.51,0.00,1760.00,0.00
2357,D,Grani,防御力强化·γ型,CHG-X: Cavalry Policeman Suit,20.26,35280.00,0.00,0.00,0.00,1800.00,1800.00,0.00,2435.00,0.00
2358,D,Fartooth,RAW,DEA-X: First-show Support Set,20.23,116116.21,0.00,0.00,0.00,1800.00,834.99,0.00,1522.00,0.00
2359,D,Roberta,叙拉古式上妆,No Module,20.15,0.00,110566.67,0.00,0.00,1800.00,1357.91,0.00,2470.00,0.00
2360,D,Yato,RAW,No Module,20.15,662.86,0.00,0.00,0.00,1800.00,1800.00,0.00,1030.00,0.00
2361,D,Waai Fu,RAW,EXE-X: The Classic of Hung Mei Wing Chun,20.13,0.00,0.00,0.00,0.00,1800.00,1800.00,0.00,1550.00,0.00
2362,D,Hung,反制治疗,No Module,20.09,27216.67,0.00,0.00,0.00,1800.00,1800.00,14418.78,2823.00,0.00
2363,D,Whislash,RAW,No Module,20.07,51520.00,0.00,0.00,0.00,1800.00,1800.00,0.00,1932.00,0.00
2364,D,Underflow,侵袭破坏应对,No Module,20.03,45604.17,0.00,0.00,0.00,1800.00,1800.00,0.00,3120.00,0.00
2365,D,Magallan,激光开采模块,SUM-Y: Instructional Soaring Dragon Drone,20.03,0.00,59044.00,0.00,0.00,1800.00,1356.14,0.00,1103.00,0.00
2366,D,Magallan,武装打击模块,SUM-Y: Instructional Soaring Dragon Drone,20.03,0.00,59044.00,0.00,0.00,1800.00,1356.14,0.00,1103.00,0.00
2367,D,Projekt Red,RAW,No Module,20.00,0.00,0.00,0.00,0.00,1800.00,1800.00,0.00,1505.00,0.00
2368,D,Projekt Red,RAW,EXE-Y: Mystery Prop Pack,20.00,0.00,0.00,0.00,0.00,1800.00,1800.00,0.00,1505.00,0.00
2369,D,Swire,指挥调度,No Module,19.96,71840.91,0.00,0.00,0.00,1800.00,1800.00,0.00,1914.00,0.00
2370,D,GreyThroat,RAW,MAR-Y: Reflection of a Mother's Love,19.93,83719.08,0.00,0.00,0.00,1800.00,1800.00,0.00,1673.00,0.00
2371,D,Cardigan,RAW,No Module,19.93,2033.33,0.00,0.00,0.00,1800.00,1800.00,0.00,2385.60,0.00
2372,D,Brigid,RAW,LPS-X: 风的颜色,19.93,115016.00,0.00,0.00,0.00,1800.00,1800.00,0.00,2560.00,0.00
2373,D,Sankta Miksaparato,铳骑主考官,SPT-X: 毛刷套装,19.90,59554.44,0.00,0.00,0.00,1800.00,1800.00,0.00,1200.00,0.00
2374,D,Franka,RAW,No Module,19.88,67840.00,0.00,0.00,0.00,1800.00,1800.00,0.00,3768.00,0.00
2375,D,Waai Fu,RAW,No Module,19.87,0.00,0.00,0.00,0.00,1800.00,1800.00,0.00,1455.00,0.00
2376,D,Archetto,箭矢·追猎,MAR-X: Yesterday Once More,19.86,136564.80,0.00,0.00,0.00,1800.00,1800.00,0.00,1865.00,0.00
2377,D,Yukari Takeba,龙卷箭,RAN-X: 命运的奖赏,19.85,0.00,93310.96,0.00,0.00,1099.38,1230.59,0.00,1670.00,0.00
2378,D,Dur-nar,攻击力强化·β型,No Module,19.85,0.00,94086.48,0.00,0.00,1800.00,1128.02,0.00,3007.00,0.00
2379,D,Marcille,才女的实力,No Module,19.84,0.00,92966.53,0.00,0.00,602.79,1224.66,0.00,1805.00,157.18
2380,D,Doc,以暴制暴,No Module,19.83,121173.33,0.00,0.00,0.00,1800.00,1800.00,0.00,2483.04,0.00
2381,D,Timeslot,科技与传统仪式,No Module,19.82,0.00,55491.35,0.00,0.00,1800.00,1260.34,0.00,1450.00,1.50
2382,D,Spot,RAW,No Module,19.79,2666.67,0.00,0.00,0.00,1800.00,1800.00,0.00,1833.00,0.00
2383,D,Cairn,震撼型指路,PRP-X: “降落伞”,19.79,35362.50,0.00,0.00,140492.62,1800.00,380.81,0.00,3833.00,0.00
2384,D,Lancet-2,RAW,No Module,19.79,0.00,0.00,0.00,0.00,1800.00,1800.00,2456.14,1173.00,0.00
2385,D,Tragodia,暗夜回声,No Module,19.74,0.00,10624.00,0.00,324896.00,576.51,112.78,0.00,1200.00,80.00
2386,D,Zuo Le,破虏,No Module,19.71,126684.00,0.00,0.00,0.00,1800.00,1800.00,0.00,5787.00,0.00
2387,D,Timeslot,RAW,No Module,19.71,0.00,31635.69,0.00,0.00,1800.00,1800.00,0.00,1450.00,1.50
2388,D,Bryophyta,RAW,No Module,19.71,46666.67,0.00,0.00,0.00,1800.00,1800.00,0.00,1900.00,0.00
2389,D,Elysium,RAW,No Module,19.69,35272.62,0.00,0.00,0.00,1800.00,1800.00,0.00,1669.00,0.00
2390,D,Brigid,所熟知的,LPS-X: 风的颜色,19.67,245998.13,0.00,0.00,0.00,1209.59,1800.00,0.00,2560.00,0.00
2391,D,Mizuki,RAW,No Module,19.67,30573.71,0.00,0.00,0.00,1800.00,1800.00,0.00,2637.00,0.00
2392,D,Qiubai,留羽,LOR-X: A Weathered Snow Hat,19.66,35038.38,0.00,0.00,0.00,1398.69,1800.00,0.00,2480.00,0.00
2393,D,Morgan,RAW,DRE-X: 'Iron Heart',19.65,77938.00,0.00,0.00,0.00,1800.00,1800.00,0.00,4160.00,0.00
2394,D,Violet Mizutsune Orchid,龙之箭,No Module,19.64,119229.86,0.00,0.00,0.00,1328.15,1800.00,0.00,1788.00,0.00
2395,D,Tachanka,RAW,SWO-X: Machinegun Rack,19.60,122843.08,0.00,0.00,0.00,1800.00,1800.00,0.00,2626.00,0.00
2396,D,Tuye,水流环,PHY-X: Water Still Device,19.60,0.00,0.00,0.00,0.00,1800.00,1800.00,77115.79,2445.00,0.00
2397,D,Jacinta,RAW,No Module,19.57,24861.54,0.00,0.00,0.00,1800.00,1800.00,0.00,1779.31,0.00
2398,D,Executor the Ex Foedere,遗嘱执行,REA-X: Unanswered,19.56,70623.00,0.00,0.00,0.00,273.06,1008.08,0.00,2491.00,0.00
2399,D,Bena,奋力修剪,No Module,19.54,79763.06,0.00,0.00,0.00,1800.00,1800.00,0.00,2135.96,0.00
2400,D,Dobermann,RAW,No Module,19.53,56109.71,0.00,0.00,0.00,1800.00,1800.00,0.00,2024.00,0.00
2401,D,Magallan,激光开采模块,No Module,19.50,0.00,54404.00,0.00,0.00,1800.00,1474.58,0.00,1103.00,0.00
2402,D,Magallan,武装打击模块,No Module,19.50,0.00,54404.00,0.00,0.00,1800.00,1474.58,0.00,1103.00,0.00
2403,D,Aphrissa,连续映射,No Module,19.50,0.00,117770.65,0.00,0.00,298.13,575.87,0.00,1660.00,0.00
2404,D,Degenbrecher,无声的嘲笑,No Module,19.48,64561.15,0.00,0.00,0.00,1800.00,1800.00,0.00,2891.00,0.00
2405,D,Rosa,RAW,No Module,19.48,67680.00,0.00,0.00,0.00,570.55,1140.63,0.00,1755.00,0.00
2406,D,Raidian,环形鳞地,No Module,19.46,0.00,57784.00,0.00,0.00,1800.00,1386.42,0.00,1229.35,37.50
2407,D,Nymph,RAW,No Module,19.43,0.00,0.00,0.00,112000.00,1800.00,423.21,0.00,1650.00,0.00
2408,D,Beanstalk,定点指令,No Module,19.40,9450.00,0.00,0.00,0.00,1800.00,1800.00,0.00,1569.00,0.00
2409,D,Scene,RAW,SUM-X: Improved Lens.P,19.40,0.00,37440.00,0.00,0.00,1800.00,1800.00,0.00,1105.00,0.00
2410,D,Honeyberry,精神护理,WDM-X: 落地之后,19.37,0.00,0.00,0.00,0.00,1800.00,1800.00,53000.00,2087.22,0.00
2411,D,Vendela,RAW,No Module,19.32,0.00,44000.00,0.00,0.00,1800.00,1800.00,22000.00,1370.00,0.00
2412,D,May,麻痹弹,MAR-X: Novice Detective's Gift Bag,19.32,102763.27,0.00,0.00,0.00,1800.00,1800.00,0.00,1632.00,16.67
2413,D,Scene,RAW,No Module,19.26,0.00,34560.00,0.00,0.00,1800.00,1800.00,0.00,1105.00,0.00
2414,D,Windflit,此身为源,No Module,19.25,0.00,129159.00,0.00,0.00,1800.00,1157.72,0.00,2600.00,0.00
2415,D,Goldenglow,电流翻涌,No Module,19.23,0.00,60168.40,0.00,0.00,1800.00,1087.45,0.00,1480.00,0.00
2416,D,Luo Xiaohei,掠光尾影,No Module,19.22,38208.00,0.00,0.00,0.00,1800.00,1800.00,0.00,2040.00,0.00
2417,D,Timeslot,攻击力强化·γ型,FUN-X: 突发性创造思维,19.20,0.00,86815.38,0.00,0.00,1800.00,1266.08,0.00,1540.00,1.50
2418,D,Lessing,强力击·γ型,No Module,19.18,155900.46,0.00,0.00,0.00,1800.00,1259.11,0.00,3682.00,0.00
2419,D,Proviso,纠纷起诉,DEC-X: Deszcz's Graduate Memento,19.13,0.00,77083.79,0.00,0.00,1800.00,1023.99,0.00,1418.00,10.67
2420,D,Ceobe,RAW,No Module,19.12,0.00,62239.10,0.00,0.00,1800.00,1284.85,0.00,1565.00,0.00
2421,D,Earthspirit,攻击力强化·β型,"DEC-Y: Application Forms, To Be Confirmed",19.09,0.00,43115.79,0.00,0.00,1800.00,1800.00,0.00,1335.00,8.00
2422,D,Ascalon,恩赐,AMB-Y: “阿斯卡纶的眼睛”,19.07,45475.79,0.00,0.00,0.00,1410.58,1800.00,0.00,1785.30,0.00
2423,D,Qiubai,留羽,No Module,19.06,28938.46,0.00,0.00,0.00,1784.01,1800.00,0.00,2480.00,0.00
2424,D,Yukari Takeba,RAW,RAN-X: 命运的奖赏,19.00,0.00,72110.48,0.00,0.00,1465.01,1601.95,0.00,1670.00,0.00
2425,D,Ascalon,恩赐,AMB-X: 'Hidden Blade',18.99,44066.74,0.00,0.00,0.00,1800.00,1800.00,0.00,1893.00,0.00
2426,D,Underflow,侵袭破坏应对,SPT-X: 基于咖啡的神经活性剂,18.95,57520.83,0.00,0.00,0.00,1800.00,1800.00,0.00,1830.00,0.00
2427,D,Tecno,关节锁定,SOC-Y: 烧烤店官方优惠章,18.89,0.00,96643.47,0.00,0.00,1800.00,1187.02,0.00,2482.50,0.00
2428,D,FEater,RAW,PUS-Y: Shangshu-Style Homemade Chili Sauce,18.86,28125.00,0.00,0.00,0.00,1800.00,1800.00,0.00,2015.00,0.00
2429,D,Vendela,战术咏唱·γ型,No Module,18.85,0.00,63800.00,0.00,0.00,1800.00,1252.61,31900.00,1370.00,0.00
2430,D,FEater,铁意六合,PUS-Y: Shangshu-Style Homemade Chili Sauce,18.83,28125.00,0.00,0.00,0.00,1800.00,1800.00,0.00,2015.00,0.00
2431,D,Viviana,光影迅捷剑,AFT-Y: “最后一行”,18.81,0.00,150921.20,0.00,0.00,1800.00,715.23,0.00,3220.00,0.00
2432,D,Beagle,RAW,No Module,18.78,1966.67,0.00,0.00,0.00,1800.00,1800.00,0.00,2035.00,0.00
2433,D,Yukari Takeba,龙卷箭,No Module,18.76,0.00,87868.76,0.00,0.00,1176.56,1308.84,0.00,1510.00,0.00
2434,D,Tippi,紧急赶场通知,No Module,18.75,71306.67,0.00,0.00,0.00,1800.00,1800.00,0.00,2368.00,0.00
2435,D,Ling,RAW,SUM-Y: Fond Dream with Poetry,18.73,0.00,43095.20,0.00,0.00,1800.00,1800.00,0.00,1229.00,0.00
2436,D,Ascalon,降临,No Module,18.70,37866.44,0.00,0.00,0.00,1800.00,1800.00,0.00,1752.84,0.00
2437,D,Contrail,RAW,No Module,18.66,50670.93,0.00,0.00,0.00,1800.00,1800.00,0.00,2255.00,0.00
2438,D,Kafka,诡异剪刀,No Module,18.65,52925.23,0.00,0.00,0.00,1800.00,1800.00,0.00,1675.00,0.00
2439,D,Ceobe,“很冰的斧”,"CCR-Y: 'Knife, I Made'",18.62,0.00,171451.87,0.00,0.00,1800.00,648.70,0.00,1685.00,0.00
2440,D,Amiya,奇美拉,No Module,18.59,0.00,102754.80,0.00,0.00,1800.00,1114.46,0.00,2960.00,0.00
2441,D,Wild Mane,RAW,CHG-X: Spear Replacement Suit,18.59,56763.00,0.00,0.00,0.00,1800.00,1800.00,0.00,2225.00,0.00
2442,D,Ceobe,“很热的刀”,CCR-X: 'Really Dry Bread',18.58,0.00,100387.87,0.00,0.00,1800.00,1068.10,0.00,1745.00,0.00
2443,D,Earthspirit,攻击力强化·β型,No Module,18.57,0.00,43115.79,0.00,0.00,1800.00,1800.00,0.00,1205.00,0.87
2444,D,Bibeak,RAW,No Module,18.56,78798.77,0.00,0.00,0.00,1800.00,1800.00,0.00,2550.00,0.00
2445,D,Lappland,狼魂,No Module,18.43,94596.92,0.00,0.00,0.00,1800.00,1800.00,0.00,2350.00,0.00
2446,D,Ayerscarpe,浮游刃启动,No Module,18.40,71257.44,0.00,0.00,0.00,1800.00,1800.00,0.00,2420.00,0.00
2447,D,Ray,脱身矢,No Module,18.35,206364.95,0.00,0.00,0.00,1542.55,803.01,0.00,1933.00,0.00
2448,D,Viviana,光影迅捷剑,AFT-D: 目不能及之处,18.29,0.00,140179.41,0.00,0.00,1800.00,775.15,0.00,3340.00,0.00
2449,D,Arene,小玩笑,LOR-Y: The Book of Arene,18.26,136431.97,0.00,0.00,0.00,1800.00,1800.00,0.00,2435.00,0.00
2450,D,Bobbing,RAW,RIT-X: 社工课程二手教材,18.23,0.00,38480.00,0.00,87542.00,1776.49,424.89,0.00,1305.00,0.00
2451,D,Croissant,自动防御,No Module,18.21,15333.33,0.00,0.00,0.00,1800.00,1800.00,0.00,1200.00,0.00
2452,D,Astesia,星辉剑,No Module,18.21,0.00,95563.78,0.00,0.00,1460.50,1158.82,0.00,2523.00,0.00
2453,D,Grani,RAW,CHG-X: Cavalry Policeman Suit,18.18,35280.00,0.00,0.00,0.00,1800.00,1800.00,0.00,2435.00,0.00
2454,D,La Pluma,RAW,REA-X: Aqua Blue Dawn,18.15,31878.28,0.00,0.00,0.00,704.72,1800.00,0.00,2490.00,0.00
2455,D,Yukari Takeba,RAW,No Module,18.13,0.00,67904.76,0.00,0.00,1564.44,1703.16,0.00,1510.00,0.00
2456,D,FEater,RAW,No Module,18.11,25500.00,0.00,0.00,0.00,1800.00,1800.00,0.00,1845.00,0.00
2457,D,Record Keeper,触类旁通,PHY-X: 未完成的录武簿,18.10,0.00,0.00,0.00,0.00,1800.00,1800.00,72634.47,2550.00,0.00
2458,D,Beanstalk,“大家一起上”,No Module,18.10,9450.00,0.00,0.00,0.00,1800.00,1800.00,0.00,1569.00,0.00
2459,D,Ling,RAW,No Module,18.10,0.00,38975.20,0.00,0.00,1800.00,1800.00,0.00,1079.00,0.00
2460,D,Erato,英雄赞歌,SIE-X: Change of Ways,18.09,123433.06,0.00,0.00,0.00,282.35,393.41,0.00,1778.00,0.00
2461,D,Nowell,RAW,WAH-Y: 致祖父,18.03,0.00,0.00,0.00,0.00,1800.00,1800.00,42920.42,1512.00,0.00
2462,D,Humus,高效处理,REA-X: Badlands Exotic Toolkit,18.00,33663.81,0.00,0.00,0.00,640.74,1800.00,0.00,2350.00,0.00
2463,D,Arene,RAW,No Module,17.97,75716.92,0.00,0.00,0.00,1800.00,1800.00,0.00,2250.00,0.00
2464,D,Toddifons,便携破城矢,No Module,17.97,121375.93,0.00,0.00,0.00,293.06,790.92,0.00,1667.00,0.00
2465,D,Bagpipe,高效冲击,No Module,17.97,73963.01,0.00,0.00,0.00,1800.00,1800.00,0.00,2484.00,0.00
2466,D,Perfumer,精调,RIN-Y: 'Aegean's Kiss',17.96,0.00,0.00,0.00,0.00,1800.00,1800.00,74273.68,1650.00,0.00
2467,D,Castle-3,RAW,No Module,17.94,8240.00,0.00,0.00,0.00,1800.00,1800.00,0.00,1191.00,0.00
2468,D,Thorns the Lodestar,度算浪波,ALC-X: 三面的金币,17.94,0.00,0.00,0.00,0.00,1800.00,1800.00,37969.80,1293.00,-25.00
2469,D,Snegurochka,RAW,AGE-X: 缺角的权限,17.91,36687.60,0.00,0.00,0.00,1800.00,1800.00,0.00,1855.00,0.00
2470,D,Savage,强力击·β型,No Module,17.88,54414.09,0.00,0.00,0.00,295.66,1800.00,0.00,2430.00,0.00
2471,D,Aroma,强效清洁,No Module,17.83,0.00,49651.88,0.00,0.00,829.68,1605.27,0.00,1591.00,225.00
2472,D,Perfumer,治疗强化·β型,No Module,17.75,0.00,0.00,0.00,0.00,1800.00,1800.00,70242.81,1560.00,0.00
2473,D,Archetto,箭矢·追猎,MAR-Y: 'Seeds of Tomorrow',17.71,118348.80,0.00,0.00,0.00,1800.00,1800.00,0.00,1705.00,0.00
2474,D,Whislash,激励艺术,INS-X: Whipsword Wire.L,17.71,98269.01,0.00,0.00,0.00,1800.00,1800.00,0.00,1932.00,0.00
2475,D,Tachanka,RAW,No Module,17.65,98769.23,0.00,0.00,0.00,1800.00,1800.00,0.00,2626.00,0.00
2476,D,Arene,致命恶作剧,No Module,17.62,102750.52,0.00,0.00,0.00,1800.00,1800.00,0.00,2250.00,0.00
2477,D,Jieyun,探前路,ART-Y: Pebbles,17.60,121667.86,0.00,0.00,0.00,414.71,1573.18,0.00,1830.00,0.00
2478,D,Dobermann,鞭策,No Module,17.53,79501.71,0.00,0.00,0.00,1800.00,1800.00,0.00,2024.00,0.00
2479,D,Fiammetta,RAW,No Module,17.53,94385.22,0.00,0.00,0.00,591.89,1800.00,0.00,1935.63,0.00
2480,D,Caper,RAW,LPS-X: 暖意的归宿,17.52,106329.00,0.00,0.00,0.00,1800.00,1800.00,0.00,2380.00,0.00
2481,D,Wild Mane,RAW,No Module,17.51,36120.00,0.00,0.00,0.00,1800.00,1800.00,0.00,2225.00,0.00
2482,D,Grani,RAW,No Module,17.50,35280.00,0.00,0.00,0.00,1800.00,1800.00,0.00,2235.00,0.00
2483,D,Mizuki,囚徒困境,No Module,17.50,56059.71,0.00,0.00,0.00,1780.70,1800.00,0.00,2637.00,0.00
2484,D,Podenco,花香疗法,DEC-X: 'Amaranthine Nursery',17.49,0.00,58141.44,0.00,0.00,1800.00,1355.24,0.00,1273.00,90.00
2485,D,Goldenglow,RAW,FUN-Y: 梦想终将实现,17.48,0.00,61335.85,0.00,0.00,1800.00,885.34,0.00,1480.00,0.00
2486,D,Proviso,纠纷起诉,No Module,17.48,0.00,58060.80,0.00,0.00,1800.00,1371.30,0.00,1298.00,10.67
2487,D,Enforcer,RAW,"PUS-X: Heaven, Here, Now",17.47,35650.00,0.00,0.00,0.00,379.31,1800.00,0.00,2177.00,0.00
2488,D,Silence,医疗无人机,PHY-Y: Emergency Self-Defense Procedures,17.46,0.00,0.00,0.00,0.00,1800.00,1800.00,62178.85,1715.00,42.00
2489,D,Dagda,精准捕杀,No Module,17.36,79147.07,0.00,0.00,0.00,1800.00,1800.00,0.00,3007.20,0.00
2490,D,April,RAW,MAR-Y: Hi-Fi Headset,17.29,50544.00,0.00,0.00,0.00,1800.00,1800.00,0.00,1470.00,0.00
2491,D,Varkáris,奔流,No Module,17.28,71258.13,0.00,0.00,0.00,1391.57,1800.00,0.00,2622.00,0.00
2492,D,Touch,宛如天启,No Module,17.28,0.00,0.00,0.00,0.00,1800.00,1800.00,35368.42,1360.00,0.00
2493,D,Luo Xiaohei,碎金为刃,No Module,17.13,78647.38,0.00,0.00,0.00,1800.00,1800.00,0.00,3060.00,0.00
2494,D,Snegurochka,RAW,No Module,17.08,31852.80,0.00,0.00,0.00,1800.00,1800.00,0.00,1645.00,0.00
2495,D,Skyfire,RAW,SPC-Y: Fire Retardant Treatment,17.04,0.00,58845.29,0.00,0.00,675.22,1360.83,0.00,1620.00,270.00
2496,D,Goldenglow,RAW,FUN-X: 'Industrious Wings',17.01,0.00,46342.99,0.00,0.00,1800.00,1561.09,0.00,1605.00,0.00
2497,D,Beehunter,急速拳,No Module,16.98,105568.55,0.00,0.00,0.00,1800.00,1800.00,0.00,2435.00,0.00
2498,D,Coldshot,RAW,HUN-X: “桀骜”,16.98,159022.88,0.00,0.00,0.00,1800.00,1800.00,0.00,2060.00,0.00
2499,D,Earthspirit,流沙化,"DEC-Y: Application Forms, To Be Confirmed",16.96,0.00,32336.84,0.00,0.00,1800.00,1800.00,0.00,1335.00,8.00
2500,D,Ascalon,恩赐,No Module,16.96,41300.82,0.00,0.00,0.00,1800.00,1800.00,0.00,1623.00,0.00
2501,D,GreyThroat,RAW,No Module,16.94,42650.16,0.00,0.00,0.00,1800.00,1800.00,0.00,1493.00,0.00
2502,D,Luo Xiaohei,RAW,No Module,16.93,48984.62,0.00,0.00,0.00,1800.00,1800.00,0.00,2040.00,0.00
2503,D,Humus,高效处理,No Module,16.91,31952.08,0.00,0.00,0.00,1764.75,1800.00,0.00,2150.00,0.00
2504,D,Kazemaru,RAW,PUM-X: An Old Thing,16.91,76073.33,0.00,0.00,0.00,1800.00,1800.00,0.00,2372.00,0.00
2505,D,Bobbing,RAW,No Module,16.89,0.00,35680.00,0.00,36572.00,1800.00,837.61,0.00,1305.00,0.00
2506,D,Muelsyse,RAW,No Module,16.80,17730.00,0.00,0.00,0.00,1800.00,1800.00,0.00,1813.00,0.00
2507,D,Valarqvin,RAW,No Module,16.77,0.00,40941.62,0.00,45963.67,1800.00,683.05,0.00,1099.00,0.00
2508,D,Morgan,RAW,No Module,16.76,56466.67,0.00,0.00,0.00,1800.00,1800.00,0.00,3810.00,0.00
2509,D,Hellagur,新月,No Module,16.74,162934.50,0.00,0.00,0.00,1800.00,1800.00,0.00,4525.00,0.00
2510,D,La Pluma,RAW,No Module,16.72,24957.69,0.00,0.00,0.00,946.75,1800.00,0.00,2250.00,0.00
2511,D,Savage,微差爆破,No Module,16.69,44735.85,0.00,0.00,0.00,1281.17,1800.00,0.00,2430.00,0.00
2512,D,Glaucus,RAW,DEC-X: Powered Exoskeleton,16.69,0.00,66694.74,0.00,0.00,1800.00,1196.82,0.00,1387.00,0.00
2513,D,Silence,治疗强化·γ型,No Module,16.66,0.00,0.00,0.00,0.00,1800.00,1800.00,44729.60,1595.00,42.00
2514,D,Executor the Ex Foedere,遗嘱执行,No Module,16.66,50134.52,0.00,0.00,0.00,407.09,1800.00,0.00,2491.00,0.00
2515,D,Shaw,RAW,PUS-Y: Customized Firefighting Suit,16.65,23475.00,0.00,0.00,0.00,1800.00,1800.00,0.00,1975.00,0.00
2516,D,Ceobe,“很冰的斧”,CCR-X: 'Really Dry Bread',16.61,0.00,150558.34,0.00,0.00,1800.00,694.93,0.00,1745.00,0.00
2517,D,Blue Poison,RAW,MAR-Y: Standard Color Chart,16.60,47488.00,0.00,0.00,0.00,1800.00,1800.00,0.00,1230.00,0.00
2518,D,Wanqing,RAW,No Module,16.56,23046.15,0.00,0.00,0.00,1800.00,1800.00,0.00,1667.60,0.00
2519,D,Fartooth,RAW,No Module,16.56,65853.63,0.00,0.00,0.00,1800.00,1800.00,0.00,1522.00,0.00
2520,D,Ling,宁作吾,SUM-Y: Fond Dream with Poetry,16.53,0.00,86007.35,0.00,0.00,1800.00,1276.82,0.00,1229.00,0.00
2521,D,Earthspirit,流沙化,No Module,16.52,0.00,32336.84,0.00,0.00,1800.00,1800.00,0.00,1205.00,5.33
2522,D,Tachanka,倾泻弹药,SWO-X: Machinegun Rack,16.47,204231.20,0.00,0.00,0.00,1589.57,1800.00,0.00,2626.00,0.00
2523,D,Papyrus,巧思乍现,No Module,16.47,0.00,0.00,0.00,0.00,1800.00,1800.00,78458.95,1715.00,0.00
2524,D,Gravel,RAW,EXE-X: Covert Action Toolkit,16.45,0.00,0.00,0.00,0.00,1800.00,1800.00,0.00,1555.00,0.00
2525,D,Astesia,星座守护,AFT-Y: 未卜星图,16.43,0.00,110702.59,0.00,0.00,1800.00,676.35,0.00,2523.00,0.00
2526,D,Record Keeper,RAW,No Module,16.38,0.00,0.00,0.00,0.00,1800.00,1800.00,32691.65,1580.00,0.00
2527,D,Miss.Christine,自由用餐礼仪,PRI-X: “黑色”贩卖机,16.35,0.00,82320.00,0.00,52962.00,861.13,385.66,0.00,1404.00,0.00
2528,D,Goldenglow,RAW,No Module,16.33,0.00,41211.23,0.00,0.00,1800.00,1759.48,0.00,1480.00,0.00
2529,D,May,麻痹弹,No Module,16.31,59667.84,0.00,0.00,0.00,1800.00,1800.00,0.00,1632.00,16.67
2530,D,April,RAW,No Module,16.31,41040.00,0.00,0.00,0.00,1800.00,1800.00,0.00,1280.00,0.00
2531,D,Tecno,关节锁定,No Module,16.30,0.00,74606.25,0.00,0.00,1800.00,1547.28,0.00,2482.50,0.00
2532,D,Flamebringer,歃血,No Module,16.29,83384.00,0.00,0.00,0.00,1800.00,1800.00,0.00,6173.06,0.00
2533,D,Brigid,RAW,No Module,16.20,74800.00,0.00,0.00,0.00,1800.00,1800.00,0.00,2350.00,0.00
2534,D,Insider,RAW,MAR-X: 'The First Surprise',16.16,69520.00,0.00,0.00,0.00,1800.00,1800.00,0.00,1600.00,0.00
2535,D,Myrtle,RAW,No Module,16.16,27076.92,0.00,0.00,0.00,1800.00,1800.00,0.00,1845.00,0.00
2536,D,Pedro,RAW,No Module,16.16,0.00,73731.43,0.00,0.00,1800.00,1566.02,0.00,1580.00,0.00
2537,D,Cutter,RAW,SWO-Y: Replaceable Tool Set,16.12,99938.46,0.00,0.00,0.00,1800.00,1800.00,0.00,2470.00,0.00
2538,D,Blue Poison,RAW,No Module,16.10,37600.00,0.00,0.00,0.00,1800.00,1800.00,0.00,1230.00,0.00
2539,D,Provence,狼眼,ARC-X: Tail-Care Suit,16.10,102972.00,0.00,0.00,0.00,1800.00,1800.00,0.00,1680.00,0.00
2540,D,Gravel,RAW,No Module,16.08,0.00,0.00,0.00,0.00,1800.00,1800.00,0.00,1420.00,0.00
2541,D,Archetto,箭矢·追猎,No Module,16.04,97704.00,0.00,0.00,0.00,1800.00,1800.00,0.00,1705.00,0.00
2542,D,Ling,重进酒,SUM-Y: Fond Dream with Poetry,16.02,0.00,69559.00,0.00,0.00,1800.00,1146.18,0.00,1229.00,0.00
2543,D,Ботани,静域回声,RIT-X: 昨日、今日、明日,16.00,0.00,46795.56,0.00,44306.53,1389.03,576.12,0.00,1225.00,0.00
2544,D,Enforcer,RAW,No Module,15.96,27650.00,0.00,0.00,0.00,1630.67,1800.00,0.00,1937.00,0.00
2545,D,FEater,崩拳式,No Module,15.94,43500.00,0.00,0.00,0.00,1449.19,1800.00,0.00,1845.00,0.00
2546,D,Goldenglow,火花四溅,FUN-Y: 梦想终将实现,15.94,0.00,88277.77,0.00,0.00,1800.00,604.52,0.00,1480.00,0.00
2547,D,Frostleaf,RAW,No Module,15.92,39724.14,0.00,0.00,0.00,1800.00,1800.00,0.00,2260.00,0.00
2548,D,Mizuki,唤醒,AMB-X: Entreaty of the Herald,15.91,91086.14,0.00,0.00,0.00,401.06,1480.41,0.00,2967.00,0.00
2549,D,Windflit,此身为筑,No Module,15.90,0.00,137498.40,0.00,0.00,1800.00,1085.49,0.00,2600.00,0.00
2550,D,Podenco,花香疗法,No Module,15.89,0.00,46734.82,0.00,0.00,1800.00,1721.84,0.00,1163.00,90.00
2551,D,Highmore,回首，断舍,REA-X: 'Weighing Anchor',15.86,46661.35,0.00,0.00,0.00,440.06,1800.00,0.00,2420.00,0.00
2552,D,Tomimi,RAW,No Module,15.80,0.00,145200.00,0.00,0.00,1800.00,743.44,0.00,1920.00,0.00
2553,D,Dorothy,危险目标清除,TRP-Y: Story Book,15.78,70829.18,88367.25,0.00,0.00,1377.16,799.08,0.00,1657.00,0.00
2554,D,Proviso,RAW,DEC-X: Deszcz's Graduate Memento,15.78,0.00,50342.64,0.00,0.00,1800.00,1596.14,0.00,1418.00,0.00
2555,D,Cliffheart,锁链勾爪,HOK-X: 'Reach the Top',15.75,94523.64,0.00,0.00,0.00,1800.00,1800.00,0.00,1970.00,0.00
2556,D,Corroserum,传导蚀滞弹,No Module,15.74,0.00,50317.24,0.00,0.00,816.65,1596.96,0.00,1572.00,22.84
2557,D,Вий,“以鲜血洗去”,MSC-Y: 军械库,15.72,0.00,137841.44,0.00,0.00,1800.00,784.97,0.00,1690.00,0.00
2558,D,Pozëmka,点题,ARC-Y: Typewriter Ribbon,15.68,169330.38,0.00,0.00,0.00,1800.00,931.99,0.00,1972.00,0.00
2559,D,Cairn,震撼型指路,No Module,15.68,35362.50,0.00,0.00,58080.75,1800.00,1063.21,0.00,3483.00,0.00
2560,D,Caper,乐趣加倍,LPS-X: 暖意的归宿,15.67,155421.12,0.00,0.00,0.00,1800.00,1800.00,0.00,2380.00,0.00
2561,D,Caper,RAW,No Module,15.66,89700.00,0.00,0.00,0.00,1800.00,1800.00,0.00,2200.00,0.00
2562,D,Fang,RAW,No Module,15.64,2142.86,0.00,0.00,0.00,1800.00,1800.00,0.00,1325.00,0.00
2563,D,Heavyrain,群体迷彩,No Module,15.63,14300.00,0.00,0.00,0.00,1800.00,1800.00,0.00,1649.00,0.00
2564,D,Greyy the Lightningbearer,晨曦信标,BOM-X: Experimental ECU Prototype,15.59,90822.11,0.00,0.00,0.00,619.88,1800.00,0.00,1970.00,5.33
2565,D,Vanilla,RAW,No Module,15.59,7148.57,0.00,0.00,0.00,1800.00,1800.00,0.00,1270.00,0.00
2566,D,Grain Buds,RAW,DEC-X: On the Field,15.57,0.00,48807.07,0.00,0.00,1800.00,1647.37,0.00,1380.00,0.00
2567,D,Вий,RAW,MSC-Y: 军械库,15.56,0.00,113546.40,0.00,0.00,1800.00,960.20,0.00,1690.00,0.00
2568,D,Ashlock,专注轰击,No Module,15.53,36124.08,0.00,0.00,0.00,593.49,1800.00,0.00,3207.00,0.00
2569,D,Nowell,RAW,No Module,15.50,0.00,0.00,0.00,0.00,1800.00,1800.00,35631.16,1367.00,0.00
2570,D,Ascalon,RAW,AMB-X: 'Hidden Blade',15.48,19998.00,0.00,0.00,0.00,1800.00,1800.00,0.00,1893.00,0.00
2571,D,Bison,防御力强化·γ型,PRO-X: 'The Journey Thus Far',15.48,13750.00,0.00,0.00,0.00,1800.00,1800.00,0.00,1200.00,0.00
2572,D,Glaucus,RAW,No Module,15.46,0.00,52732.63,0.00,0.00,1800.00,1522.34,0.00,1267.00,0.00
2573,D,Kazemaru,RAW,No Module,15.45,52266.67,0.00,0.00,0.00,1800.00,1800.00,0.00,2372.00,0.00
2574,D,Beeswax,RAW,PLX-X: 'Beeswax's Blessing',15.43,0.00,0.00,0.00,0.00,1800.00,1800.00,0.00,4585.05,0.00
2575,D,Mulberry,治愈云雾,No Module,15.41,0.00,0.00,0.00,0.00,1800.00,1800.00,46845.89,1367.00,0.00
2576,D,Timeslot,攻击力强化·γ型,No Module,15.35,0.00,46281.85,0.00,0.00,1800.00,1517.61,0.00,1450.00,1.50
2577,D,Viviana,光影迅捷剑,No Module,15.32,0.00,128266.14,0.00,0.00,1800.00,853.29,0.00,2920.00,0.00
2578,D,Meteor,RAW,MAR-X: Hunter's Knife,15.28,74760.00,0.00,0.00,0.00,1800.00,1800.00,0.00,1550.00,0.00
2579,D,May,RAW,MAR-X: Novice Detective's Gift Bag,15.26,70858.31,0.00,0.00,0.00,1800.00,1800.00,0.00,1632.00,0.00
2580,D,Morgan,街头好手,No Module,15.25,89408.67,0.00,0.00,0.00,1800.00,1800.00,0.00,4267.20,0.00
2581,D,Lutonada,RAW,No Module,15.25,70437.50,0.00,0.00,0.00,1800.00,1800.00,0.00,4189.00,0.00
2582,D,Fuze,霰射炸药,No Module,15.21,41063.40,0.00,0.00,0.00,1195.88,1800.00,0.00,2660.00,0.00
2583,D,Ascalon,RAW,AMB-Y: “阿斯卡纶的眼睛”,15.11,20761.71,0.00,0.00,0.00,1800.00,1800.00,0.00,1785.30,0.00
2584,D,Warfarin,RAW,No Module,15.11,0.00,0.00,0.00,0.00,1800.00,1800.00,28350.88,1520.00,0.00
2585,D,Kafka,怪异魔方,EXE-Y: Rubik's Cube Pendant,15.10,48008.40,0.00,0.00,0.00,1449.59,1800.00,0.00,1795.00,0.00
2586,D,Bison,防御力强化·γ型,No Module,15.06,13750.00,0.00,0.00,0.00,1800.00,1800.00,0.00,1200.00,0.00
2587,D,Almond,强力牵引,HOK-X: 'Capstone Project',15.05,41700.74,0.00,0.00,0.00,1800.00,1800.00,0.00,2410.00,0.00
2588,D,Wulfenite,“顽石专用”,TRP-Y: 矿石展览柜,15.04,77423.53,0.00,0.00,0.00,1593.20,1800.00,0.00,1450.00,0.00
2589,D,Touch,慨赠,No Module,14.98,0.00,0.00,0.00,0.00,1800.00,1800.00,35368.42,1360.00,0.00
2590,D,Thorns the Lodestar,度算浪波,No Module,14.96,0.00,0.00,0.00,0.00,1800.00,1800.00,28268.40,1173.00,-25.00
2591,D,Вий,“自呼号生发”,MSC-Y: 军械库,14.96,0.00,155015.52,0.00,0.00,1800.00,694.16,0.00,1690.00,0.00
2592,D,Liskarm,充能防御,SPT-X: Stunner's Storage,14.95,33925.00,0.00,0.00,0.00,1800.00,1800.00,0.00,1200.00,0.00
2593,D,Ling,宁作吾,No Module,14.87,0.00,77784.85,0.00,0.00,1800.00,1415.24,0.00,1079.00,0.00
2594,D,Vigil,RAW,TAC-Y: 时光不再,14.86,76032.00,0.00,0.00,0.00,1800.00,1800.00,0.00,1905.00,0.00
2595,D,Myrrh,RAW,No Module,14.82,0.00,0.00,0.00,0.00,1800.00,1800.00,41768.42,1420.00,0.00
2596,D,Provence,狼眼,No Module,14.82,89352.12,0.00,0.00,0.00,1800.00,1800.00,0.00,1680.00,0.00
2597,D,Warfarin,不稳定血浆,PHY-X: Emergency Reserves,14.82,0.00,0.00,0.00,0.00,1800.00,1800.00,60450.78,2448.00,0.00
2598,D,Closure,RAW,TAC-X: 给自己的小奖杯,14.81,24408.00,0.00,0.00,0.00,1800.00,1800.00,0.00,1942.00,0.00
2599,D,Dorothy,危险目标清除,TRP-X: 梦中人,14.81,66601.41,85432.48,0.00,0.00,1448.72,827.70,0.00,1502.00,0.00
2600,D,Proviso,RAW,No Module,14.79,0.00,38707.20,0.00,0.00,1800.00,1800.00,0.00,1298.00,0.00
2601,D,Blacknight,安眠,No Module,14.78,16688.16,0.00,0.00,0.00,1800.00,1800.00,0.00,1625.00,0.00
2602,D,Aphrissa,RAW,BLA-Y: 第三相态,14.76,0.00,108039.72,0.00,0.00,503.28,990.08,0.00,1860.00,0.00
2603,D,Grain Buds,RAW,No Module,14.72,0.00,39612.63,0.00,0.00,1800.00,1800.00,0.00,1260.00,0.00
2604,D,Highmore,回首，断舍,No Module,14.63,44561.63,0.00,0.00,0.00,462.41,1800.00,0.00,2120.00,0.00
2605,D,Ling,重进酒,No Module,14.58,0.00,62909.00,0.00,0.00,1800.00,1270.82,0.00,1079.00,0.00
2606,D,Skyfire,RAW,No Module,14.56,0.00,40832.88,0.00,0.00,1041.76,1800.00,0.00,1620.00,270.00
2607,D,Perfumer,精调,No Module,14.51,0.00,0.00,0.00,0.00,1800.00,1800.00,66021.05,1560.00,0.00
2608,D,Insider,RAW,No Module,14.51,48840.00,0.00,0.00,0.00,1800.00,1800.00,0.00,1440.00,0.00
2609,D,Liskarm,充能防御,No Module,14.50,23958.33,0.00,0.00,0.00,1800.00,1800.00,0.00,1200.00,0.00
2610,D,Glaucus,双线装填,DEC-X: Powered Exoskeleton,14.47,0.00,82442.11,0.00,0.00,1722.44,950.79,0.00,1387.00,0.00
2611,D,Jackie,全神贯注！,FGT-X: D32 Steel Chair,14.42,75330.06,0.00,0.00,0.00,1800.00,1800.00,0.00,2518.00,0.00
2612,D,Waai Fu,寸劲,EXE-X: The Classic of Hung Mei Wing Chun,14.39,68017.38,0.00,0.00,0.00,1800.00,1800.00,0.00,1550.00,0.00
2613,D,Myrrh,二重治疗,PHY-X: 'Brevity of Life',14.37,0.00,0.00,0.00,0.00,1800.00,1800.00,74865.00,2280.00,0.00
2614,D,Shaw,RAW,No Module,14.34,21000.00,0.00,0.00,0.00,1800.00,1800.00,0.00,1785.00,0.00
2615,D,Ascalon,RAW,No Module,14.32,18498.86,0.00,0.00,0.00,1800.00,1800.00,0.00,1623.00,0.00
2616,D,Bibeak,飞针剑羽,SWO-X: A Well-Made Shirt,14.30,186606.84,0.00,0.00,0.00,1800.00,1800.00,0.00,2550.00,0.00
2617,D,Alliance/Supportive Operator,战术咏唱·双型,RIT-X: 盟约·辅助干员证章,14.30,0.00,52143.70,0.00,40974.39,1285.87,598.89,0.00,1232.00,0.00
2618,D,Astesia,RAW,AFT-Y: 未卜星图,14.21,0.00,88562.07,0.00,0.00,1800.00,862.08,0.00,2523.00,0.00
2619,D,Insider,“解决麻烦”,MAR-X: 'The First Surprise',14.20,161468.27,0.00,0.00,0.00,1629.03,1800.00,0.00,1600.00,0.00
2620,D,Вий,RAW,No Module,14.18,0.00,104640.80,0.00,0.00,1800.00,1044.77,0.00,1500.00,0.00
2621,D,Ботани,RAW,RIT-X: 昨日、今日、明日,14.18,0.00,38996.30,0.00,34315.88,1800.00,730.99,0.00,1225.00,0.00
2622,D,Almond,强力牵引,No Module,14.13,41700.74,0.00,0.00,0.00,1800.00,1800.00,0.00,2130.00,0.00
2623,D,Almond,磁力抓取,HOK-X: 'Capstone Project',14.12,48603.38,0.00,0.00,0.00,1800.00,1800.00,0.00,2410.00,0.00
2624,D,Toddifons,信号矢,No Module,14.05,111016.00,0.00,0.00,0.00,318.95,971.81,0.00,1667.00,0.00
2625,D,Closure,RAW,No Module,14.04,17928.00,0.00,0.00,0.00,1800.00,1800.00,0.00,1762.00,0.00
2626,D,Coldshot,RAW,No Module,14.02,133944.25,0.00,0.00,0.00,1800.00,1800.00,0.00,1855.00,0.00
2627,D,Cliffheart,锁链勾爪,No Module,13.99,69871.57,0.00,0.00,0.00,1800.00,1800.00,0.00,1970.00,0.00
2628,D,Firewhistle,焦土,FOR-X: 'Footprints Growing',13.98,34893.00,0.00,0.00,0.00,616.32,1800.00,0.00,2983.00,0.00
2629,D,Mousse,炸毛,AFT-X: 美爪套装二象性,13.91,0.00,94803.61,0.00,0.00,1800.00,1429.18,0.00,2565.00,0.00
2630,D,Gavial,活力再生,No Module,13.90,0.00,0.00,0.00,0.00,1800.00,1800.00,46951.58,2370.00,36.00
2631,D,Honeyberry,精神护理,No Module,13.81,0.00,0.00,0.00,0.00,1800.00,1800.00,40789.47,1632.96,0.00
2632,D,Pith,RAW,SPC-X: Pith证章,13.71,0.00,92483.79,0.00,0.00,606.57,1149.36,0.00,1950.00,0.00
2633,D,Ботани,静域回声,No Module,13.68,0.00,41047.44,0.00,40103.54,1576.64,648.64,0.00,1092.00,0.00
2634,D,Meteor,RAW,No Module,13.65,56160.00,0.00,0.00,0.00,1800.00,1800.00,0.00,1370.00,0.00
2635,D,Ebenholz,RAW,MSC-Y: 'Theory Expositor',13.65,0.00,165227.40,0.00,0.00,1800.00,680.19,0.00,1853.00,0.00
2636,D,Ceobe,“很热的刀”,No Module,13.62,0.00,56563.41,0.00,0.00,1800.00,1417.04,0.00,1565.00,0.00
2637,D,Whisperain,RAW,No Module,13.60,0.00,0.00,0.00,0.00,1800.00,1800.00,27621.05,1432.00,0.00
2638,D,Diamante,镭射穿凿,PRI-X: 凡石,13.59,0.00,0.00,0.00,138000.00,1610.30,336.16,0.00,1389.00,0.00
2639,D,Kirara,锚点捕捉,No Module,13.56,42685.71,0.00,0.00,0.00,1800.00,1800.00,0.00,4984.00,0.00
2640,D,Provence,RAW,ARC-X: Tail-Care Suit,13.54,102972.00,0.00,0.00,0.00,1800.00,1800.00,0.00,1680.00,0.00
2641,D,Ботани,RAW,No Module,13.51,0.00,34206.20,0.00,31100.21,1800.00,821.56,0.00,1092.00,0.00
2642,D,Miss.Christine,狂饮之宴,PRI-X: “黑色”贩卖机,13.50,0.00,70728.00,0.00,42000.00,611.13,484.32,0.00,1404.00,0.00
2643,D,GreyThroat,回流,MAR-Y: Reflection of a Mother's Love,13.50,114247.58,0.00,0.00,0.00,1800.00,1800.00,0.00,1673.00,0.00
2644,D,Pozëmka,点题,No Module,13.46,152582.62,0.00,0.00,0.00,1800.00,1046.97,0.00,1802.00,0.00
2645,D,Dorothy,危险目标清除,No Module,13.40,55081.41,77435.68,0.00,0.00,1682.66,916.69,0.00,1502.00,0.00
2646,D,May,RAW,No Module,13.37,37366.27,0.00,0.00,0.00,1800.00,1800.00,0.00,1632.00,0.00
2647,D,Diamante,镭射穿凿,No Module,13.36,0.00,0.00,0.00,138000.00,1610.30,336.16,0.00,1309.00,0.00
2648,D,Ju,RAW,SIE-X: 田间吓兽人,13.32,84241.67,0.00,0.00,0.00,643.00,1800.00,0.00,2595.00,0.00
2649,D,Wulfenite,“顽石专用”,No Module,13.31,65678.43,0.00,0.00,0.00,1800.00,1800.00,0.00,1450.00,0.00
2650,D,Вий,“以鲜血洗去”,No Module,13.29,0.00,127030.35,0.00,0.00,1800.00,854.69,0.00,1500.00,0.00
2651,D,Cutter,RAW,No Module,13.28,66707.69,0.00,0.00,0.00,1800.00,1800.00,0.00,2320.00,0.00
2652,D,Jessica,RAW,MAR-Y: Jessica's Order,13.25,51201.28,0.00,0.00,0.00,1800.00,1800.00,0.00,1320.00,0.00
2653,D,Kirara,RAW,No Module,13.23,42685.71,0.00,0.00,0.00,1800.00,1800.00,0.00,2848.00,0.00
2654,D,Skyfire,攻击力强化·γ型,No Module,13.22,0.00,61249.32,0.00,0.00,643.22,1306.14,0.00,1620.00,270.00
2655,D,Humus,RAW,REA-X: Badlands Exotic Toolkit,13.22,23261.54,0.00,0.00,0.00,1026.76,1800.00,0.00,2350.00,0.00
2656,D,Waai Fu,寸劲,No Module,13.19,56823.40,0.00,0.00,0.00,1800.00,1800.00,0.00,1455.00,0.00
2657,D,Almond,磁力抓取,No Module,13.19,48603.38,0.00,0.00,0.00,1800.00,1800.00,0.00,2130.00,0.00
2658,D,Bubble,防御力强化·β型,PRO-X: Bubble's Shining Sword,13.13,13416.67,0.00,0.00,0.00,1800.00,1800.00,0.00,1200.00,0.00
2659,D,Pith,“书我所书”,SPC-X: Pith证章,13.08,0.00,115974.68,0.00,0.00,462.63,890.62,0.00,1950.00,0.00
2660,D,Vermeil,RAW,MAR-X: 'Still Alive',13.01,42816.00,0.00,0.00,0.00,1800.00,1800.00,0.00,1400.00,0.00
2661,D,Astesia,RAW,No Module,12.94,0.00,70963.20,0.00,0.00,1800.00,1744.40,0.00,2523.00,0.00
2662,D,Goldenglow,火花四溅,FUN-X: 'Industrious Wings',12.86,0.00,67583.53,0.00,0.00,1800.00,1060.16,0.00,1605.00,0.00
2663,D,Alliance/Supportive Operator,RAW,RIT-X: 盟约·辅助干员证章,12.79,0.00,31990.00,0.00,35029.05,1800.00,782.00,0.00,1232.00,0.00
2664,D,Mitm,RAW,TAC-Y: 内敛锋芒,12.79,23236.50,0.00,0.00,0.00,1800.00,1800.00,0.00,1520.00,0.00
2665,D,Carnelian,RAW,No Module,12.77,0.00,0.00,0.00,0.00,1800.00,1800.00,0.00,2106.00,0.00
2666,D,Carnelian,RAW,PLX-Y: Always Have Your Back,12.77,0.00,0.00,0.00,0.00,1800.00,1800.00,0.00,2106.00,0.00
2667,E,Ju,良翼难乘,No Module,12.76,101062.50,0.00,0.00,0.00,516.64,1800.00,0.00,2400.00,0.00
2668,E,Bubble,防御力强化·β型,No Module,12.71,13416.67,0.00,0.00,0.00,1800.00,1800.00,0.00,1200.00,0.00
2669,E,Aurora,RAW,No Module,12.70,112687.50,0.00,0.00,0.00,1800.00,1800.00,0.00,5436.45,0.00
2670,E,Fiammetta,“你须愧悔”,No Module,12.70,140674.74,0.00,0.00,0.00,368.78,1324.25,0.00,1935.63,0.00
2671,E,Gavial,活力再生·广域,No Module,12.67,0.00,0.00,0.00,0.00,1800.00,1800.00,51284.21,2370.00,36.00
2672,E,Mizuki,唤醒,No Module,12.64,81209.66,0.00,0.00,0.00,1406.70,1800.00,0.00,2637.00,0.00
2673,E,Rosa,雪崩击,No Module,12.56,71349.33,0.00,0.00,0.00,534.87,1049.66,0.00,1755.00,15.79
2674,E,Вий,“自呼号生发”,No Module,12.54,0.00,142857.44,0.00,0.00,1800.00,756.20,0.00,1500.00,0.00
2675,E,Provence,RAW,No Module,12.51,89352.12,0.00,0.00,0.00,1800.00,1800.00,0.00,1680.00,0.00
2676,E,Laios,威吓战法,No Module,12.46,93032.00,0.00,0.00,0.00,1800.00,1800.00,0.00,3868.00,0.00
2677,E,Executor,RAW,RPR-X: 执行者随身包,12.46,129696.00,0.00,0.00,0.00,405.50,1579.53,0.00,2330.00,0.00
2678,E,Jackie,全神贯注！,No Module,12.46,61209.78,0.00,0.00,0.00,1800.00,1800.00,0.00,2378.00,0.00
2679,E,Humus,RAW,No Module,12.45,21876.92,0.00,0.00,0.00,1800.00,1800.00,0.00,2150.00,0.00
2680,E,Grani,防御力强化·γ型,No Module,12.44,35280.00,0.00,0.00,0.00,1800.00,1800.00,0.00,2235.00,0.00
2681,E,Ch'en the Holungday,RAW,RPR-X: 沙滩战斗套装,12.43,74809.95,0.00,0.00,0.00,784.40,1800.00,0.00,2501.00,0.00
2682,E,Cuora,防御力强化·β型,PRO-X: Super Baseball Suit,12.43,12458.33,0.00,0.00,0.00,1800.00,1800.00,0.00,1200.00,0.00
2683,E,Arene,小玩笑,No Module,12.39,97306.26,0.00,0.00,0.00,1800.00,1800.00,0.00,2250.00,0.00
2684,E,Alliance/Supportive Operator,战术咏唱·双型,No Module,12.37,0.00,48720.70,0.00,34874.16,1448.87,678.15,0.00,1100.00,0.00
2685,E,Sussurro,RAW,No Module,12.33,0.00,0.00,0.00,0.00,1800.00,1800.00,33697.68,1345.00,0.00
2686,E,Whislash,激励艺术,No Module,12.32,55936.00,0.00,0.00,0.00,1800.00,1800.00,0.00,1932.00,0.00
2687,E,Kazemaru,纸艺·迅击,PUM-X: An Old Thing,12.31,172414.20,0.00,0.00,0.00,1260.60,1181.25,0.00,2609.20,0.00
2688,E,Firewhistle,焦土,No Module,12.30,22676.14,0.00,0.00,0.00,1057.11,1800.00,0.00,2983.00,0.00
2689,E,Erato,RAW,SIE-X: Change of Ways,12.30,77736.67,0.00,0.00,0.00,483.59,652.44,0.00,1778.00,0.00
2690,E,Jessica,RAW,No Module,12.27,31360.00,0.00,0.00,0.00,1800.00,1800.00,0.00,1320.00,0.00
2691,E,Alliance/Supportive Operator,RAW,No Module,12.26,0.00,29890.00,0.00,30637.25,1800.00,876.40,0.00,1100.00,0.00
2692,E,Kirara,锚击,AMB-X: We Will Survive 3 Online,12.21,53857.71,0.00,0.00,0.00,1541.82,1800.00,0.00,4853.00,0.00
2693,E,Rangers,RAW,No Module,12.20,9315.00,0.00,0.00,0.00,1800.00,1800.00,0.00,1134.00,0.00
2694,E,Kafka,怪异魔方,No Module,12.19,25751.71,0.00,0.00,0.00,1800.00,1800.00,0.00,1675.00,0.00
2695,E,Doc,激素手枪,No Module,12.16,75733.33,0.00,0.00,0.00,1800.00,1800.00,0.00,2483.04,0.00
2696,E,Cuora,防御力强化·β型,No Module,12.15,12458.33,0.00,0.00,0.00,1800.00,1800.00,0.00,1200.00,0.00
2697,E,Astesia,星座守护,No Module,12.14,0.00,88704.00,0.00,0.00,1800.00,1513.52,0.00,2523.00,0.00
2698,E,Caper,乐趣加倍,No Module,12.07,134136.00,0.00,0.00,0.00,1800.00,1800.00,0.00,2200.00,0.00
2699,E,Greyy the Lightningbearer,晨曦信标,No Module,12.06,73118.69,0.00,0.00,0.00,806.17,1800.00,0.00,1730.00,5.33
2700,E,Vermeil,RAW,No Module,11.97,29600.00,0.00,0.00,0.00,1800.00,1800.00,0.00,1230.00,0.00
2701,E,Vigil,RAW,No Module,11.97,32580.00,0.00,0.00,0.00,1800.00,1800.00,0.00,1755.00,0.00
2702,E,Bryophyta,强力击·β型,INS-X: Sobremesa,11.88,122823.35,0.00,0.00,0.00,1580.76,1646.67,0.00,2090.00,0.00
2703,E,Cement,结构加固,HES-X: Engineering Recorder,11.82,109106.25,0.00,0.00,0.00,1800.00,1800.00,0.00,4496.30,0.00
2704,E,Leizi,初雷,CHA-X: 'All the Thunderlight',11.79,0.00,68994.71,0.00,0.00,730.52,1155.82,0.00,1548.00,5.33
2705,E,Tachanka,倾泻弹药,No Module,11.79,167008.14,0.00,0.00,0.00,1800.00,1800.00,0.00,2626.00,0.00
2706,E,Rockrock,自负此轭,FUN-X: Unnamed Drone,11.75,0.00,77523.54,0.00,0.00,1800.00,1025.01,0.00,1548.00,0.00
2707,E,Jackie,给你一拳！,FGT-X: D32 Steel Chair,11.73,119095.77,0.00,0.00,0.00,1800.00,1800.00,0.00,2518.00,0.00
2708,E,Shaw,高压水炮,PUS-Y: Customized Firefighting Suit,11.68,29359.80,0.00,0.00,0.00,1800.00,1800.00,0.00,1975.00,0.00
2709,E,Toddifons,RAW,No Module,11.64,75400.00,0.00,0.00,0.00,501.38,1800.00,0.00,1667.00,0.00
2710,E,Wild Mane,夹枪冲锋,No Module,11.61,56952.00,0.00,0.00,0.00,1800.00,1800.00,0.00,2225.00,0.00
2711,E,Leizi,RAW,CHA-X: 'All the Thunderlight',11.57,0.00,45242.43,0.00,0.00,1194.15,1779.70,0.00,1548.00,5.33
2712,E,Miss.Christine,自由用餐礼仪,No Module,11.53,0.00,64098.12,0.00,47583.05,1074.73,466.65,0.00,1324.00,0.00
2713,E,Jieyun,RAW,ART-Y: Pebbles,11.45,79750.00,0.00,0.00,0.00,687.43,1800.00,0.00,1830.00,0.00
2714,E,Shaw,水蒸气泵,PUS-Y: Customized Firefighting Suit,11.44,27888.60,0.00,0.00,0.00,1800.00,1800.00,0.00,1975.00,0.00
2715,E,Podenco,RAW,DEC-X: 'Amaranthine Nursery',11.40,0.00,45911.04,0.00,0.00,1800.00,1753.31,0.00,1273.00,0.00
2716,E,Ling,笑鸣瑟,SUM-Y: Fond Dream with Poetry,11.40,0.00,103145.67,0.00,0.00,1800.00,1110.11,0.00,1843.50,0.00
2717,E,Valarqvin,我见枯朽之后,No Module,11.37,0.00,48594.26,0.00,50335.24,1800.00,601.56,0.00,1099.00,0.00
2718,E,Frost,击倒猎物,TRP-Y: Metallic Spring Loaded Trap,11.32,126793.08,0.00,0.00,0.00,1764.85,1800.00,0.00,1359.00,0.00
2719,E,Glaucus,双线装填,No Module,11.32,0.00,63718.60,0.00,0.00,1800.00,1254.25,0.00,1267.00,0.00
2720,E,Firewhistle,野火,FOR-X: 'Footprints Growing',11.30,44483.05,0.00,0.00,0.00,463.29,1800.00,0.00,2983.00,0.00
2721,E,Rathalos S Noir Corne,RAW,No Module,11.30,91390.50,0.00,0.00,0.00,1800.00,1800.00,0.00,3518.00,0.00
2722,E,Goldenglow,火花四溅,No Module,11.29,0.00,60099.71,0.00,0.00,1800.00,1196.30,0.00,1480.00,0.00
2723,E,Ceylon,RAW,No Module,11.27,0.00,0.00,0.00,0.00,1800.00,1800.00,28506.95,1455.00,0.00
2724,E,Grain Buds,乡音沉沉,DEC-X: On the Field,11.22,0.00,69461.11,0.00,0.00,1454.93,1124.88,0.00,1380.00,0.00
2725,E,Warfarin,紧急包扎,PHY-X: Emergency Reserves,11.20,0.00,0.00,0.00,0.00,1800.00,1800.00,51229.47,2800.00,0.00
2726,E,Vermeil,攻击力强化·β型,MAR-X: 'Still Alive',11.19,81991.53,0.00,0.00,0.00,1800.00,1800.00,0.00,1400.00,0.00
2727,E,Akafuyu,RAW,No Module,11.11,82033.33,0.00,0.00,0.00,1800.00,1800.00,0.00,3635.00,0.00
2728,E,Bubble,“挨打”,PRO-X: Bubble's Shining Sword,11.05,13416.67,0.00,0.00,0.00,1800.00,1800.00,0.00,1200.00,0.00
2729,E,Ch'en the Holungday,“假日风暴”,No Module,10.83,26241.60,0.00,0.00,0.00,547.74,1800.00,0.00,2501.00,0.00
2730,E,Chestnut,积微成著,WDM-X: 地上巡旅纪念灯,10.77,0.00,0.00,0.00,0.00,1800.00,1800.00,45575.44,1207.00,0.00
2731,E,Pedro,交替撤离,No Module,10.74,0.00,95359.31,0.00,0.00,1800.00,1203.45,0.00,2370.00,0.00
2732,E,Pinecone,电能过载,No Module,10.69,148756.00,0.00,0.00,0.00,345.23,694.84,0.00,2200.00,0.00
2733,E,Bubble,“挨打”,No Module,10.62,13416.67,0.00,0.00,0.00,1800.00,1800.00,0.00,1200.00,0.00
2734,E,Dobermann,强力击·β型,INS-Y: Military Telescope,10.62,120936.62,0.00,0.00,0.00,1800.00,1800.00,0.00,2104.00,0.00
2735,E,Midnight,RAW,No Module,10.62,17767.38,0.00,0.00,0.00,1800.00,1800.00,0.00,1653.00,0.00
2736,E,Podenco,RAW,No Module,10.61,0.00,36791.24,0.00,0.00,1800.00,1800.00,0.00,1163.00,0.00
2737,E,Mostima,荒时之锁,SPC-Y: Home of 'Black Lock' and 'White Key',10.59,0.00,66249.80,0.00,0.00,905.79,1744.28,0.00,1831.00,1.20
2738,E,Gitano,命运,SPC-X: Travel Kit for the Fortune-Teller,10.49,0.00,109107.56,0.00,0.00,497.47,1047.63,0.00,2656.96,78.26
2739,E,Leizi,攻击力强化·γ型,CHA-X: 'All the Thunderlight',10.49,0.00,67863.65,0.00,0.00,745.35,1175.64,0.00,1548.00,5.33
2740,E,Chilchuck,开锁工具,AGE-X: 原版开锁工具,10.31,50076.00,0.00,0.00,0.00,1800.00,1800.00,0.00,2180.00,0.00
2741,E,Tecno,RAW,SOC-Y: 烧烤店官方优惠章,10.30,0.00,55224.84,0.00,0.00,1800.00,1452.18,0.00,1655.00,0.00
2742,E,Ebenholz,RAW,MSC-X: Originium Dice Case,10.27,0.00,137217.08,0.00,0.00,1800.00,826.10,0.00,1678.00,0.00
2743,E,Astgenne,RAW,CHA-Y: Unassembled Clock,10.26,0.00,58181.01,0.00,0.00,1286.83,1800.00,0.00,1560.00,3.33
2744,E,Vermeil,双弦开弓,MAR-X: 'Still Alive',10.22,68458.16,0.00,0.00,0.00,1800.00,1800.00,0.00,1400.00,0.00
2745,E,Beanstalk,RAW,TAC-Y: All-You-Crabs-Eat,10.19,36855.00,0.00,0.00,0.00,1800.00,1800.00,0.00,1709.00,0.00
2746,E,Totter,RAW,SIE-X: Snow Globe,10.19,92125.00,0.00,0.00,0.00,395.81,1562.64,0.00,1550.00,0.00
2747,E,Ceobe,“很冰的斧”,No Module,10.17,0.00,84831.90,0.00,0.00,1800.00,926.06,0.00,1565.00,0.00
2748,E,Brigid,所熟知的,No Module,10.14,166906.67,0.00,0.00,0.00,1800.00,1800.00,0.00,2350.00,0.00
2749,E,Utage,分神,No Module,10.14,98250.00,0.00,0.00,0.00,1800.00,1800.00,0.00,5280.00,0.00
2750,E,Amiya,RAW,CCR-Y: DWDB-221E,10.08,0.00,52960.00,0.00,0.00,1800.00,1515.66,0.00,1630.00,0.00
2751,E,Cutter,红移,SWO-Y: Replaceable Tool Set,9.96,170036.81,0.00,0.00,0.00,1800.00,1800.00,0.00,2470.00,0.00
2752,E,Meteorite,RAW,ART-Y: Tag of Nameless,9.96,105485.71,0.00,0.00,0.00,337.89,915.25,0.00,1685.00,0.00
2753,E,Miss.Christine,RAW,PRI-X: “黑色”贩卖机,9.94,0.00,67200.00,0.00,42000.00,1795.23,499.96,0.00,1404.00,0.00
2754,E,Tuye,水流环,No Module,9.90,0.00,0.00,0.00,0.00,1800.00,1800.00,58987.02,1550.00,0.00
2755,E,Pith,RAW,No Module,9.87,0.00,72235.86,0.00,0.00,817.93,1480.70,0.00,1760.00,0.00
2756,E,Mostima,攻击力强化·γ型,SPC-X: 资深万国信使定制斗篷,9.85,0.00,100985.59,0.00,0.00,545.12,1123.12,0.00,2021.00,0.00
2757,E,Mousse,炸毛,No Module,9.77,0.00,83256.32,0.00,0.00,1800.00,1800.00,0.00,2345.00,0.00
2758,E,FEater,铁意六合,No Module,9.75,25500.00,0.00,0.00,0.00,1800.00,1800.00,0.00,1845.00,0.00
2759,E,Mantra,共鸣溃缩,PRI-X: 中枢神经探测模块,9.72,0.00,0.00,0.00,216874.67,971.92,197.43,0.00,1573.00,0.00
2760,E,Ch'en the Holungday,“堇青之夜”,RPR-Y: 假期的最后一天,9.71,52388.08,0.00,0.00,0.00,246.36,991.17,0.00,2681.00,0.00
2761,E,Mousse,RAW,AFT-X: 美爪套装二象性,9.70,0.00,75091.97,0.00,0.00,1800.00,1800.00,0.00,2565.00,0.00
2762,E,Firewhistle,野火,No Module,9.68,29635.50,0.00,0.00,0.00,753.82,1800.00,0.00,2983.00,0.00
2763,E,Aosta,迅捷打击·γ型,RPR-X: 逃亡路上的应急小包,9.68,109591.79,0.00,0.00,0.00,494.88,1800.00,0.00,2576.00,0.00
2764,E,Firewatch,RAW,DEA-Y: Field Sniper Equipment,9.65,89872.59,0.00,0.00,0.00,1800.00,1369.95,0.00,1580.00,0.00
2765,E,Bobbing,“此路不通”,RIT-X: 社工课程二手教材,9.64,0.00,43302.83,0.00,87542.00,1705.93,412.09,0.00,1305.00,0.00
2766,E,Meteor,碎甲击,MAR-X: Hunter's Knife,9.57,128774.40,0.00,0.00,0.00,1735.58,1800.00,0.00,1550.00,0.00
2767,E,Jackie,给你一拳！,No Module,9.54,97893.68,0.00,0.00,0.00,1800.00,1800.00,0.00,2378.00,0.00
2768,E,Tecno,RAW,No Module,9.53,0.00,41520.00,0.00,0.00,1800.00,1800.00,0.00,1655.00,0.00
2769,E,Mint,聚能涡旋,No Module,9.53,0.00,90182.40,0.00,0.00,592.68,1217.58,0.00,1945.00,0.00
2770,E,Ch'en the Holungday,RAW,No Module,9.49,52976.00,0.00,0.00,0.00,1170.20,1800.00,0.00,2501.00,0.00
2771,E,Ebenholz,RAW,MSC-D: Lineage of Decay,9.46,0.00,126187.20,0.00,0.00,1800.00,901.29,0.00,1678.00,0.00
2772,E,Executor,最终旅程,RPR-X: 执行者随身包,9.45,146371.20,0.00,0.00,0.00,351.81,1343.63,0.00,2330.00,0.00
2773,E,Rope,复式勾爪,HOK-X: Tin Casket,9.41,28073.25,0.00,0.00,0.00,1800.00,1800.00,0.00,1920.00,0.00
2774,E,Grain Buds,乡音沉沉,No Module,9.38,0.00,57237.89,0.00,0.00,1800.00,1381.04,0.00,1260.00,0.00
2775,E,Amiya,RAW,No Module,9.36,0.00,48960.00,0.00,0.00,1800.00,1642.13,0.00,1480.00,0.00
2776,E,Rope,勾爪发射,HOK-X: Tin Casket,9.33,56830.08,0.00,0.00,0.00,1800.00,1800.00,0.00,1920.00,0.00
2777,E,Chestnut,积微成著,No Module,9.31,0.00,0.00,0.00,0.00,1800.00,1800.00,42312.28,1137.00,0.00
2778,E,Andreana,RAW,DEA-X: Gunsmithing Toolkit,9.30,83425.42,0.00,0.00,0.00,1800.00,1800.00,0.00,1619.00,0.00
2779,E,Lunacub,RAW,DEA-Y: 'A Hidey-Hole That Moves',9.30,80200.00,0.00,0.00,0.00,1800.00,1800.00,0.00,1696.00,0.00
2780,E,Mantra,共鸣溃缩,No Module,9.27,0.00,0.00,0.00,216874.67,971.92,197.43,0.00,1428.00,0.00
2781,E,Beagle,防御力强化·α型,No Module,9.27,1966.67,0.00,0.00,0.00,1800.00,1800.00,0.00,2035.00,0.00
2782,E,Insider,“解决麻烦”,No Module,9.22,125347.20,0.00,0.00,0.00,1800.00,1800.00,0.00,1440.00,0.00
2783,E,Warmy,RAW,PRI-X: 赠别之味,9.22,0.00,0.00,0.00,83000.00,1800.00,583.95,0.00,1438.00,0.00
2784,E,Mayer,RAW,No Module,9.20,0.00,35440.00,0.00,0.00,1800.00,1800.00,0.00,1070.00,0.00
2785,E,Popukar,RAW,No Module,9.13,17595.00,0.00,0.00,0.00,1800.00,1800.00,0.00,2006.64,0.00
2786,E,Cutter,绯红刺刀,SWO-Y: Replaceable Tool Set,9.12,80256.18,0.00,0.00,0.00,471.39,1800.00,0.00,2470.00,0.00
2787,E,Plume,RAW,No Module,9.09,16254.00,0.00,0.00,0.00,1800.00,1800.00,0.00,1226.00,0.00
2788,E,Record Keeper,一点关窍,No Module,9.05,0.00,0.00,0.00,0.00,1800.00,1800.00,43588.87,1580.00,0.00
2789,E,Miss.Christine,狂饮之宴,No Module,9.05,0.00,55072.06,0.00,37734.38,775.40,585.88,0.00,1324.00,0.00
2790,E,Amiya,战术咏唱·γ型,CCR-Y: DWDB-221E,9.03,0.00,76792.00,0.00,0.00,1800.00,1035.09,0.00,1630.00,0.00
2791,E,Warmy,RAW,No Module,8.98,0.00,0.00,0.00,83000.00,1800.00,583.95,0.00,1358.00,0.00
2792,E,Thorns the Lodestar,解构涌潮,ALC-X: 三面的金币,8.95,0.00,0.00,0.00,0.00,1800.00,1800.00,28213.96,1094.00,0.00
2793,E,Erato,英雄赞歌,No Module,8.93,88683.33,0.00,0.00,0.00,413.65,958.83,0.00,1648.00,0.00
2794,E,Kjera,攻击力强化·γ型,FUN-Y: In the Woolen of Snow,8.93,0.00,120319.02,0.00,0.00,1800.00,904.26,0.00,1577.00,0.00
2795,E,Andreana,攻击力强化·γ型,No Module,8.91,88160.00,0.00,0.00,0.00,1800.00,1494.53,0.00,1498.00,0.00
2796,E,Manticore,蝎毒,AMB-X: Tail-Protection Training Tool,8.89,42512.91,0.00,0.00,0.00,1469.33,1800.00,0.00,1630.00,0.00
2797,E,Tecno,恣意挥洒,SOC-Y: 烧烤店官方优惠章,8.85,0.00,93073.64,0.00,0.00,1800.00,816.66,0.00,1655.00,0.00
2798,E,Kjera,RAW,FUN-Y: In the Woolen of Snow,8.82,0.00,94162.71,0.00,0.00,1800.00,1164.72,0.00,1577.00,0.00
2799,E,Caper,强力击·β型,LPS-X: 暖意的归宿,8.79,163310.93,0.00,0.00,0.00,1800.00,1800.00,0.00,2380.00,0.00
2800,E,Lunacub,狩猎时刻,DEA-Y: 'A Hidey-Hole That Moves',8.73,133096.00,0.00,0.00,0.00,1800.00,1410.27,0.00,1696.00,0.00
2801,E,Rope,复式勾爪,No Module,8.73,26314.00,0.00,0.00,0.00,1800.00,1800.00,0.00,1720.00,0.00
2802,E,Miss.Christine,RAW,No Module,8.71,0.00,52325.00,0.00,37734.38,1800.00,603.19,0.00,1324.00,0.00
2803,E,Erato,RAW,No Module,8.66,53800.00,0.00,0.00,0.00,753.60,1800.00,0.00,1648.00,0.00
2804,E,Mint,风语,PLX-X: Attention-holding Device,8.62,0.00,74260.48,0.00,0.00,1078.64,1800.00,0.00,2115.00,0.00
2805,E,Diamante,RAW,PRI-X: 凡石,8.54,0.00,0.00,0.00,62000.00,1800.00,793.63,0.00,1389.00,0.00
2806,E,Rope,勾爪发射,No Module,8.53,53419.80,0.00,0.00,0.00,1800.00,1800.00,0.00,1720.00,0.00
2807,E,Frostleaf,寒霜枪刃,No Module,8.53,57931.03,0.00,0.00,0.00,1800.00,1800.00,0.00,2260.00,0.00
2808,E,Chilchuck,开锁工具,No Module,8.45,31200.00,0.00,0.00,0.00,1800.00,1800.00,0.00,1880.00,0.00
2809,E,Ebenholz,RAW,No Module,8.34,0.00,115920.00,0.00,0.00,1800.00,984.10,0.00,1678.00,0.00
2810,E,Robin,束缚“夹子”,TRP-Y: Calendar the Limited Edition,8.32,115508.84,0.00,0.00,0.00,1800.00,1800.00,0.00,1627.00,0.00
2811,E,Robin,弹射“夹子”,TRP-Y: Calendar the Limited Edition,8.32,115508.84,0.00,0.00,0.00,1800.00,1800.00,0.00,1627.00,0.00
2812,E,Diamante,RAW,No Module,8.31,0.00,0.00,0.00,62000.00,1800.00,793.63,0.00,1309.00,0.00
2813,E,Firewatch,RAW,No Module,8.30,75451.85,0.00,0.00,0.00,1800.00,1800.00,0.00,1450.00,0.00
2814,E,Mousse,RAW,No Module,8.22,0.00,65945.60,0.00,0.00,1800.00,1800.00,0.00,2345.00,0.00
2815,E,Frost,击倒猎物,No Module,8.15,87789.84,0.00,0.00,0.00,1800.00,1800.00,0.00,1359.00,0.00
2816,E,Kazemaru,纸艺·迅击,No Module,8.11,128848.00,0.00,0.00,0.00,1800.00,1800.00,0.00,2609.20,0.00
2817,E,Bibeak,飞针剑羽,No Module,7.95,120409.01,0.00,0.00,0.00,1800.00,1800.00,0.00,2550.00,0.00
2818,E,Greyy,RAW,SPC-Y: New Beginning,7.94,0.00,46567.86,0.00,0.00,1351.09,1800.00,0.00,1707.00,6.67
2819,E,Rockrock,RAW,FUN-X: Unnamed Drone,7.91,0.00,42282.24,0.00,0.00,1800.00,1800.00,0.00,1548.00,0.00
2820,E,GreyThroat,回流,No Module,7.87,57614.99,0.00,0.00,0.00,1800.00,1800.00,0.00,1493.00,0.00
2821,E,Manticore,RAW,AMB-X: Tail-Protection Training Tool,7.87,42512.91,0.00,0.00,0.00,1469.33,1800.00,0.00,1630.00,0.00
2822,E,Dobermann,强力击·β型,No Module,7.84,89003.96,0.00,0.00,0.00,1800.00,1800.00,0.00,2024.00,0.00
2823,E,Aphrissa,临界瞬爆,BLA-Y: 第三相态,7.83,0.00,125326.08,0.00,0.00,421.84,848.86,0.00,1860.00,0.00
2824,E,Cement,RAW,HES-X: Engineering Recorder,7.81,109106.25,0.00,0.00,0.00,1800.00,1800.00,0.00,4496.30,0.00
2825,E,Rockrock,自负此轭,No Module,7.74,0.00,62322.22,0.00,0.00,1800.00,1283.09,0.00,1468.00,0.00
2826,E,Ling,笑鸣瑟,No Module,7.73,0.00,64893.71,0.00,0.00,1800.00,1230.95,0.00,1618.50,0.00
2827,E,Melantha,RAW,No Module,7.73,29822.40,0.00,0.00,0.00,1800.00,1800.00,0.00,2745.00,0.00
2828,E,Vermeil,攻击力强化·β型,No Module,7.72,59844.10,0.00,0.00,0.00,1800.00,1800.00,0.00,1230.00,0.00
2829,E,Mostima,序时之匙,SPC-X: 资深万国信使定制斗篷,7.72,0.00,102355.39,0.00,0.00,536.15,1118.94,0.00,2021.00,0.00
2830,E,Vermeil,双弦开弓,No Module,7.71,49298.46,0.00,0.00,0.00,1800.00,1800.00,0.00,1230.00,0.00
2831,E,Ch'en the Holungday,高压冲击,RPR-X: 沙滩战斗套装,7.61,122303.84,0.00,0.00,0.00,433.87,1800.00,0.00,2501.00,0.00
2832,E,Bryophyta,强力击·β型,No Module,7.54,74664.33,0.00,0.00,0.00,1800.00,1800.00,0.00,1900.00,0.00
2833,E,Mostima,RAW,SPC-X: 资深万国信使定制斗篷,7.53,0.00,57991.72,0.00,0.00,1056.25,1800.00,0.00,2021.00,0.00
2834,E,Akafuyu,信影流·雷刀之势,No Module,7.52,128172.36,0.00,0.00,0.00,1800.00,1800.00,0.00,3635.00,0.00
2835,E,Thorns the Lodestar,解构涌潮,No Module,7.51,0.00,0.00,0.00,0.00,1800.00,1800.00,22046.00,1094.00,0.00
2836,E,Frostleaf,凝冰枪刃,No Module,7.51,46344.83,0.00,0.00,0.00,1800.00,1800.00,0.00,2260.00,0.00
2837,E,Kroos,RAW,No Module,7.50,19200.00,0.00,0.00,0.00,1800.00,1800.00,0.00,1074.00,0.00
2838,E,Amiya,战术咏唱·γ型,No Module,7.48,0.00,70992.00,0.00,0.00,1800.00,1122.37,0.00,1480.00,0.00
2839,E,Orchid,RAW,No Module,7.32,0.00,27757.14,0.00,0.00,1800.00,1800.00,0.00,1117.00,0.00
2840,E,Rathalos S Noir Corne,气刃兜割,No Module,7.30,175239.71,0.00,0.00,0.00,1800.00,1800.00,0.00,3518.00,0.00
2841,E,Adnachiel,RAW,No Module,7.29,11232.00,0.00,0.00,0.00,1800.00,1800.00,0.00,1080.00,0.00
2842,E,Silence,医疗无人机,No Module,7.27,0.00,0.00,0.00,0.00,1800.00,1800.00,30848.00,1595.00,42.00
2843,E,Blacknight,RAW,TAC-X: The Stars and The Sleepyhead,7.24,57615.30,0.00,0.00,0.00,1800.00,1800.00,0.00,1775.00,0.00
2844,E,Rockrock,RAW,No Module,7.20,0.00,33083.08,0.00,0.00,1800.00,1800.00,0.00,1468.00,0.00
2845,E,Bobbing,“此路不通”,No Module,7.16,0.00,40151.89,0.00,36851.49,1800.00,792.16,0.00,1305.00,0.00
2846,E,Ju,RAW,No Module,7.13,63250.00,0.00,0.00,0.00,907.79,1800.00,0.00,1600.00,0.00
2847,E,Aciddrop,RAW,"ARC-X: 'Freedom, Onion Rings, and Me'",7.11,68512.50,0.00,0.00,0.00,1800.00,1800.00,0.00,1576.00,0.00
2848,E,Pudding,RAW,CHA-Y: Portable Electrical Measuring Equipment,7.06,0.00,39906.28,0.00,0.00,1373.08,1800.00,0.00,1456.00,3.33
2849,E,Andreana,RAW,No Module,6.99,52017.78,0.00,0.00,0.00,1800.00,1800.00,0.00,1498.00,0.00
2850,E,Manticore,蝎毒,No Module,6.98,24401.31,0.00,0.00,0.00,1800.00,1800.00,0.00,1630.00,0.00
2851,E,Yukari Takeba,明镜止水,RAN-X: 命运的奖赏,6.91,0.00,72110.48,0.00,0.00,1297.09,1601.95,0.00,1670.00,0.00
2852,E,GreyThroat,飞羽,MAR-Y: Reflection of a Mother's Love,6.86,95190.39,0.00,0.00,0.00,1800.00,1800.00,0.00,1673.00,0.00
2853,E,Kichisei,RAW,RPR-X: 可疑的宣传页,6.80,94640.00,0.00,0.00,0.00,589.97,1800.00,0.00,2500.00,0.00
2854,E,Lunacub,RAW,No Module,6.77,46054.90,0.00,0.00,0.00,1800.00,1800.00,0.00,1536.00,0.00
2855,E,Aciddrop,RAW,No Module,6.74,62531.25,0.00,0.00,0.00,1800.00,1800.00,0.00,1576.00,0.00
2856,E,Robin,束缚“夹子”,No Module,6.67,101213.91,0.00,0.00,0.00,1800.00,1800.00,0.00,1442.00,0.00
2857,E,Robin,弹射“夹子”,No Module,6.67,101213.91,0.00,0.00,0.00,1800.00,1800.00,0.00,1442.00,0.00
2858,E,Meteor,碎甲击,No Module,6.64,101990.40,0.00,0.00,0.00,1800.00,1800.00,0.00,1370.00,0.00
2859,E,Iris,RAW,MSC-X: Castle Pop-Up Book,6.55,0.00,81246.72,0.00,0.00,1800.00,976.50,0.00,1535.00,0.00
2860,E,Dusk,写意胜形,"SPC-Y: 'All Told, A Sleepless Night'",6.55,0.00,94527.09,0.00,0.00,590.82,1214.34,0.00,1801.00,0.00
2861,E,Pith,“书我所书”,No Module,6.53,0.00,90583.77,0.00,0.00,621.83,1149.64,0.00,1760.00,0.00
2862,E,Ju,良弓难张,SIE-X: 田间吓兽人,6.20,122233.83,0.00,0.00,0.00,412.50,1605.30,0.00,2595.00,0.00
2863,E,Cement,RAW,No Module,6.19,100912.50,0.00,0.00,0.00,1800.00,1800.00,0.00,4284.71,0.00
2864,E,Mostima,RAW,No Module,6.18,0.00,52915.86,0.00,0.00,1171.69,1800.00,0.00,1831.00,0.00
2865,E,Deepcolor,RAW,SUM-Y: Weird Palette,6.14,0.00,35040.00,0.00,0.00,1800.00,1800.00,0.00,1339.75,0.00
2866,E,Myrrh,医疗力场,No Module,6.14,0.00,0.00,0.00,0.00,1800.00,1800.00,50818.25,1420.00,0.00
2867,E,Manticore,RAW,No Module,6.11,24401.31,0.00,0.00,0.00,1800.00,1800.00,0.00,1630.00,0.00
2868,E,Caper,强力击·β型,No Module,6.08,141277.50,0.00,0.00,0.00,1800.00,1800.00,0.00,2200.00,0.00
2869,E,Tachanka,燃烧榴弹,SWO-X: Machinegun Rack,6.06,126203.08,0.00,0.00,0.00,1800.00,1800.00,0.00,2626.00,0.00
2870,E,Cardigan,生命回复·α型,No Module,6.00,2033.33,0.00,0.00,0.00,1800.00,1800.00,0.00,2385.60,0.00
2871,E,Insider,“不惹麻烦”,MAR-X: 'The First Surprise',5.99,111802.24,0.00,0.00,0.00,1800.00,1800.00,0.00,1600.00,0.00
2872,E,Mostima,攻击力强化·γ型,No Module,5.91,0.00,84665.38,0.00,0.00,674.48,1359.59,0.00,1831.00,0.00
2873,E,Yukari Takeba,明镜止水,No Module,5.87,0.00,67904.76,0.00,0.00,1386.27,1703.16,0.00,1510.00,0.00
2874,E,Harmonie,RAW,MSC-X: The Spy's Dossiers,5.85,0.00,70773.33,0.00,0.00,1800.00,1125.94,0.00,1546.00,0.00
2875,E,Aphrissa,RAW,No Module,5.78,0.00,54372.41,0.00,0.00,743.99,1381.21,0.00,1660.00,0.00
2876,E,Iris,RAW,No Module,5.75,0.00,71981.23,0.00,0.00,1800.00,1106.49,0.00,1535.00,0.00
2877,E,April,精准射击,MAR-Y: Hi-Fi Headset,5.67,85924.80,0.00,0.00,0.00,1800.00,1800.00,0.00,1470.00,0.00
2878,E,Meteor,碎甲击·扩散,MAR-X: Hunter's Knife,5.66,105450.00,0.00,0.00,0.00,1800.00,1800.00,0.00,1550.00,0.00
2879,E,Pedro,标记射击,No Module,5.65,0.00,91073.06,0.00,0.00,1800.00,1252.89,0.00,1580.00,0.00
2880,E,Greyy,RAW,No Module,5.64,0.00,30852.41,0.00,0.00,1425.75,1800.00,0.00,1537.00,4.00
2881,E,Jieyun,掷旧尘,ART-Y: Pebbles,5.55,93115.00,0.00,0.00,0.00,570.14,1800.00,0.00,1830.00,0.00
2882,E,Deepcolor,光影之触,SUM-Y: Weird Palette,5.49,0.00,85410.00,0.00,0.00,1800.00,1767.38,0.00,2039.75,0.00
2883,E,La Pluma,高速切割,REA-X: Aqua Blue Dawn,5.48,43478.12,0.00,0.00,0.00,483.57,1800.00,0.00,2490.00,0.00
2884,E,Tecno,恣意挥洒,No Module,5.39,0.00,71968.00,0.00,0.00,1800.00,1064.48,0.00,1655.00,0.00
2885,E,Deepcolor,RAW,No Module,5.25,0.00,32240.00,0.00,0.00,1800.00,1800.00,0.00,1075.00,0.00
2886,E,Hibiscus,RAW,No Module,5.24,0.00,0.00,0.00,0.00,1800.00,1800.00,20917.89,1220.00,0.00
2887,E,Harmonie,RAW,No Module,5.24,0.00,63744.00,0.00,0.00,1800.00,1253.74,0.00,1546.00,0.00
2888,E,Cutter,红移,No Module,5.16,127746.84,0.00,0.00,0.00,1800.00,1800.00,0.00,2320.00,0.00
2889,E,Dusk,写意胜形,SPC-X: Untitled Scroll,5.11,0.00,89371.41,0.00,0.00,631.90,1286.28,0.00,1991.00,0.00
2890,E,Aurora,固守家园,No Module,5.05,112687.50,0.00,0.00,0.00,1800.00,1800.00,0.00,5436.45,0.00
2891,E,Firewatch,战术电台,DEA-Y: Field Sniper Equipment,5.04,101498.83,0.00,0.00,0.00,1302.53,1031.31,0.00,1580.00,0.00
2892,E,Jieyun,探前路,No Module,4.95,88555.89,0.00,0.00,0.00,605.80,1800.00,0.00,1650.00,0.00
2893,E,Ansel,RAW,No Module,4.91,0.00,0.00,0.00,0.00,1800.00,1800.00,20322.81,1135.00,0.00
2894,E,Warfarin,紧急包扎,No Module,4.89,0.00,0.00,0.00,0.00,1800.00,1800.00,40754.39,1900.00,0.00
2895,E,Minimalist,RAW,FUN-Y: 'New Home',4.85,0.00,36486.15,0.00,0.00,1800.00,1800.00,0.00,1500.00,0.00
2896,E,Cutter,绯红刺刀,No Module,4.83,59106.88,0.00,0.00,0.00,599.85,1800.00,0.00,2320.00,0.00
2897,E,Blacknight,RAW,No Module,4.80,12780.00,0.00,0.00,0.00,1800.00,1800.00,0.00,1625.00,0.00
2898,E,Blue Poison,二重射击·自动,MAR-Y: Standard Color Chart,4.79,81237.33,0.00,0.00,0.00,1800.00,1800.00,0.00,1230.00,0.00
2899,E,Utage,RAW,No Module,4.77,52400.00,0.00,0.00,0.00,1800.00,1800.00,0.00,3444.00,0.00
2900,E,Bobbing,非和平劝说,RIT-X: 社工课程二手教材,4.72,0.00,43610.67,0.00,87670.27,1699.81,410.94,0.00,1305.00,0.00
2901,E,Ch'en the Holungday,“堇青之夜”,RPR-X: 沙滩战斗套装,4.69,35002.78,0.00,0.00,0.00,389.81,1678.66,0.00,2501.00,0.00
2902,E,Totter,RAW,No Module,4.67,53600.00,0.00,0.00,0.00,757.00,1800.00,0.00,1550.00,0.00
2903,E,Kichisei,欢迎您来！,RPR-X: 可疑的宣传页,4.67,98987.86,0.00,0.00,0.00,558.64,1800.00,0.00,2500.00,0.00
2904,E,Mint,RAW,PLX-X: Attention-holding Device,4.66,0.00,0.00,0.00,0.00,1800.00,1800.00,0.00,2115.00,0.00
2905,E,Dusk,泼墨淋漓,SPC-X: Untitled Scroll,4.66,0.00,111526.89,0.00,0.00,484.73,982.57,0.00,2986.50,0.00
2906,E,Kjera,RAW,No Module,4.62,0.00,33434.58,0.00,0.00,1800.00,1800.00,0.00,1475.00,0.00
2907,E,Rockrock,战术咏唱·γ型,FUN-X: Unnamed Drone,4.53,0.00,60403.20,0.00,0.00,1800.00,1324.89,0.00,1548.00,0.00
2908,E,Dusk,泼墨淋漓,"SPC-Y: 'All Told, A Sleepless Night'",4.51,0.00,116093.85,0.00,0.00,462.06,943.16,0.00,2701.50,0.00
2909,E,Click,RAW,FUN-Y: Big Feline Desensitization Experiment,4.42,0.00,52224.00,0.00,0.00,1800.00,1537.48,0.00,1440.00,0.00
2910,E,Minimalist,RAW,No Module,4.31,0.00,31704.62,0.00,0.00,1800.00,1800.00,0.00,1400.00,0.00
2911,E,Mitm,RAW,No Module,4.26,17550.00,0.00,0.00,0.00,1800.00,1800.00,0.00,1370.00,0.00
2912,E,April,精准射击,No Module,4.22,71928.00,0.00,0.00,0.00,1800.00,1800.00,0.00,1280.00,0.00
2913,E,Lutonada,强磁防卫,No Module,4.15,49000.00,0.00,0.00,0.00,1540.50,1800.00,0.00,1230.00,0.00
2914,E,Midnight,武器附魔·α型,No Module,4.12,23162.51,0.00,0.00,0.00,1800.00,1800.00,0.00,1653.00,0.00
2915,E,Ebenholz,荒芜回响,MSC-Y: 'Theory Expositor',4.11,0.00,200242.90,0.00,0.00,1593.98,549.63,0.00,1853.00,0.00
2916,E,Lutonada,强力击·β型,No Module,4.09,107050.05,0.00,0.00,0.00,1800.00,1800.00,0.00,4189.00,0.00
2917,E,Tachanka,燃烧榴弹,No Module,4.09,102502.56,0.00,0.00,0.00,1800.00,1800.00,0.00,2626.00,0.00
2918,E,Blue Poison,二重射击·自动,No Module,3.79,66133.33,0.00,0.00,0.00,1800.00,1800.00,0.00,1230.00,0.00
2919,E,La Pluma,高速切割,No Module,3.76,34970.94,0.00,0.00,0.00,626.46,1800.00,0.00,2250.00,0.00
2920,E,Deepcolor,光影之触,No Module,3.71,0.00,78585.00,0.00,0.00,1800.00,1800.00,0.00,1750.00,0.00
2921,E,Warfarin,不稳定血浆,No Module,3.53,0.00,0.00,0.00,0.00,1800.00,1800.00,33454.04,1565.60,0.00
2922,E,Click,RAW,No Module,3.49,0.00,34737.23,0.00,0.00,1800.00,1800.00,0.00,1440.00,0.00
2923,E,Bobbing,非和平劝说,No Module,3.45,0.00,40437.33,0.00,42637.60,1800.00,717.54,0.00,1305.00,0.00
2924,E,Minimalist,迅捷打击·γ型,FUN-Y: 'New Home',3.42,0.00,55258.28,0.00,0.00,1800.00,1205.69,0.00,1500.00,0.00
2925,E,GreyThroat,飞羽,No Module,3.40,49709.04,0.00,0.00,0.00,1800.00,1800.00,0.00,1493.00,0.00
2926,E,Insider,“不惹麻烦”,No Module,3.31,84670.08,0.00,0.00,0.00,1800.00,1800.00,0.00,1440.00,0.00
2927,E,Jieyun,RAW,No Module,3.21,51876.79,0.00,0.00,0.00,1139.64,1800.00,0.00,1650.00,0.00
2928,E,Astgenne,星束交汇,CHA-Y: Unassembled Clock,3.19,0.00,67489.97,0.00,0.00,1089.22,1628.37,0.00,1560.00,3.33
2929,E,Meteor,碎甲击·扩散,No Module,3.16,82200.00,0.00,0.00,0.00,1800.00,1800.00,0.00,1370.00,0.00
2930,E,Ethan,花式回旋,AMB-X: Super Spray Paint Suit,3.15,12908.57,0.00,0.00,0.00,1800.00,1800.00,0.00,1830.00,0.00
2931,E,Valarqvin,我见崩毁之前,No Module,3.13,0.00,43084.36,0.00,50427.71,1800.00,627.74,0.00,1099.00,0.00
2932,E,Record Keeper,触类旁通,No Module,2.95,0.00,0.00,0.00,0.00,1800.00,1800.00,37256.50,1580.00,0.00
2933,E,Lunacub,狩猎时刻,No Module,2.94,77196.55,0.00,0.00,0.00,1800.00,1800.00,0.00,1536.00,0.00
2934,E,Aosta,RAW,RPR-X: 逃亡路上的应急小包,2.80,66330.00,0.00,0.00,0.00,904.51,1800.00,0.00,2576.00,0.00
2935,E,Meteorite,RAW,No Module,2.78,61942.86,0.00,0.00,0.00,634.68,1800.00,0.00,1505.00,0.00
2936,E,Meteorite,霰射弹头,ART-Y: Tag of Nameless,2.74,138291.86,0.00,0.00,0.00,249.14,549.13,0.00,1685.00,0.00
2937,E,Totter,贯日,SIE-X: Snow Globe,2.56,125493.40,0.00,0.00,0.00,277.11,736.78,0.00,1550.00,0.00
2938,E,Grain Buds,竹笛飞声,DEC-X: On the Field,2.55,0.00,62886.14,0.00,0.00,1800.00,1269.46,0.00,1380.00,0.00
2939,E,Ascalon,追袭,AMB-X: 'Hidden Blade',2.55,29815.39,0.00,0.00,0.00,1800.00,1800.00,0.00,1893.00,0.00
2940,E,Rockrock,战术咏唱·γ型,No Module,2.38,0.00,47970.46,0.00,0.00,1800.00,1676.66,0.00,1468.00,0.00
2941,E,Ethan,RAW,AMB-X: Super Spray Paint Suit,2.36,12908.57,0.00,0.00,0.00,1800.00,1800.00,0.00,1830.00,0.00
2942,E,Erato,安眠旋律,SIE-X: Change of Ways,2.35,100664.78,0.00,0.00,0.00,356.64,486.09,0.00,1778.00,0.00
2943,E,Gitano,RAW,SPC-X: Travel Kit for the Fortune-Teller,2.30,0.00,89269.82,0.00,0.00,632.76,1287.78,0.00,2656.96,0.00
2944,E,Ascalon,追袭,AMB-Y: “阿斯卡纶的眼睛”,2.23,30842.33,0.00,0.00,0.00,1800.00,1800.00,0.00,1785.30,0.00
2945,E,Mostima,序时之匙,No Module,2.20,0.00,77204.24,0.00,0.00,755.17,1494.12,0.00,1831.00,0.00
2946,F,Ebenholz,渐快急板,MSC-Y: 'Theory Expositor',2.12,0.00,163012.21,0.00,0.00,1800.00,689.91,0.00,1853.00,0.00
2947,F,Firewatch,战术电台,No Module,1.92,85520.65,0.00,0.00,0.00,1559.89,1559.56,0.00,1450.00,0.00
2948,F,Ethan,花式回旋,No Module,1.91,11365.71,0.00,0.00,0.00,1800.00,1800.00,0.00,1530.00,0.00
2949,F,Greyy,战术咏唱·β型,SPC-Y: New Beginning,1.83,0.00,60427.34,0.00,0.00,1007.66,1800.00,0.00,1707.00,6.67
2950,F,Jessica,强力击·β型,MAR-Y: Jessica's Order,1.80,89057.70,0.00,0.00,0.00,1800.00,1800.00,0.00,1320.00,0.00
2951,F,Ch'en the Holungday,高压冲击,No Module,1.76,90904.53,0.00,0.00,0.00,619.21,1800.00,0.00,2501.00,0.00
2952,F,Minimalist,迅捷打击·γ型,No Module,1.54,0.00,48016.64,0.00,0.00,1800.00,1392.46,0.00,1400.00,0.00
2953,F,Iris,梦乡摇篮,MSC-X: Castle Pop-Up Book,1.52,0.00,95871.13,0.00,0.00,1174.83,808.10,0.00,1535.00,0.00
2954,F,Mint,风语,No Module,1.45,0.00,50845.70,0.00,0.00,1165.72,1800.00,0.00,1945.00,0.00
2955,F,Grain Buds,竹笛飞声,No Module,1.44,0.00,50506.11,0.00,0.00,1800.00,1584.64,0.00,1260.00,0.00
2956,F,Dusk,写意胜形,No Module,1.38,0.00,81098.94,0.00,0.00,711.24,1420.81,0.00,1801.00,0.00
2957,F,Ascalon,追袭,No Module,1.30,27799.54,0.00,0.00,0.00,1800.00,1800.00,0.00,1623.00,0.00
2958,F,Ethan,RAW,No Module,1.13,11365.71,0.00,0.00,0.00,1800.00,1800.00,0.00,1530.00,0.00
2959,F,Beeswax,沙暴扩散,No Module,1.12,0.00,75264.00,0.00,0.00,1062.29,1800.00,0.00,2807.00,0.00
2960,F,Executor,RAW,No Module,1.04,59500.00,0.00,0.00,0.00,1025.69,1800.00,0.00,2330.00,0.00
2961,F,Greyy,静电释放,SPC-Y: New Beginning,1.02,0.00,57211.94,0.00,0.00,1072.66,1800.00,0.00,1707.00,8.00
2962,F,Pudding,战术咏唱·β型,CHA-Y: Portable Electrical Measuring Equipment,1.00,0.00,51783.15,0.00,0.00,1024.69,1550.84,0.00,1456.00,3.33
2963,F,Shaw,高压水炮,No Module,0.99,26568.00,0.00,0.00,0.00,1800.00,1800.00,0.00,1785.00,0.00
2964,F,Humus,固废切割,REA-X: Badlands Exotic Toolkit,0.93,39574.94,0.00,0.00,0.00,536.94,1800.00,0.00,2350.00,0.00
2965,F,Mint,RAW,No Module,0.90,0.00,0.00,0.00,0.00,1800.00,1800.00,0.00,1945.00,0.00
2966,F,Beanstalk,RAW,No Module,0.87,9450.00,0.00,0.00,0.00,1800.00,1800.00,0.00,1569.00,0.00
2967,F,Dusk,泼墨淋漓,No Module,0.82,0.00,101027.82,0.00,0.00,544.84,1087.89,0.00,2701.50,0.00
2968,F,Shaw,水蒸气泵,No Module,0.78,25176.00,0.00,0.00,0.00,1800.00,1800.00,0.00,1785.00,0.00
2969,F,Plume,迅捷打击·α型,No Module,0.77,21780.38,0.00,0.00,0.00,1800.00,1800.00,0.00,1226.00,0.00
2970,F,Podenco,孢子扩散,DEC-X: 'Amaranthine Nursery',0.75,0.00,45911.04,0.00,0.00,1800.00,1753.31,0.00,1273.00,0.00
2971,F,Kirara,锚击,No Module,0.67,53857.71,0.00,0.00,0.00,1541.82,1800.00,0.00,2848.00,0.00
2972,F,Ботани,谐波破坏,RIT-X: 昨日、今日、明日,0.55,0.00,39842.95,0.00,43442.61,1800.00,620.74,0.00,1225.00,0.00
2973,F,Indigo,RAW,MSC-X: Staff Maintenance Kit,0.51,0.00,52626.77,0.00,0.00,1800.00,1525.47,0.00,1435.00,0.00
2974,F,Ebenholz,荒芜回响,MSC-X: Originium Dice Case,0.47,0.00,172367.52,0.00,0.00,1800.00,647.18,0.00,1678.00,0.00
2975,F,Meteorite,高爆弹头,ART-Y: Tag of Nameless,0.44,68785.71,0.00,0.00,0.00,184.20,353.24,0.00,1685.00,0.00
2976,F,Gitano,战术咏唱·β型,SPC-X: Travel Kit for the Fortune-Teller,0.37,0.00,109934.13,0.00,0.00,493.06,1039.51,0.00,2656.96,0.00
2977,F,Popukar,攻击力强化·α型,No Module,0.37,23782.50,0.00,0.00,0.00,1800.00,1800.00,0.00,2006.64,0.00
2978,F,Aciddrop,扳机时刻,"ARC-X: 'Freedom, Onion Rings, and Me'",0.33,83947.50,0.00,0.00,0.00,1800.00,1800.00,0.00,1576.00,0.00
2979,F,Pinecone,RAW,RPR-X: 移动电箱,0.27,83120.00,0.00,0.00,0.00,690.03,1800.00,0.00,2200.00,0.00
2980,F,Steward,RAW,No Module,0.27,0.00,39856.00,0.00,0.00,1800.00,1800.00,0.00,1110.00,0.00
2981,F,Indigo,RAW,No Module,0.22,0.00,47616.00,0.00,0.00,1800.00,1689.38,0.00,1435.00,0.00
2982,F,Myrrh,二重治疗,No Module,0.14,0.00,0.00,0.00,0.00,1800.00,1800.00,41768.42,1420.00,0.00
2983,F,Melantha,攻击力强化·α型,No Module,0.09,37202.40,0.00,0.00,0.00,1800.00,1800.00,0.00,2745.00,0.00
2984,F,Ch'en the Holungday,“堇青之夜”,No Module,0.07,26187.83,0.00,0.00,0.00,549.12,1800.00,0.00,2501.00,0.00
2985,F,Humus,固废切割,No Module,0.06,37677.32,0.00,0.00,0.00,575.39,1800.00,0.00,2150.00,0.00
2986,F,Dusk,RAW,No Module,0.00,0.00,59410.43,0.00,0.00,1027.46,1800.00,0.00,1801.00,0.00
2987,F,Dusk,RAW,SPC-X: Untitled Scroll,0.00,0.00,65854.23,0.00,0.00,912.15,1757.19,0.00,1991.00,0.00
2988,F,Dusk,RAW,"SPC-Y: 'All Told, A Sleepless Night'",0.00,0.00,69247.45,0.00,0.00,859.93,1669.51,0.00,1801.00,0.00
2989,F,Dusk,工笔入化,No Module,0.00,0.00,92086.16,0.00,0.00,609.71,1246.57,0.00,1801.00,0.00
2990,F,Dusk,工笔入化,SPC-X: Untitled Scroll,0.00,0.00,102074.06,0.00,0.00,537.97,1121.37,0.00,1991.00,0.00
2991,F,Dusk,工笔入化,"SPC-Y: 'All Told, A Sleepless Night'",0.00,0.00,105602.36,0.00,0.00,516.95,1080.95,0.00,1801.00,0.00
2992,F,Ebenholz,渐快急板,No Module,0.00,0.00,114365.87,0.00,0.00,1800.00,997.93,0.00,1678.00,0.00
2993,F,Ebenholz,渐快急板,MSC-X: Originium Dice Case,0.00,0.00,135377.42,0.00,0.00,1800.00,837.80,0.00,1678.00,0.00
2994,F,Ebenholz,渐快急板,MSC-D: Lineage of Decay,0.00,0.00,124495.42,0.00,0.00,1800.00,914.00,0.00,1678.00,0.00
2995,F,Ebenholz,荒芜回响,No Module,0.00,0.00,146175.12,0.00,0.00,1800.00,764.19,0.00,1678.00,0.00
2996,F,Ebenholz,荒芜回响,MSC-D: Lineage of Decay,0.00,0.00,159122.06,0.00,0.00,1800.00,699.19,0.00,1678.00,0.00
2997,F,Mostima,荒时之锁,No Module,0.00,0.00,56373.03,0.00,0.00,1090.83,1800.00,0.00,1831.00,0.00
2998,F,Mostima,荒时之锁,SPC-X: 资深万国信使定制斗篷,0.00,0.00,64657.44,0.00,0.00,931.86,1779.92,0.00,2021.00,0.00
2999,F,Aosta,RAW,No Module,0.00,39100.00,0.00,0.00,0.00,1636.02,1800.00,0.00,2376.00,0.00
3000,F,Aosta,迅捷打击·γ型,No Module,0.00,68351.95,0.00,0.00,0.00,873.22,1800.00,0.00,2376.00,0.00
3001,F,Aosta,影钉,No Module,0.00,50016.79,0.00,0.00,0.00,1248.02,1800.00,0.00,2376.00,0.00
3002,F,Aosta,影钉,RPR-X: 逃亡路上的应急小包,0.00,80845.04,0.00,0.00,0.00,713.98,1800.00,0.00,2576.00,0.00
3003,F,Astgenne,RAW,No Module,0.00,0.00,31905.39,0.00,0.00,1516.07,1800.00,0.00,1440.00,0.00
3004,F,Astgenne,双端导流,No Module,0.00,0.00,33786.99,0.00,0.00,1423.79,1800.00,0.00,1440.00,3.33
3005,F,Astgenne,双端导流,CHA-Y: Unassembled Clock,0.00,0.00,61526.42,0.00,0.00,1209.00,1797.93,0.00,1560.00,3.33
3006,F,Astgenne,星束交汇,No Module,0.00,0.00,37010.25,0.00,0.00,1287.37,1800.00,0.00,1440.00,0.00
3007,F,Aurora,人工降雪,No Module,0.00,112687.50,0.00,0.00,0.00,1800.00,1800.00,0.00,5436.45,0.00
3008,F,Beeswax,RAW,No Module,0.00,0.00,0.00,0.00,0.00,1800.00,1800.00,0.00,2807.00,0.00
3009,F,Cement,突破矿层,No Module,0.00,70200.00,0.00,0.00,0.00,1800.00,1800.00,0.00,4284.71,0.00
3010,F,Cement,突破矿层,HES-X: Engineering Recorder,0.00,85431.00,0.00,0.00,0.00,1601.03,1800.00,0.00,4496.30,0.00
3011,F,Cement,结构加固,No Module,0.00,100912.50,0.00,0.00,0.00,1800.00,1800.00,0.00,4284.71,0.00
3012,F,Ceylon,集中式水疗,No Module,0.00,0.00,0.00,0.00,0.00,1800.00,1800.00,35818.98,1455.00,0.00
3013,F,Corroserum,RAW,No Module,0.00,0.00,33544.83,0.00,0.00,1299.87,1800.00,0.00,1572.00,0.00
3014,F,Corroserum,RAW,BLA-X: Unerasable,0.00,0.00,57230.34,0.00,0.00,1072.27,1800.00,0.00,1762.00,0.00
3015,F,Erato,安眠旋律,No Module,0.00,72378.56,0.00,0.00,0.00,526.01,1156.61,0.00,1648.00,0.00
3016,F,Executor,铳口收束,No Module,0.00,83020.00,0.00,0.00,0.00,691.06,1800.00,0.00,2330.00,0.00
3017,F,Executor,最终旅程,No Module,0.00,67150.00,0.00,0.00,0.00,891.60,1800.00,0.00,2330.00,0.00
3018,F,Harmonie,轻巧舞步,No Module,0.00,0.00,62748.00,0.00,0.00,1800.00,1274.16,0.00,1546.00,0.00
3019,F,Harmonie,轻巧舞步,MSC-X: The Spy's Dossiers,0.00,0.00,69667.50,0.00,0.00,1800.00,1144.34,0.00,1546.00,0.00
3020,F,Harmonie,沉溺之灾,No Module,0.00,0.00,58432.00,0.00,0.00,1800.00,1370.69,0.00,1546.00,0.00
3021,F,Harmonie,沉溺之灾,MSC-X: The Spy's Dossiers,0.00,0.00,64875.56,0.00,0.00,1800.00,1231.30,0.00,1546.00,0.00
3022,F,Iris,童话守卫者,No Module,0.00,0.00,70856.52,0.00,0.00,1800.00,1124.58,0.00,1535.00,0.00
3023,F,Iris,童话守卫者,MSC-X: Castle Pop-Up Book,0.00,0.00,79977.24,0.00,0.00,1800.00,992.53,0.00,1535.00,0.00
3024,F,Iris,梦乡摇篮,No Module,0.00,0.00,84937.85,0.00,0.00,1344.64,916.50,0.00,1535.00,0.00
3025,F,Jieyun,掷旧尘,No Module,0.00,62439.54,0.00,0.00,0.00,921.55,1800.00,0.00,1650.00,0.00
3026,F,Ju,良弓难张,No Module,0.00,94105.00,0.00,0.00,0.00,562.84,1800.00,0.00,1600.00,0.00
3027,F,Kichisei,RAW,No Module,0.00,47789.00,0.00,0.00,0.00,1312.91,1800.00,0.00,2310.00,0.00
3028,F,Kichisei,欢迎您来！,No Module,0.00,51509.39,0.00,0.00,0.00,1207.66,1800.00,0.00,2310.00,0.00
3029,F,Kjera,攻击力强化·γ型,No Module,0.00,0.00,46099.20,0.00,0.00,1800.00,1523.75,0.00,1475.00,0.00
3030,F,Lava the Purgatory,RAW,No Module,0.00,0.00,48430.34,0.00,0.00,1231.11,1800.00,0.00,1543.00,0.00
3031,F,Lava the Purgatory,RAW,SPC-X: Sarkaz's Knife,0.00,0.00,52193.10,0.00,0.00,1131.84,1800.00,0.00,1708.00,0.00
3032,F,Lava the Purgatory,焰淬匕首,No Module,0.00,0.00,51981.90,0.00,0.00,1137.04,1800.00,0.00,1543.00,0.00
3033,F,Lava the Purgatory,焰淬匕首,SPC-X: Sarkaz's Knife,0.00,0.00,56020.60,0.00,0.00,1044.41,1800.00,0.00,1708.00,0.00
3034,F,Lava the Purgatory,狱火之环,No Module,0.00,0.00,48430.34,0.00,0.00,1231.11,1800.00,0.00,1543.00,0.00
3035,F,Lava the Purgatory,狱火之环,SPC-X: Sarkaz's Knife,0.00,0.00,52193.10,0.00,0.00,1131.84,1800.00,0.00,1708.00,0.00
3036,F,Leizi,RAW,No Module,0.00,0.00,39403.13,0.00,0.00,1392.43,1800.00,0.00,1443.00,0.00
3037,F,Leizi,攻击力强化·γ型,No Module,0.00,0.00,59104.70,0.00,0.00,878.98,1354.72,0.00,1443.00,0.00
3038,F,Leizi,初雷,No Module,0.00,0.00,60089.77,0.00,0.00,862.05,1331.97,0.00,1443.00,0.00
3039,F,Leonhardt,RAW,No Module,0.00,0.00,35483.37,0.00,0.00,1220.98,1800.00,0.00,1637.00,0.00
3040,F,Leonhardt,RAW,SPC-X: Inheritance and Development,0.00,0.00,58300.72,0.00,0.00,1049.86,1800.00,0.00,1792.00,0.00
3041,F,Leonhardt,攻击力强化·γ型,No Module,0.00,0.00,52542.68,0.00,0.00,775.42,1527.96,0.00,1637.00,0.00
3042,F,Leonhardt,攻击力强化·γ型,SPC-X: Inheritance and Development,0.00,0.00,85044.17,0.00,0.00,670.75,1353.39,0.00,1792.00,0.00
3043,F,Meteorite,霰射弹头,No Module,0.00,84134.31,0.00,0.00,0.00,439.81,1500.23,0.00,1505.00,0.00
3044,F,Meteorite,高爆弹头,No Module,0.00,43000.00,0.00,0.00,0.00,307.41,777.42,0.00,1505.00,0.00
3045,F,Minimalist,神工意匠,No Module,0.00,0.00,38299.18,0.00,0.00,1800.00,1800.00,0.00,1400.00,0.00
3046,F,Minimalist,神工意匠,FUN-Y: 'New Home',0.00,0.00,44075.27,0.00,0.00,1800.00,1595.20,0.00,1500.00,0.00
3047,F,Aciddrop,花式点射,No Module,0.00,78580.94,0.00,0.00,0.00,1800.00,1800.00,0.00,1576.00,0.00
3048,F,Aciddrop,花式点射,"ARC-X: 'Freedom, Onion Rings, and Me'",0.00,85260.00,0.00,0.00,0.00,1800.00,1800.00,0.00,1576.00,0.00
3049,F,Aciddrop,扳机时刻,No Module,0.00,76618.75,0.00,0.00,0.00,1800.00,1800.00,0.00,1576.00,0.00
3050,F,Akkord,RAW,No Module,0.00,0.00,35116.14,0.00,0.00,1235.26,1800.00,0.00,1528.00,0.00
3051,F,Akkord,RAW,BLA-X: 移动八音盒,0.00,0.00,49265.43,0.00,0.00,837.41,1631.75,0.00,1703.00,0.00
3052,F,Akkord,反拍重音,No Module,0.00,0.00,44281.45,0.00,0.00,948.93,1800.00,0.00,1528.00,0.00
3053,F,Akkord,反拍重音,BLA-X: 移动八音盒,0.00,0.00,62123.71,0.00,0.00,632.48,1277.25,0.00,1703.00,0.00
3054,F,Akkord,震爆调谐,No Module,0.00,0.00,42799.67,0.00,0.00,987.01,1800.00,0.00,1528.00,0.00
3055,F,Akkord,震爆调谐,BLA-X: 移动八音盒,0.00,0.00,58338.78,0.00,0.00,682.50,1372.93,0.00,1703.00,0.00
3056,F,Click,攻击力强化·β型,No Module,0.00,0.00,46316.31,0.00,0.00,1800.00,1737.69,0.00,1440.00,0.00
3057,F,Click,攻击力强化·β型,FUN-Y: Big Feline Desensitization Experiment,0.00,0.00,69632.00,0.00,0.00,1800.00,1144.94,0.00,1440.00,0.00
3058,F,Deepcolor,视觉陷阱,No Module,0.00,0.00,32240.00,0.00,0.00,1800.00,1800.00,0.00,1075.00,0.00
3059,F,Deepcolor,视觉陷阱,SUM-Y: Weird Palette,0.00,0.00,35040.00,0.00,0.00,1800.00,1800.00,0.00,1339.75,0.00
3060,F,Ethan,十字悬挂,No Module,0.00,18043.71,0.00,0.00,0.00,1800.00,1800.00,0.00,1530.00,0.00
3061,F,Ethan,十字悬挂,AMB-X: Super Spray Paint Suit,0.00,20126.57,0.00,0.00,0.00,1800.00,1800.00,0.00,1830.00,0.00
3062,F,Gitano,RAW,No Module,0.00,0.00,59995.90,0.00,0.00,1015.98,1800.00,0.00,1949.56,0.00
3063,F,Gitano,战术咏唱·β型,No Module,0.00,0.00,76299.13,0.00,0.00,766.01,1512.23,0.00,1949.56,0.00
3064,F,Gitano,命运,No Module,0.00,0.00,75647.00,0.00,0.00,773.98,1525.55,0.00,1949.56,78.26
3065,F,Greyy,战术咏唱·β型,No Module,0.00,0.00,40493.79,0.00,0.00,1051.73,1800.00,0.00,1537.00,4.00
3066,F,Greyy,静电释放,No Module,0.00,0.00,38256.99,0.00,0.00,1121.87,1800.00,0.00,1537.00,8.00
3067,F,Indigo,灯塔守卫者,No Module,0.00,0.00,51309.85,0.00,0.00,1800.00,1565.45,0.00,1435.00,0.00
3068,F,Indigo,灯塔守卫者,MSC-X: Staff Maintenance Kit,0.00,0.00,56709.34,0.00,0.00,1800.00,1413.31,0.00,1435.00,0.00
3069,F,Indigo,光影迷宫,No Module,0.00,0.00,44970.67,0.00,0.00,1800.00,1790.64,0.00,1435.00,0.00
3070,F,Indigo,光影迷宫,MSC-X: Staff Maintenance Kit,0.00,0.00,49703.06,0.00,0.00,1800.00,1617.10,0.00,1435.00,0.00
3071,F,Jessica,强力击·β型,No Module,0.00,59024.00,0.00,0.00,0.00,1800.00,1800.00,0.00,1320.00,0.00
3072,F,Mousse,挠伤,No Module,0.00,0.00,77486.08,0.00,0.00,1800.00,1800.00,0.00,2345.00,0.00
3073,F,Mousse,挠伤,AFT-X: 美爪套装二象性,0.00,0.00,88671.10,0.00,0.00,1800.00,1792.51,0.00,2565.00,0.00
3074,F,Pinecone,RAW,No Module,0.00,36700.00,0.00,0.00,0.00,1752.05,1800.00,0.00,2200.00,0.00
3075,F,Pinecone,RMA长钉,No Module,0.00,62009.20,0.00,0.00,0.00,978.12,1800.00,0.00,2200.00,0.00
3076,F,Pinecone,RMA长钉,RPR-X: 移动电箱,0.00,130771.40,0.00,0.00,0.00,401.64,1484.08,0.00,2200.00,0.00
3077,F,Podenco,孢子扩散,No Module,0.00,0.00,36791.24,0.00,0.00,1800.00,1800.00,0.00,1163.00,0.00
3078,F,Pudding,RAW,No Module,0.00,0.00,33179.83,0.00,0.00,1679.89,1800.00,0.00,1326.00,0.00
3079,F,Pudding,战术咏唱·β型,No Module,0.00,0.00,43548.52,0.00,0.00,1246.24,1800.00,0.00,1326.00,0.00
3080,F,Pudding,扩散电流,No Module,0.00,0.00,45345.76,0.00,0.00,1191.10,1732.53,0.00,1326.00,0.00
3081,F,Pudding,扩散电流,CHA-Y: Portable Electrical Measuring Equipment,0.00,0.00,52680.51,0.00,0.00,1004.69,1490.31,0.00,1456.00,3.33
3082,F,Shirayuki,RAW,No Module,0.00,35008.00,0.00,0.00,0.00,1239.52,1800.00,0.00,1630.00,0.00
3083,F,Shirayuki,RAW,ART-Y: Shuriken,0.00,44374.40,0.00,0.00,0.00,946.62,1800.00,0.00,1790.00,0.00
3084,F,Shirayuki,敌飙,No Module,0.00,35008.00,0.00,0.00,0.00,1239.52,1800.00,0.00,1630.00,0.00
3085,F,Shirayuki,敌飙,ART-Y: Shuriken,0.00,44374.40,0.00,0.00,0.00,946.62,1800.00,0.00,1790.00,0.00
3086,F,Shirayuki,凝武,No Module,0.00,35008.00,0.00,0.00,0.00,1239.52,1800.00,0.00,1630.00,0.00
3087,F,Shirayuki,凝武,ART-Y: Shuriken,0.00,44374.40,0.00,0.00,0.00,946.62,1800.00,0.00,1790.00,0.00
3088,F,Totter,贯日,No Module,0.00,75503.36,0.00,0.00,0.00,500.57,1800.00,0.00,1550.00,0.00
3089,F,Adnachiel,攻击力强化·α型,No Module,0.00,21744.00,0.00,0.00,0.00,1800.00,1800.00,0.00,1080.00,0.00
3090,F,Ansel,治疗范围强化,No Module,0.00,0.00,0.00,0.00,0.00,1800.00,1800.00,23709.94,1135.00,0.00
3091,F,Catapult,RAW,No Module,0.00,18114.29,0.00,0.00,0.00,1800.00,1800.00,0.00,1150.00,0.00
3092,F,Catapult,爆破范围提升·α型,No Module,0.00,18114.29,0.00,0.00,0.00,1800.00,1800.00,0.00,1150.00,0.00
3093,F,Hibiscus,治疗强化·α型,No Module,0.00,0.00,0.00,0.00,0.00,1800.00,1800.00,24791.58,1220.00,0.00
3094,F,Kroos,二连射·自动,No Module,0.00,33792.00,0.00,0.00,0.00,1800.00,1800.00,0.00,1074.00,0.00
3095,F,Lava,RAW,No Module,0.00,0.00,25688.28,0.00,0.00,1740.44,1800.00,0.00,1141.00,0.00
3096,F,Lava,战术咏唱·α型,No Module,0.00,0.00,29969.66,0.00,0.00,1471.90,1800.00,0.00,1141.00,0.00
3097,F,Orchid,迅捷打击·α型,No Module,0.00,0.00,32722.86,0.00,0.00,1800.00,1800.00,0.00,1117.00,0.00
3098,F,Steward,强力击·α型,No Module,0.00,0.00,46934.43,0.00,0.00,1800.00,1707.29,0.00,1110.00,0.00
3099,F,12F,RAW,No Module,0.00,0.00,19067.59,0.00,0.00,1800.00,1800.00,0.00,1461.00,0.00
3100,F,Ботани,谐波破坏,No Module,0.00,0.00,34997.89,0.00,39773.33,1800.00,693.36,0.00,1092.00,0.00
3101,F,Aphrissa,临界瞬爆,No Module,0.00,0.00,63072.00,0.00,0.00,621.16,1186.18,0.00,1660.00,0.00
